rank,source,source_id,pmid,pmcid,doi,title,authors,journal,publication_year,first_publication_date,publication_type,language,open_access,in_europe_pmc,in_pmc,cited_by_count,in_pubmed_candidate_union,fulltext_url
1,MED,42532543,42532543,,10.1183/13993003.00338-2026,Effect of nerandomilast on survival in patients with pulmonary fibrosis. ,"Oldham JM, Assassi S, Azuma A, Cottin V, Hoffmann-Vold AM, Kreuter M, Maher TM, Richeldi L, Valenzuela C, Wijsenbeek MS, Choy S, Gu H, Weimann G, Ritter I, Stowasser S, Zoz DF, Martinez FJ.",,2026,2026-07-30,,eng,N,N,N,0,yes,https://doi.org/10.1183/13993003.00338-2026
2,PPR,PPR1287428,,,10.64898/2026.07.27.740454,Compartmental Profiling of PDE4B in Systemic Sclerosis,"Hofman A, Bearzi P, Burckhardt S, Asadikorayam M, Laimbacher A, Iperi C, Elhai M, Bruni C, Struzenegger F, Assassi S, Much L, Hoffmann-Vold A, Burja B, Jarnigan HC, Whitfield ML, Becker MO, Li L, Stauffer P, Xu S, Wagner S, Illi Y, Gong Z, Pachera E, Distler O.",,2026,2026-07-28,,,N,N,N,0,no,https://doi.org/10.64898/2026.07.27.740454
3,MED,42521038,42521038,,10.1016/j.rmed.2026.109066,"Rheumatoid arthritis-associated interstitial lung disease: Pathogenesis, risk stratification, and management.","Gao R, Liu S, Song L.",,2026,2026-07-28,,eng,N,N,N,0,yes,https://doi.org/10.1016/j.rmed.2026.109066
4,MED,42516906,42516906,,10.1183/23120541.01619-2025,Pleuroparenchymal fibroelastosis-like findings identify an idiopathic pulmonary fibrosis subgroup with shortened telomeres and poor prognosis.,"Otoshi R, Kitamura H, Niwa T, Murohashi K, Oda T, Baba T, Hagiwara E, Iwasawa T, Takemura T, Okudela K, Nojima Y, Nakamura Y, Mizuguchi K, Natsume-Kitatani Y, Ogura T.",,2026,2026-07-27,,eng,N,N,N,0,yes,https://doi.org/10.1183/23120541.01619-2025
5,MED,42508943,42508943,,10.1136/rmdopen-2026-006943,Characteristics and outcomes of anti-Ku antibody-associated interstitial lung disease: a retrospective study of 60 patients.,"Robert M, Nguyen Y, Debray MP, Borie R, Uzunhan Y, Allenbach Y, Sacré K, Terrier B, Amoura Z, Comparon C, Dieudé P, Le Guern V, Morélot-Panzini C, Humbert M, Sitbon O, Goujard C, Bader-Meunier B, Fautrel B, Hadjadj J, Chrétien P, Roland-Nicaise P, Goulvestre C, Charuel JL, Benveniste O, Mouthon L, De Lastours V, Dusser P, Zaidan M, Aslangul E, Saillour M, Dingulu G, Chasset F, Bui-Quang T, Cadranel J, Nocturne G, Mariette X, Bitoun S, Brillet PY, Seror R.",,2026,2026-07-27,,eng,N,N,N,0,yes,https://doi.org/10.1136/rmdopen-2026-006943
6,MED,42508346,42508346,,10.1016/j.resinv.2026.101492,Nintedanib for non-IPF progressive pulmonary fibrosis: A systematic review and narrative synthesis of real-world effectiveness and safety.,"Srivali N, De Giacomi F.",,2026,2026-07-27,,eng,N,N,N,0,yes,https://doi.org/10.1016/j.resinv.2026.101492
7,MED,42493308,42493308,,10.1016/j.ard.2026.06.037,High-throughput plasma proteomics reveals circulating biomarkers of interstitial lung disease and progressive pulmonary fibrosis in systemic sclerosis.,"Gerges E, Cauvet A, Guedot M, Dahan M, Mairet M, Avouac J, Gobeaux C, Gautier EF, Gall ML, Clary G, Bébéar L, Truchetet ME, Mulipa P, Monterosso C, Ross RL, Kuwana M, Shirai Y, Molteni R, Campochiaro C, Matucci-Cerinic M, Iannone C, Galdo FD, Allanore Y.",,2026,2026-07-23,,eng,N,N,N,0,yes,https://doi.org/10.1016/j.ard.2026.06.037
8,MED,42486502,42486502,,10.1183/16000617.0095-2026,Selective phosphodiesterase 4B inhibition in fibrotic lung disease: a scoping review of vascular-immune mechanisms and extrapulmonary implications.,"Perrotta F, Mariniello DF, Pagliaro R, Bianco A.",,2026,2026-07-22,,eng,N,N,N,0,yes,https://doi.org/10.1183/16000617.0095-2026
9,PPR,PPR1282924,,,10.64898/2026.07.19.26358441,Radiomics of the Airway (RadAr): Multi-Scale Airway Phenotyping for Disease Characterization on Routine CT Imaging,"Mutha P, Lee J, Silva GL, Dreihuys B, Healy Z, Mummy D, Kaul B, Ram S, Tirouvanziam R, Guglani L, Madabhushi A.",,2026,2026-07-21,,,N,N,N,0,no,https://doi.org/10.64898/2026.07.19.26358441
10,MED,42470480,42470480,,10.1007/s00330-026-12741-y,A CT-based score for predicting histopathological usual interstitial pneumonia features and predicting disease progression in smokers with fibrotic idiopathic interstitial pneumonia.,"Egashira R, Fujimoto K, Kataoka K, Fukihara J, Yamada D, Hashisako M, Fujisawa T, Yamaguchi K, Nakazono T, Suda T, Kawaguchi A, Kondoh Y, Fukuoka J, Irie H, Johkoh T, Togao O, CRPJD research group.",,2026,2026-07-18,,eng,N,N,N,0,yes,https://doi.org/10.1007/s00330-026-12741-y
11,MED,42513486,42513486,,10.3390/jcm15145572,Beyond Diffusion Capacity: Continuous Exercise Oximetry Reveals Phenotype-Related Cardiopulmonary Signals in Idiopathic Pulmonary Fibrosis and Progressive Pulmonary Fibrosis-A eurILDreg Pilot Study.,"Tello S, Windhorst AC, Hamadi N, Guenther A, Krauss E.",,2026,2026-07-16,,eng,N,N,N,0,yes,https://doi.org/10.3390/jcm15145572
12,MED,42490950,42490950,,10.1177/87551225261466572,Precision Modulation of the PDE4 Pathway: The Emerging Role of Nerandomilast in Pulmonary Fibrosis.,"Bishop K, Santana JM, Dietrich E, Vascimini A.",,2026,2026-07-16,,eng,N,N,N,0,yes,https://doi.org/10.1177/87551225261466572
13,MED,42464208,42464208,,10.1186/s12890-026-04501-x,Progressive pulmonary fibrosis criteria predict mortality in treated idiopathic pulmonary fibrosis: a prospective cohort study.,"Wu YC, Wang CY, Shen YL, Hsu CY, Yu YH, Fu PK.",,2026,2026-07-16,,eng,N,N,N,0,yes,https://doi.org/10.1186/s12890-026-04501-x
14,MED,42458495,42458495,,10.1186/s12931-026-03809-w,Biomarker profiles in idiopathic and progressive pulmonary fibrosis after LPA&lt;sub&gt;1&lt;/sub&gt; antagonism: exploratory analysis from a phase 2 trial of admilparant.,"Maher TM, Kaminski N, Wang F, Funke-Chambour M, Wu C, Hu Y, Sharma S, Schafer P, Schaller M, Horan G.",,2026,2026-07-15,,eng,N,N,N,0,yes,https://doi.org/10.1186/s12931-026-03809-w
15,MED,42445231,42445231,,10.1183/23120541.01361-2025,"""Good health"" and care needs in idiopathic pulmonary fibrosis/progressive pulmonary fibrosis: the COCOS-IPF patient-led European focus groups.","Schenk S, Boyd J, Dobbels F, Delameillieure A, Breuls S, Somogyi V, Van Bulck L, Sen Bircan E, Toreyin N, Magafa E, Vogiatzaki E, Solheim J, Straede B, Simaels P, Galvin L, Tonia T, Mogulkoc N, Kreuter M, Wuyts WA, Jones S, Stenzel N.",,2026,2026-07-13,,eng,N,N,N,0,yes,https://doi.org/10.1183/23120541.01361-2025
16,MED,42443914,42443914,,10.1186/s12955-026-02585-x,Cough burden in progressive pulmonary fibrosis: a systematic review with narrative synthesis.,"Yu N, Yang S, Liang Z, Hu H, Zhang Y, Li L, Yu X.",,2026,2026-07-13,,eng,N,N,N,0,yes,https://doi.org/10.1186/s12955-026-02585-x
17,MED,42440242,42440242,,10.1007/s10067-026-08131-w,Clinical characteristics and factors associated with progressive pulmonary fibrosis in patients with systemic sclerosis-associated interstitial lung disease.,"Park HW, Park Y, Lee JJ, Ju JH, Kim WU, Park SH, Kwok SK.",,2026,2026-07-13,,eng,N,N,N,0,yes,https://doi.org/10.1007/s10067-026-08131-w
18,MED,41887669,41887669,,10.1183/13993003.01899-2025,Nerandomilast in progressive pulmonary fibrosis: data from the whole follow-up period of the FIBRONEER-ILD trial.,"Wijsenbeek MS, Assassi S, Azuma A, Cottin V, Hoffmann-Vold AM, Maher TM, Martinez FJ, Oldham JM, Richeldi L, Valenzuela C, Gu H, Ritter I, Stowasser S, Kreuter M, FIBRONEER-ILD Trial Investigators.",,2026,2026-07-09,,eng,N,N,N,0,yes,https://doi.org/10.1183/13993003.01899-2025
19,MED,42419778,42419778,,10.1183/16000617.0076-2026,Fibrotic chronic eosinophilic pneumonia: from inflammation to fibrosis and therapeutic implications.,"Previtero D, Castelli G, Padrin Y, Scalvenzi F, Ruzzon I, Cocconcelli E, Tinè M, Balestro E, Padoan R, Caminati M, Baraldo S, Spagnolo P, Semenzato U.",,2026,2026-07-08,,eng,N,N,N,0,yes,https://doi.org/10.1183/16000617.0076-2026
20,MED,42414578,42414578,,10.1038/s41598-026-61477-8,"Circulating inflammatory, redox, and apoptosis-related alterations in drug-naive idiopathic pulmonary fibrosis: an exploratory case-control study.","Kaya İ, Kaya B, Sezgin AK, Gündüz MK, Erbay Ü.",,2026,2026-07-07,,eng,N,N,N,0,yes,https://doi.org/10.1038/s41598-026-61477-8
21,MED,42413723,42413723,,10.1016/j.chest.2026.05.052,Longitudinal Mediastinal Lymph Node Dynamics Associate with Mortality and Fibrosis Progression in Fibrotic ILD.,"Adegunsoye A, Oldham JM, Aracena KA, Sickinger D, Ghasemiesfe A, Devaraj A, Pugashetti JV, Lee CT, Udofia I, Ventura IB, Bellam S, Thakrar K, Husain AN, Sperling AI, Noth I, Strek ME, Molyneaux PL, Chelala L, Chung JH.",,2026,2026-07-07,,eng,N,N,N,0,yes,https://doi.org/10.1016/j.chest.2026.05.052
22,MED,42409049,42409049,,10.1055/a-2883-1874,[Comparative analysis of drug therapy for fibrotic interstitial lung diseases based on results of phase 3 trials].,"Koschel D, Behr J, Bonella F.",,2026,2026-07-06,,ger,N,N,N,0,yes,https://doi.org/10.1055/a-2883-1874
23,MED,42405435,42405435,,10.1080/15563650.2026.2693680,Acute lung injury and progressive pulmonary fibrosis following chlorotrifluoroethylene inhalation: insights from a case.,"Sun Y, Liu Y, Wu M, Luo J, Wang D.",,2026,2026-07-06,,eng,N,N,N,0,yes,https://doi.org/10.1080/15563650.2026.2693680
24,MED,42390418,42390418,,10.1016/j.mayocp.2026.04.014,Advancing Pulmonary Fibrosis Care: Integrating Genomic Insights Into Clinical Practice.,"Del Valle KT, Kolbert KJ, Sikkink KJ, Gill CE, Kemppainen JL, LeMahieu AM, Alarcon-Calderon AD, Pennington KM, Kennedy CC, Limper AH, Ferrer A, Mangaonkar AA, Murphy Carmona DJ, Whalen DA, Baqir M, Kelm DJ, Zamora AC, Patnaik MS, Ortega VE, Pinto E Vairo F, Carmona EM.",,2026,2026-07-02,,eng,N,N,N,0,yes,https://doi.org/10.1016/j.mayocp.2026.04.014
25,MED,42085272,42085272,,10.1093/ajrccm/aamag103,A statistical model for lung function trajectory and mortality in patients with fibrotic interstitial lung disease.,"Wendelberger B, Jensen TP, Quintana M, Stewart I, Molyneaux PL, Maher TM, Oldham JM, Johnson SR, Fahy WA, Khan F, Saini G, Abdulqawi R, Allen R, Baldi BG, Chaudhuri N, Corte TJ, Cottin V, Funke-Chambour M, Glaspole I, Holland AE, Johannson KA, Khor YH, Kreuter M, Kulkarni T, Molina-Molina M, Martinez FJ, Montesi SB, Nathan SD, Piccari L, Rajan S, Rivera-Ortega P, Ryerson CJ, Sakamoto K, Wain LV, Wells AU, Adams W, Kawano-Dourado L, Jenkins RG, Lewis RJ, REMAP-ILD Consortium Investigators.",,2026,2026-07-01,,eng,N,N,N,0,yes,https://doi.org/10.1093/ajrccm/aamag103
26,MED,41824043,41824043,,10.1007/s00330-026-12363-4,Correction: Progressive pulmonary fibrosis.,"Bajwa R, Lancaster D, Desai SR, George PM.",,2026,2026-07-01,,eng,N,N,N,0,yes,https://doi.org/10.1007/s00330-026-12363-4
27,MED,42364821,42364821,,10.1016/j.bcp.2026.118204,IL-11 neutralizing antibodies alleviate pulmonary fibrosis in aging mice by inhibiting TGF-β/NOX4/IL-11 signaling pathway.,"Miao Y, Hu YY, Xu L, Meng LX, Yang Y, Liu ZG, Yang ZY, Liu XZ, Liu YM, Jiao R, Xu AG, Gu XT, Zhou HG, Li XH.",,2026,2026-06-27,,eng,N,N,N,0,yes,https://doi.org/10.1016/j.bcp.2026.118204
28,MED,42516800,42516800,,10.14744/nci.2026.03453,Real-world immunosuppressive treatment patterns and disease progression in systemic sclerosis-associated interstitial lung disease.,"Vasi I, Karaduman I, Duran R, Cakir IY, Eseroglu E, Karakaya B, Koksoy B, Bolek EC, Kucuk H, Goker B, Yilmaz ND, Ozturk MA, Erden A.",,2026,2026-06-25,,eng,N,N,N,0,yes,https://doi.org/10.14744/nci.2026.03453
29,MED,42415789,42415789,,10.3389/fmed.2026.1847987,Advances in diagnosis of lung fibrosis: focus on present and future approaches.,"Fadelelmoula T, Al Mutori H, Mohammed K, Saleh M, Al Reesi A.",,2026,2026-06-23,,eng,N,N,N,0,yes,https://doi.org/10.3389/fmed.2026.1847987
30,MED,42349073,42349073,,10.1016/j.ejrad.2026.113036,Assessment of active fibrotic remodeling in patients with idiopathic pulmonary fibrosis (IPF)/progressive pulmonary fibrosis (PPF) using dual-time-point [&lt;sup&gt;68&lt;/sup&gt;Ga]Ga-FAPI-46-PET/CT.,"Grunert M, Horn V, Baudrexl JC, Buechele P, Hackenbroch C, Klemenz B, Beer AJ, Steinestel K, Gagiannis D.",,2026,2026-06-23,,eng,N,N,N,0,yes,https://doi.org/10.1016/j.ejrad.2026.113036
31,MED,42316168,42316168,,10.1186/s12931-026-03754-8,Real-world persistence with antifibrotic treatments: a nationwide study on claims data in France (The REPEAT study).,"Cottin V, Najean M, Arnee E, Voulgaridou M, Dillard C, Ansolabehere X, Doublet M, Chollet J, Leroy S, Jouneau S.",,2026,2026-06-19,,eng,N,N,N,0,yes,https://doi.org/10.1186/s12931-026-03754-8
32,MED,42356199,42356199,,10.3390/medicina62061187,Real-World Experience with Nintedanib in a Progressive Pulmonary Fibrosis Cohort.,"Vicens-Zygmunt V, Bordas-Martínez J, Muñoz-Bolaño M, Carmezim J, Llanos-González AB, Domingo-Carnice A, Rodríguez-Cumplido D, Bermudo-Peloche G, Tebé-Cordomí C, Peñafiel J, Llop-Rius R, Molina-Molina M.",,2026,2026-06-18,,eng,N,N,N,0,yes,https://doi.org/10.3390/medicina62061187
33,MED,42276742,42276742,,10.1183/13993003.01557-2025,Progressive pulmonary fibrosis: a state-of-the-art review.,"Cottin V, Brown K, Flaherty KR, Kolb M, Lynch DA, Oldham J, Valenzuela C, Wijsenbeek M, Wells AU.",,2026,2026-06-11,,eng,N,N,N,0,yes,https://doi.org/10.1183/13993003.01557-2025
34,MED,42274865,42274865,,10.1007/s10278-026-02038-3,A Spatiotemporal Transformer Framework on 4D-CT for Early Prediction of Progressive Pulmonary Fibrosis.,"Raeisi Z, Gholami A, Mardkardideh S, Khorrami E, Salehi A, Mirzamohammadi M.",,2026,2026-06-11,,eng,N,N,N,0,yes,https://doi.org/10.1007/s10278-026-02038-3
35,MED,42271338,42271338,,10.1186/s12890-026-04400-1,Prevalence of anxiety and depression in idiopathic pulmonary fibrosis: a systematic review and meta-analysis.,"Xu L, Zang D, Yan R, Liang Z, Yang S, Yu N, Yu X.",,2026,2026-06-10,,eng,N,N,N,0,yes,https://doi.org/10.1186/s12890-026-04400-1
36,MED,42264936,42264936,,10.1136/thorax-2024-222056,Holistic management of symptom burden in fibrosing interstitial lung diseases (F-ILDs).,"Krishna R, Lindell K.",,2026,2026-06-09,,eng,N,N,N,0,yes,https://doi.org/10.1136/thorax-2024-222056
37,MED,42249728,42249728,,10.1111/his.70167,The 2025 ATS/ERS update of the international multidisciplinary classification of the interstitial pneumonias: implications for the pathologist.,"Nicholson AG, Cooper WA, Fabre A, Travis W, Hariri LP, Adegunsoye A, Piciucchi S, Ryerson CJ.",,2026,2026-06-06,,eng,N,N,N,0,yes,https://doi.org/10.1111/his.70167
38,MED,42247823,42247823,,10.1016/j.resinv.2026.101463,Efficacy and safety of nintedanib for older adults with idiopathic pulmonary fibrosis or progressive fibrosing interstitial lung disease: A multicenter retrospective study in Japan.,"Goda S, Yamada T, Goto Y, Uda S, Nakao A, Shiotsu S, Kukida Y, Tanimura K, Miyamoto A, Imasato Y, Okada A, Hasegawa I, Date K, Matsui Y, Morito S, Inokuchi N, Osugi S, Kawachi H, Nishioka N, Iwasaku M, Tokuda S, Handa T, Takayama K.",,2026,2026-06-05,,eng,N,N,N,0,yes,https://doi.org/10.1016/j.resinv.2026.101463
39,MED,42255997,42255997,PMC13241678,10.1177/2050313x261454858,Molecular hydrogen is associated with immunophenotypic modulation and changes in T-cell exhaustion markers in refractory primary Sjögren's syndrome-associated interstitial lung disease: A case report.,"Hsu WH, Lu JW, Ho YJ, Lui SW, Hsieh TY, Wang KY, Liu FC.",,2026,2026-06-04,,eng,Y,Y,Y,0,yes,https://doi.org/10.1177/2050313X261454858
40,MED,42242833,42242833,PMC13239650,10.1136/bmjresp-2025-004035,BAL lymphocytosis as a predictive marker for drug response and long-term outcome in fibrotic ILD: systematic review.,"Suter P, Buechi AE, Roa-Diaz ZM, Funke-Chambour M.",,2026,2026-06-04,,eng,Y,Y,Y,0,yes,https://doi.org/10.1136/bmjresp-2025-004035
41,MED,42233448,42233448,,10.5414/cp204921,Pirfenidone and nintedanib in fibrosing interstitial lung disease: A retrospective study based on a regional university hospital data registry and literature review.,"Sans-Pola C, Boy R, Villar A, Ojanguren I, Simeón-Aznar CP, Guillen-Del-Castillo A, Vancells G, Agustí A, Danés I.",,2026,2026-06-03,,eng,N,N,N,0,yes,https://doi.org/10.5414/CP204921
42,MED,42228224,42228224,,10.1007/s10067-026-08199-4,High frequency of interstitial lung disease in Indian patients with adult- onset idiopathic inflammatory myopathy: Insights from a prospective observational cohort.,"Gangadharan H, Seetha AP, Musthafa S, Babu SP, Krishnan S, John S, Krishnadas S.",,2026,2026-06-02,,eng,N,N,N,0,yes,https://doi.org/10.1007/s10067-026-08199-4
43,MED,42225597,42225597,,10.1093/annalsats/aaoag145,Clinical and Radiologic Characteristics of Familial Pulmonary Fibrosis.,"Grant-Orser A, Marinescu DC, Hague CJ, Muller NL, Murphy DT, Churg A, Wright JL, Al-Arnawoot A, Bilawich AM, Bourgouin P, Cox G, Durand C, Elliot T, Ellis J, Fisher JH, Fladeland D, Goobie GC, Guenther Z, Haider E, Hambly N, Huynh J, Karjala G, Khalil N, Kolb M, Leipsic J, Lok S, Macisaac S, Mcinnis M, Manganas H, Marcoux V, Mayo J, Morisset J, Scallan C, Sedlic T, Shapera S, Sun K, Tan V, Wong AW, Zheng B, Assayag D, Newton CA, Lethebe BC, Ryerson CJ, Johannson KA.",,2026,2026-06-01,,eng,N,N,N,0,yes,https://doi.org/10.1093/annalsats/aaoag145
44,MED,42223210,42223210,,10.1002/art.70237,Expert Perspectives: Defining and Managing Progressive Pulmonary Fibrosis in Systemic Sclerosis.,"Benfaremo D, Khanna D, Campochiaro C, Cottin V, Luppi F, Matucci-Cerinic M, Moroncini G, Allanore Y.",,2026,2026-06-01,,eng,N,N,N,0,yes,https://doi.org/10.1002/art.70237
45,MED,42279032,42279032,PMC13257723,10.3390/jcm15114172,Disease Mechanisms and Therapeutic Advances in Idiopathic and Progressive Pulmonary Fibrosis: From Approved Drugs to Emerging Strategies.,"Tirelli C, Muscato G, Alaimo C, Di Leo I, Mirijaj S, Pennisi F, Vancheri C, Mondoni M.",,2026,2026-05-28,,eng,Y,Y,Y,0,yes,https://doi.org/10.3390/jcm15114172
46,MED,42282276,42282276,PMC13250780,10.3389/fcimb.2026.1715992,"Clinical course, treatment and outcome of severe pneumocystis pneumonia in patients with autoimmune or inflammatory diseases: a prospective study.","Shi Y, Wang N, Rui X, Liu W, You H, Peng JM.",,2026,2026-05-27,,eng,Y,Y,Y,0,yes,https://doi.org/10.3389/fcimb.2026.1715992
47,MED,42279523,42279523,PMC13257394,10.3390/diagnostics16111649,"Senicapoc in Patients with Idiopathic Pulmonary Fibrosis or Other Progressive Fibrotic Interstitial Lung Diseases: Protocol for a Randomised, Double-Blind, Placebo-Controlled, Multicentre Phase II Trial.","Kølner-Augustson L, Altraja A, Bendstrup E, Bradding P, Makholm N, Wilson AM, Simonsen U, Hilberg O.",,2026,2026-05-27,,eng,Y,Y,Y,0,yes,https://doi.org/10.3390/diagnostics16111649
48,MED,42202746,42202746,,10.1016/j.coi.2026.102792,"When the lung is at risk: diagnosis, manifestations, and complications of pulmonary sarcoidosis.","Dhanani Z, Vorselaars AD, Gupta R, Spagnolo P.",,2026,2026-05-27,,eng,N,N,N,0,yes,https://doi.org/10.1016/j.coi.2026.102792
49,MED,42201372,42201372,,10.1007/s00408-026-00895-x,Workplace Productivity Loss in Patients with Progressive Pulmonary Fibrosis: Data from the ILD-PRO Registry.,"Shetty S, Swaminathan AC, Li P, Neely ML, Olson AL, Snyder LD, ILD-PRO Registry investigators.",,2026,2026-05-27,,eng,N,N,N,0,yes,https://doi.org/10.1007/s00408-026-00895-x
50,MED,42189505,42189505,,10.1007/s40273-026-01623-2,Real-World Economic Burden Associated with Progressive Pulmonary Fibrosis in the US: An Administrative Claims Database Analysis.,"Yang J, Bui BH, Bancroft T, Steffens A, Fee R, Borah BJ.",,2026,2026-05-26,,eng,N,N,N,0,yes,https://doi.org/10.1007/s40273-026-01623-2
51,MED,42159580,42159580,,10.1080/17476348.2026.2678615,Impulse oscillometry indices are associated with functional impairment and progressive pulmonary fibrosis across interstitial lung diseases.,"Kleinhendler E, Hasson T, Cohn-Schwartz D, Melloul A, Enghelberg S, Friedman Regev I, Urtreger N, Kupershmidet A, Bar-Shai A, Tiran B, Freund O, Unterman A.",,2026,2026-05-25,,eng,N,N,N,0,yes,https://doi.org/10.1080/17476348.2026.2678615
52,MED,42151931,42151931,,10.1186/s12890-026-04347-3,Baseline neutrophil-to-lymphocyte ratio predicts survival time after the initiation of nintedanib in patients with interstitial lung disease.,"Goda S, Yamada T, Goto Y, Uda S, Nakao A, Shiotsu S, Kukida Y, Tanimura K, Miyamoto A, Imasato Y, Okada A, Hasegawa I, Date K, Matsui Y, Morito S, Inokuchi N, Osugi S, Kawachi H, Nishioka N, Iwasaku M, Tokuda S, Handa T, Takayama K.",,2026,2026-05-19,,eng,N,N,N,0,yes,https://doi.org/10.1186/s12890-026-04347-3
53,MED,42232969,42232969,PMC13223077,10.3389/fmed.2026.1856204,Case Report: Pulmonary alveolar proteinosis and fibrosis associated with indium-tin-oxide exposure.,"Li X, Shi C, Chen Q, Zhao J, Wang S, Yin Y, Feng R, Tian X, Xu KF.",,2026,2026-05-18,,eng,Y,Y,Y,0,yes,https://doi.org/10.3389/fmed.2026.1856204
54,MED,42145068,42145068,,10.1177/10600280261447319,"Nerandomilast for Idiopathic Pulmonary Fibrosis and Progressive Pulmonary Fibrosis: Clinical Efficacy, Safety, and Place in Therapy.","Bui PT, St Onge E, Sotolongo-Miranda H, Trabulsi T.",,2026,2026-05-18,,eng,N,N,N,0,yes,https://doi.org/10.1177/10600280261447319
55,MED,42136401,42136401,,10.4046/trd.2025.0216,Prevalence and Prognostic Impact of Progressive Pulmonary Fibrosis.,Park JH.,,2026,2026-05-15,,eng,N,N,N,0,yes,https://doi.org/10.4046/trd.2025.0216
56,MED,42114598,42114598,,10.1016/j.radonc.2026.111588,Outcomes of stereotactic ablative radiotherapy or surgery for early-stage lung cancer in patients with interstitial lung disease.,"Tomassen ML, Nijman SFM, Nossent EJ, Simons IA, Dickhoff C, Mets OM, Radonic T, Boerrigter BG, van Dorp M, Heineman DJ, Kianoush MIR, Bahce I, Haasbeek CJA, Schneiders FL, Verhoeff JJC, van Rossum PSN, Senan S.",,2026,2026-05-09,,eng,N,N,N,0,yes,https://doi.org/10.1016/j.radonc.2026.111588
57,MED,42169794,42169794,PMC13188869,10.3389/fmed.2026.1761427,Efficacy of pulmonary rehabilitation combined with minimal-dose adjunctive TCM (Shen Yi Capsules and Hua Chan Su) in improving postoperative outcomes for non-small cell lung cancer: a randomized controlled trial.,"Chunyan G, Fengshuang W, Mei L, Zhiqun C, Dongmei H.",,2026,2026-05-06,,eng,Y,Y,Y,0,yes,https://doi.org/10.3389/fmed.2026.1761427
58,MED,42123273,42123273,PMC13164095,10.3390/jcm15093539,Real-World Data on Halting Radiographic Progression with Antifibrotics in Connective Tissue Disease-Associated Interstitial Lung Disease: A Two-Center Study from Hungary.,"Gyetkó Z, Végh E, Nemes-Tömöri D, Andó L, Nagy EB, Maráz J, Mikáczó A, Sárközi A, Horváth I, Takács I, Tóth L, Szűcs G, Szekanecz Z, Bói B, Majai G, Szamosi S.",,2026,2026-05-06,,eng,Y,Y,Y,0,yes,https://doi.org/10.3390/jcm15093539
59,MED,42084658,42084658,,10.1007/s12325-026-03601-8,"Cost-Effectiveness of Earlier Diagnosis of Fibrotic Interstitial Lung Diseases (Fibrotic ILDs) and Earlier Treatment of Its Progressive Form, Progressive Pulmonary Fibrosis (PPF).","Walters SH, Soulard S, Ye W, Elsen A, Kongnakorn T, Raj SS, Pimple P, Ferreira PG, Froidure A.",,2026,2026-05-05,,eng,N,N,N,0,yes,https://doi.org/10.1007/s12325-026-03601-8
60,MED,42226850,42226850,PMC13222624,10.7759/cureus.108104,Correlation of Lung Texture Analysis by Computer-Aided Lung Informatics for Pathology Evaluation and Rating (CALIPER) With High-Resolution Computed Tomography and Lung Function in Fibrosing Interstitial Lung Diseases.,"S P, Kallarakal JS, Panikar V, K P V, M S.",,2026,2026-05-01,,eng,Y,Y,Y,0,yes,https://doi.org/10.7759/cureus.108104
61,MED,42108030,42108030,PMC13217429,10.1016/j.chest.2025.12.044,Quantitative CT: The Path Forward in Defining Progressive Pulmonary Fibrosis.,"Wang JM, Oldham JM.",,2026,2026-05-01,,eng,N,Y,Y,0,yes,https://doi.org/10.1016/j.chest.2025.12.044
62,MED,42198516,42198516,PMC13211067,10.3390/toxics14050391,MFN2 Overexpression Attenuates Coal Dust-Induced Pulmonary Fibrosis by Modulating MAMs Integrity and Cell Apoptosis.,"Zhang N, Liu L, Chen J, Liu Y, Yang S, Zhang M, Xiong Y, Ma X, Wang Y, Han X.",,2026,2026-04-30,,eng,Y,Y,Y,0,yes,https://doi.org/10.3390/toxics14050391
63,MED,42062162,42062162,,10.1016/j.ard.2026.03.027,Efficacy and safety of nerandomilast in patients with autoimmune disease-related progressive pulmonary fibrosis in the FIBRONEER-ILD trial.,"Hoffmann-Vold AM, Assassi S, Cottin V, Kreuter M, Valenzuela C, Wijsenbeek MS, Gu H, Kanakapura M, Ritter I, Stowasser S, Weimann G, Maher TM.",,2026,2026-04-29,,eng,N,N,N,0,yes,https://doi.org/10.1016/j.ard.2026.03.027
64,MED,41525798,41525798,,10.1055/a-2785-1857,Applicability of thoracic ultrasound for the assessment of patients with fibrosing interstitial lung diseases: a systematic review.,"Patabendige S, Falster C, Langkilde HZ, Harders SMW, Bendstrup E, Durheim MT, Davidsen JR.",,2026,2026-04-29,,eng,N,N,N,0,yes,https://doi.org/10.1055/a-2785-1857
65,MED,42182718,42182718,PMC13190033,10.21037/jtd-2026-1-0116,Copanlisib ameliorates pulmonary fibrosis by modulating cellular autophagy through PI3K/Akt/mTORC1 pathway.,"Li Z, Shi Y, Chen R, Wang M, Chen Q, Shao C, Li X, Zhou H, Huang H.",,2026,2026-04-27,,eng,Y,Y,Y,0,yes,https://doi.org/10.21037/jtd-2026-1-0116
66,MED,42045697,42045697,,10.1007/s00408-026-00887-x,Circulating Biomarkers for Predicting Disease Progression in Idiopathic Pulmonary Fibrosis: Insights into Precision Medicine.,"Ruenwilai P, Tajarernmuang P, Chattipakorn SC, Chattipakorn N, Shinlapawittayatorn K.",,2026,2026-04-27,,eng,N,N,N,0,yes,https://doi.org/10.1007/s00408-026-00887-x
67,MED,42195070,42195070,PMC13208735,10.3390/medicina62050817,Holistic Management of Pulmonary Fibrosis: A Comprehensive Review.,"Palacio I, Hernández-González F, Sellarés J, Bordas-Martinez J.",,2026,2026-04-24,,eng,Y,Y,Y,0,yes,https://doi.org/10.3390/medicina62050817
68,MED,42028853,42028853,,10.1093/intimm/dxag017,Distinct fibrosis-associated macrophage subsets coordinate iron metabolism in pulmonary fibrosis.,"Nabeshima H, Fukushima K, Liu YC, Motooka D, Niitsu T, Fukui E, Ichii M, Nii T, Akamine Y, Hamada N, Hashimoto K, Abe Y, Nagahama Y, Matsuki T, Tsujino K, Miki K, Wing JB, Hosen N, Shintani Y, Kumanogoh A, Okuzaki D, Kida H, Akira S.",,2026,2026-04-24,,eng,N,N,N,0,yes,https://doi.org/10.1093/intimm/dxag017
69,MED,41998741,41998741,PMC13267752,10.1186/s12931-026-03649-8,A syndromic framework for progressive pulmonary fibrosis.,"Perrotta F, Luppi F, Sebastiani M, Bianco A.",,2026,2026-04-17,,eng,Y,Y,Y,0,yes,https://doi.org/10.1186/s12931-026-03649-8
70,MED,42072785,42072785,PMC13115273,10.3390/diagnostics16081159,Role of Airwave Oscillometry in Patients with Combined Fibrosis-Emphysema Syndrome (CPFE) with Preserved FEV1/FVC Ratio.,"Pagliaro R, Scialò F, Mariniello DF, D'Agnano V, Palma MI, Campbell SF, Ora J, Cerqua FS, Stella GM, Bianco A, Perrotta F.",,2026,2026-04-14,,eng,Y,Y,Y,0,yes,https://doi.org/10.3390/diagnostics16081159
71,MED,42034552,42034552,,10.1016/j.arbres.2026.04.001,Rheumatoid Arthritis-Associated Interstitial Lung Disease (RA-ILD): An Official 2025 ALAT Clinical Practice Guideline.,"Alberti ML, Auteri SJ, Rojas-Serrano J, Citera G, Buendía-Roldan I, Babini A, Caballero CV, Cachafeiro A, Enghelmayer JI, Florenzano M, García-Salinas R, Atoche VG, da Mota LMH, Kairalla RA, Izcaray AA, Sanchez-Angarita E, Xavier RM, Mejía M, Storrer KM, Noboa-Sevilla MB, Noriega-Aguirre L, Rincón-Alvarez E, Rosa J, Tavera E, Gutierrez CET, Wolff V, Dieudè P, Caro FM.",,2026,2026-04-10,,eng,N,N,N,0,yes,https://doi.org/10.1016/j.arbres.2026.04.001
72,MED,41966849,41966849,,10.1016/j.reumae.2026.502104,Treatment of rheumatoid arthritis-associated interstitial lung disease: What is new since the 2022 SER-SEPAR recommendations?,"Narváez J, Díaz Del Campo Fontecha P, Nieto MA, Villaverde García V, Candelas Rodríguez G, Balsa A.",,2026,2026-04-10,,eng,N,N,N,0,yes,https://doi.org/10.1016/j.reumae.2026.502104
73,MED,42147864,42147864,PMC13178326,10.21037/qims-2025-aw-2432,Strain analysis based on dynamic ventilation computed tomography in fibrotic interstitial lung disease and its correlation with pulmonary function tests.,"Liang T, Wang C, Guo S, Li Y, Ren Y, Luo S, Dai H, Liu T, Xie S.",,2026,2026-04-08,,eng,Y,Y,Y,0,yes,https://doi.org/10.21037/qims-2025-aw-2432
74,PPR,PPR1173193,,,10.21203/rs.3.rs-8885422/v1,Anti-Ku antibody-positive interstitial lung disease: A retrospective study of 13 patients,"Nakatani D, Yamakawa H, Ohta H, Sato S, Adachi A, Takemura T, Amano M, Matsushima H.",,2026,2026-04-02,,,N,N,N,0,no,https://doi.org/10.21203/rs.3.rs-8885422/v1
75,MED,41945762,41945762,,10.1111/nyas.70251,Machine Learning Identification of Progressive Pulmonary Fibrosis in ILD Using KL-6 and Routine Blood Parameters.,"Chen Y, Yang Q, Liang X, Liu C, Fang Y, Huang H, Sun B.",,2026,2026-04-01,,eng,N,N,N,0,yes,https://doi.org/10.1111/nyas.70251
76,MED,41922022,41922022,PMC13052650,10.1136/bmjresp-2025-003652,Interstitial lung disease fatigue and breathlessness (ILD-FAB) programme: a multidisciplinary feasibility study.,"Mandizha J, Davies R, Crook C, Duckworth A, Gibbons M, Lanario JW, Lines S, Moss J, Rivera-Ortega P, Stanel S, Taylor K, Russell AM.",,2026,2026-04-01,,eng,Y,Y,Y,0,yes,https://doi.org/10.1136/bmjresp-2025-003652
77,MED,42076714,42076714,PMC13120424,10.3390/vetsci13040341,One Health Insights into Pulmonary Hypertension: Bridging Human and Canine Medicine.,"Reis-Ferreira A, Castanheira-Moreira J, Coelho-Pinho H, Mendes M, Lobo L, Brás-Silva C, Santos M, Fontes-Sousa AP.",,2026,2026-03-31,,eng,Y,Y,Y,0,yes,https://doi.org/10.3390/vetsci13040341
78,MED,41915313,41915313,PMC13038850,10.1186/s41747-026-00698-y,Comparison of biomechanical assessment between upright and supine inspiratory-expiratory area-detector CT in progressive pulmonary fibrosis.,"Ohno Y, Aoyagi K, Ozawa Y, Nomura M, Kimata H, Ito Y, Fujii K, Ueda T, Araoka J, Akino N, Yoshikawa T, Takenaka D, Endo M, Hoshikawa Y, Yasuoka H, Horiguchi T, Goto Y, Hashimoto N, Imaizumi K.",,2026,2026-03-31,,eng,Y,Y,Y,0,yes,https://doi.org/10.1186/s41747-026-00698-y
79,MED,41914513,41914513,,10.2478/rjim-2026-0004,Anti-MDA5 Dermatomyositis with RP-ILD and CMV Reactivation: A Case Report.,"Soğur ÖA, Gokten DB, Mercan R.",,2026,2026-03-31,,eng,N,N,N,0,yes,https://doi.org/10.2478/rjim-2026-0004
80,MED,42025256,42025256,,10.1016/j.resmer.2026.101266,"Design of PROGRESSION-IPF: A pragmatic, open-label, randomized trial of patients with progressive disease in idiopathic pulmonary fibrosis.","Cottin V, Crestani B, Planès C, Chambellan A, Charloux A, Degano B, Gille T, Glérant JC, Jouneau S, Mewton N, Nunes H, Perez T, Samson G, Traclet J, Turquier S, Varillon Y, Wemeau-Stervinou L, Yavordios S, Amaz C, OrphaLung network.",,2026,2026-03-27,,eng,N,N,N,0,yes,https://doi.org/10.1016/j.resmer.2026.101266
81,MED,41891405,41891405,PMC13101010,10.36141/svdld.2026.18462,Combination antifibrotic and immunosuppressive therapy in progressive fibrosing ILD.,"Fischer R, Abdul Rehman K.",,2026,2026-03-27,,eng,Y,Y,Y,0,yes,https://doi.org/10.36141/svdld.2026.18462
82,MED,41879828,41879828,PMC13234071,10.1007/s00393-026-01807-3,[Evolving management of SARD-ILD : Current challenges and emerging treatment options for rheumatoid-associated interstitial lung diseases].,"Witte T, Schupp J.",,2026,2026-03-25,,ger,Y,Y,Y,0,yes,https://doi.org/10.1007/s00393-026-01807-3
83,MED,42000220,42000220,,10.1016/j.arbres.2026.03.002,Integrated Assessment of CT-Derived Fibrosis Volume and Pulmonary Function in Identifying Progressive Pulmonary Fibrosis in Connective Tissue Disease-Associated Interstitial Lung Disease (CTD-ILD).,"Beck KS, Sverzellati N, Goh N, Kim KH, Lee JW, Kim A, Nam JH, Lee JM, Lee J, Jo YS.",,2026,2026-03-23,,eng,N,N,N,0,yes,https://doi.org/10.1016/j.arbres.2026.03.002
84,MED,42085242,42085242,,10.1093/ajrccm/aamag125,"Pamufetinib (TAS-115) for Chronic Fibrosing Interstitial Lung Diseases with a Progressive Phenotype: A double-blind, multicenter, phase 2b Clinical Trial.","Okuda R, Nishioka Y, Kondoh Y, Tsubouchi K, Okamoto M, Nishiyama O, Sato S, Oishi K, Ishikawa N, Chiba H, Miyazaki Y, Homma S, Ogura T, Inoue Y, Azuma A.",,2026,2026-03-22,,eng,N,N,N,0,yes,https://doi.org/10.1093/ajrccm/aamag125
85,MED,41871820,41871820,,10.1016/j.autrev.2026.104037,Isolated antineutrophil cytoplasmic antibody-associated interstitial lung disease: A systematic review of an emerging condition.,"Narváez J, Maymó P.",,2026,2026-03-21,,eng,N,N,N,0,yes,https://doi.org/10.1016/j.autrev.2026.104037
86,MED,41846504,41846504,,10.3724/abbs.2026009,PHB2 acts as a braker of progressive pulmonary fibrosis via intervention of DDR2-elicited signaling.,"Yang P, Jiang J, Liu J, Su B, Wang X, Fu Z, He Y, Han J, Ju C, Wang Y, Lu X, Peng X, Yin H, Li J, Wang D, Liu J, Lai Y, Su J.",,2026,2026-03-17,,eng,N,N,N,0,yes,https://doi.org/10.3724/abbs.2026009
87,MED,41846693,41846693,PMC12991021,10.1183/23120541.00872-2025,The COCOS-IPF core outcome set for idiopathic pulmonary fibrosis/progressive pulmonary fibrosis care: a mixed-method multi-perspective approach.,"Breuls S, Somogyi V, Schenk S, Toreyin N, Jones S, Galvin L, Boyd J, Tonia T, Delameillieure A, Van Bulck L, Dadaş ÖF, Mogulkoc N, Stenzel N, Kreuter M, Wuyts W, Dobbels F.",,2026,2026-03-16,,eng,Y,Y,Y,1,yes,https://doi.org/10.1183/23120541.00872-2025
88,MED,41834694,41834694,,10.1002/ajmg.c.70008,"Therapy for Myhre Syndrome: Goals, Misconceptions, and Current Agents.","De Falco A, D'Alessio AM, Brunetti-Pierri N.",,2026,2026-03-16,,eng,N,N,N,0,yes,https://doi.org/10.1002/ajmg.c.70008
89,MED,42016630,42016630,,10.1002/ccr3.72242,&lt;i&gt;Non-Specific Interstitial Pneumonia&lt;/i&gt; in Anti-Jo1 Synthetase Syndrome With Probable Gougerot Syndrome: A Case Report.,"Gohar A, Mohammad O, Shahzad R, Arshad F, Khan ARS, Qayyum H, Ajmal J, Ahmad MH.",,2026,2026-03-15,,eng,N,N,N,0,yes,https://doi.org/10.1002/ccr3.72242
90,MED,41909710,41909710,PMC13021622,10.3389/fimmu.2026.1770348,Pathogenesis and immune regulation of rheumatoid arthritis-associated interstitial lung disease: from basic research to clinical implications.,"Cheng Y, Shan Y, Zheng Y, Zhao F, Shi Y, Song C, Li Y, Zhao J, Chang C, Wang Y, He D.",,2026,2026-03-13,,eng,Y,Y,Y,0,yes,https://doi.org/10.3389/fimmu.2026.1770348
91,MED,41899090,41899090,PMC13026525,10.3390/jcm15062166,Nerandomilast in Autoimmune-Associated Interstitial Lung Diseases: Translating Evidence from Progressive Pulmonary Fibrosis Studies.,"Perrotta F, Mariniello DF, Stella GM, Pagliaro R, Scialò F, Liakouli V, Forte G, Ciccia F, Bianco A, D'Agnano V.",,2026,2026-03-12,,eng,Y,Y,Y,0,yes,https://doi.org/10.3390/jcm15062166
92,PPR,PPR1220376,,,10.64898/2026.03.09.710578,Myeloid HIF-1α Sustains Hypoxic Fibrotic Fronts and Drives Pulmonary Fibrosis,"Wei Y, Bailey C, Zhang P, Herazo-Maya J, Karampitsakos T, Pescrille J, Diaz-Mendez F, Lee D, Samokhin A, Liu Y, Drake W, Wang Y.",,2026,2026-03-11,,,N,N,N,0,no,https://doi.org/10.64898/2026.03.09.710578
93,MED,42089301,42089301,,10.1093/ajrcmb/aanag045,Nintedanib increases BCL-2 in fibrotic fibroblasts enhancing ABT-199 apoptosis and fibrosis resolution.,"Cooley JC, Penick SK, Wilson JA, Javkhlan N, Foster DG, Edelman BL, Schott CA, Humphries SM, Lynch DA, Schwartz DA, Riches DWH, Redente EF.",,2026,2026-03-11,,eng,N,N,N,0,yes,https://doi.org/10.1093/ajrcmb/aanag045
94,MED,41821644,41821644,PMC12978858,10.1002/rcr2.70555,Long-Term Follow-Up of Pleuroparenchymal Fibroelastosis Associated With Crohn's Disease.,"Suzuki Y, Ikushima H, Ueki Y, Maeda T, Hida K, Yoshida K, Takeuchi C, Urushiyama H, Kawakami M, Mitani A, Fujishiro M, Kage H.",,2026,2026-03-11,,eng,Y,Y,Y,0,yes,https://doi.org/10.1002/rcr2.70555
95,PPR,PPR1267738,,,10.64898/2026.03.03.26347353,Early Detection of Qualitative Fibrosis Progression Using Hybrid HU-Z-score CT Analysis: Overcoming Limitations of Traditional Quantitative Methods,Trabadelo H.,,2026,2026-03-09,,,N,N,N,0,no,https://doi.org/10.64898/2026.03.03.26347353
96,MED,41802427,41802427,,10.1055/a-2609-8433,[Management of Progressive Pulmonary Fibroses - 2025 Update].,"Schlee T, Kreuter M, Krönig J.",,2026,2026-03-09,,ger,N,N,N,0,yes,https://doi.org/10.1055/a-2609-8433
97,MED,41801486,41801486,,10.1007/s00408-026-00877-z,Longitudinal Multimodal Assessment of Pulmonary Nodules in Fibrosing Interstitial Lung Diseases: A Retrospective Study.,"Pianigiani T, Cameli P, Di Lorenzo M, Bergantini L, Bargagli E.",,2026,2026-03-09,,eng,N,N,N,0,yes,https://doi.org/10.1007/s00408-026-00877-z
98,MED,41787510,41787510,PMC13078024,10.1186/s12931-026-03596-4,Plasma proteomic and machine learning models for differentiating idiopathic pulmonary fibrosis and connective tissue disease-associated interstitial lung disease: findings from a prospective cohort.,"Wu CS, Lai DW, Chen YC, Yu YH, Yang LY, Fu PK.",,2026,2026-03-06,,eng,Y,Y,Y,0,yes,https://doi.org/10.1186/s12931-026-03596-4
99,MED,41785213,41785213,,10.1159/000551084,Long-Term Prognosis and Transition Period until Progression in Fibrotic Hypersensitivity Pneumonitis.,"Pilia MF, Espejo D, Sansano I, Romero C, Andreu-Casas M, Ferreiro-Posse A, Villar A, Cruz MJ, Muñoz X, Ojanguren I.",,2026,2026-03-05,,eng,N,N,N,0,yes,https://doi.org/10.1159/000551084
100,MED,41784445,41784445,PMC13086045,10.5826/mrm.2026.1086,Highlights from the Italian National Congress of Imaging in Pulmonology 2025: fostering implementation of advanced technologies for precision patient-centered care.,"Marchi G, Mondoni M.",,2026,2026-03-05,,eng,Y,Y,Y,0,yes,https://doi.org/10.5826/mrm.2026.1086
101,MED,41841291,41841291,PMC13093275,10.1002/acr2.90013,Performance of Circulating Inflammatory Biomarkers and Krebs von den Lungen 6 for Predicting Progressive Pulmonary Fibrosis in Patients With Systemic Sclerosis-Associated Interstitial Lung Disease.,"Yomono K, Huang S, Khanna D, Kuwana M.",,2026,2026-03-01,,eng,Y,Y,Y,0,yes,https://doi.org/10.1002/acr2.90013
102,MED,41796998,41796998,,10.1111/cbdd.70264,Berberine Ameliorates Pulmonary Fibrosis via Downregulating the TGFBR2-Mediated Signaling.,"Zhao Y, Li Q, Zhu H, Jiang C, Chen M, Ye X, Hou S, Cui S, Huang X, Cao M.",,2026,2026-03-01,,eng,N,N,N,1,yes,https://doi.org/10.1111/cbdd.70264
103,MED,41836444,41836444,,10.3389/fimmu.2026.1770081,CAR T cell therapy for fighting IPF: perspectives on a living drug.,"Sun W, Lu S, Chen T, He Y, Xu Z, Cai Z.",,2026,2026-02-27,,eng,N,N,N,0,yes,https://doi.org/10.3389/fimmu.2026.1770081
104,MED,41747937,41747937,,10.1016/j.amjms.2026.02.015,Incidence and prevalence of progressive pulmonary fibrosis (PPF): A systematic literature review and meta-analysis.,"Golchin N, Lesperance T, Scheuring J, Wan V, Hofer K, Collet JP, Patel A.",,2026,2026-02-24,,eng,N,N,N,0,yes,https://doi.org/10.1016/j.amjms.2026.02.015
105,MED,41733797,41733797,PMC12992858,10.1007/s41030-026-00349-y,Emerging Therapies in Pulmonary Fibrosis.,"Etchingham-Coll H, Temizel E, Okezie-Enyioma N, Martin N, Kaenmuang P, Coghlan S, Spagnolo P, Chaudhuri N.",,2026,2026-02-24,,eng,Y,Y,Y,0,yes,https://doi.org/10.1007/s41030-026-00349-y
106,MED,41808863,41808863,PMC12968560,10.3389/fphar.2026.1761899,Network meta-analysis of pharmacological treatments for idiopathic pulmonary fibrosis: evaluating effects on lung function.,"Yin Y, Wu X, Liu Z, Luo Y, Jing M, Jing K, Li Q, Wang F, Huang J.",,2026,2026-02-23,,eng,Y,Y,Y,0,yes,https://doi.org/10.3389/fphar.2026.1761899
107,MED,41737799,41737799,PMC12927891,10.1155/carj/8103859,WuYeLuGen Granule Attenuates Bleomycin-Induced Pulmonary Fibrosis in Rats by Inhibiting the TGF-β1/Smad Signaling Pathway and Epithelial-Mesenchymal Transition.,"Zeng JW, Lin L, Duan YJ.",,2026,2026-02-23,,eng,Y,Y,Y,0,yes,https://doi.org/10.1155/carj/8103859
108,MED,42516722,42516722,,10.4078/jrd.2025.0161,Evolving landscape of imaging-based evaluation in systemic autoimmune rheumatic disease-associated interstitial lung disease: from visual assessment to quantitative artificial intelligence-assisted evaluation.,"Chang SH, McDermott GC, Lee YA, Kang EH, Park YB, Choe JY, Lee EY, Sparks JA.",,2026,2026-02-20,,eng,N,N,N,0,yes,https://doi.org/10.4078/jrd.2025.0161
109,MED,41718945,41718945,PMC13065544,10.1007/s12325-026-03502-w,Safety and Tolerability of Nintedanib in Japanese Patients with Progressive Fibrosing Interstitial Lung Diseases: Final Results of 2-Year Post-Marketing Surveillance.,"Ito T, Shibuya A, Noguchi H.",,2026,2026-02-20,,eng,Y,Y,Y,0,yes,https://doi.org/10.1007/s12325-026-03502-w
110,MED,41713910,41713910,PMC12927350,10.1136/bmjopen-2025-112171,Rationale and design of uLtrasOund applicability in the assessment of patients with fibRosing interstitial lung Disease (LORD): a research protocol of a prospective cohort study.,"Patabendige S, Harders SMW, Bendstrup E, Durheim MT, Laursen CB, Andersen-Ranberg K, Brockhattingen KK, Kildegaard C, Bendixen M, Davidsen JR.",,2026,2026-02-19,,eng,Y,Y,Y,0,yes,https://doi.org/10.1136/bmjopen-2025-112171
111,MED,41789067,41789067,PMC12956527,10.3389/fimmu.2026.1745174,"Stem cell-based therapies for silicosis: mechanisms, sources, clinical translation, and emerging strategies.","Feng X, Xiao B, Hou L, Zhang B, Tian L, Mo B, Yao D.",,2026,2026-02-18,,eng,Y,Y,Y,0,yes,https://doi.org/10.3389/fimmu.2026.1745174
112,MED,41692509,41692509,PMC12911705,10.1136/rmdopen-2025-006443,Anlotinib ameliorates myositis-associated interstitial lung disease (MAILD) via suppression of the NETs-PI3K/Akt-driven epithelial-mesenchymal transition.,"Yang J, Chai H, Zhu J, Cui X, Li W, Su Q, Guo Z, Feng Y, Zhang S.",,2026,2026-02-15,,eng,Y,Y,Y,0,yes,https://doi.org/10.1136/rmdopen-2025-006443
113,MED,41767539,41767539,PMC12946019,10.3389/fmed.2026.1741725,Frailty and functional outcomes in patients with progressive fibrosing interstitial lung diseases receiving antifibrotic therapy: a real-life observational study.,"Mariniello DF, Perrotta F, Picone C, Liakouli V, Zamparelli SS, Stella GM, Reginelli A, Rea G, Bianco A, D'Agnano V.",,2026,2026-02-13,,eng,Y,Y,Y,1,yes,https://doi.org/10.3389/fmed.2026.1741725
114,MED,41680464,41680464,,10.1038/s41577-026-01268-4,"Fibroblasts as regulators of lung immunity, repair and fibrosis.","Bell PT, Belz GT.",,2026,2026-02-12,,eng,N,N,N,2,yes,https://doi.org/10.1038/s41577-026-01268-4
115,MED,41835727,41835727,PMC12981362,10.7759/cureus.103360,Paraneoplastic Arthritis Mimicking Late-Onset Rheumatoid Arthritis in an Older Smoker: A Diagnostic Challenge.,"Swamy N, Saiprasad S, Garate D, Kway K.",,2026,2026-02-10,,eng,Y,Y,Y,0,yes,https://doi.org/10.7759/cureus.103360
116,MED,41816429,41816429,PMC12972922,10.21037/jtd-2025-1731,Crizotinib attenuates bleomycin-induced pulmonary fibrosis via regulating fibroblast activation.,"Shi Y, Li Z, Chen R, Shao C, Zhou H, Li X, Huang H.",,2026,2026-02-06,,eng,Y,Y,Y,0,yes,https://doi.org/10.21037/jtd-2025-1731
117,MED,41714248,41714248,,10.1016/j.arbres.2026.01.021,Utility of Z Scores for Defining Progressive Pulmonary Fibrosis in Interstitial Lung Disease.,"Alarcón-Dionet A, González-Garcia M, Villafuerte R, Rincón-Alvarez E, Selman M, Buendia-Roldan I.",,2026,2026-02-05,,eng,N,N,N,0,yes,https://doi.org/10.1016/j.arbres.2026.01.021
118,MED,41651680,41651680,,10.1016/j.revmed.2026.01.003,[Radiological diagnosis of interstitial lung disease].,"Boussouar S, Redheuil A.",,2026,2026-02-05,,fre,N,N,N,0,yes,https://doi.org/10.1016/j.revmed.2026.01.003
119,MED,41716405,41716405,PMC12913582,10.3389/fimmu.2026.1758437,Incidence and influencing factors of progressive pulmonary fibrosis in connective tissue disease-associated interstitial lung disease: a systematic review and meta-analysis.,"Yi M, Li M, Zhang Z, Li H, Sai J, Gui Y, Wang Z.",,2026,2026-02-04,,eng,Y,Y,Y,0,yes,https://doi.org/10.3389/fimmu.2026.1758437
120,MED,41762087,41762087,,10.31083/bjhm50844,Idiopathic Pulmonary Fibrosis: An Overview.,"May J, Jenkins G.",,2026,2026-02-01,,eng,N,N,N,0,yes,https://doi.org/10.31083/BJHM50844
121,MED,41610110,41610110,PMC12854393,10.1002/acr2.90010,Clinical Characteristics and Evolution of Interstitial Lung Disease in Subtypes of Idiopathic Inflammatory Myositis With Prevalent Lung Manifestation: A Retrospective Analysis.,"Clark J, Chan D, Dhillon D, Dutz J, Goobie G, Huang K.",,2026,2026-02-01,,eng,Y,Y,Y,0,yes,https://doi.org/10.1002/acr2.90010
122,MED,41611821,41611821,PMC12855909,10.1038/s41598-026-35470-0,Author Correction: Forced oscillation technique in progressive pulmonary fibrosis in a single-center retrospective study.,"Denis A, Henket M, Giltay L, Gillet H, Creuen X, Frix AN, Gester F, Louis R, Guiot J.",,2026,2026-01-29,,eng,Y,Y,Y,0,yes,https://doi.org/10.1038/s41598-026-35470-0
123,MED,41769611,41769611,PMC12945460,10.7759/cureus.102429,Research Progress on the Mechanisms of Gut Microbiota Dysbiosis Associated With Idiopathic Pulmonary Fibrosis: A Review.,"Li X, Xu S, Li Y, Wang R, Qin C, Wang X.",,2026,2026-01-27,,eng,Y,Y,Y,0,yes,https://doi.org/10.7759/cureus.102429
124,MED,41675267,41675267,PMC12887705,10.3389/fphar.2025.1671132,"GTX-11 attenuates lung fibrosis, inflammation and vascular remodeling in preclinical models of lung fibrotic disease.","Montes-Worboys A, Milara J, Farrera C, Fernández-Asensio C, Sánchez-Díez S, Mercadé J, Montero P, Roger I, Molina-Molina M, Ruiz-Cánovas E, Cortijo J.",,2025,2026-01-27,,eng,Y,Y,Y,0,yes,https://doi.org/10.3389/fphar.2025.1671132
125,MED,41566036,41566036,PMC12823633,10.1007/s00280-025-04855-9,"Drug-drug interactions with pioglitazone, losartan, and midazolam and anti-tumor efficacy and safety study of TAS-115 in patients with solid tumors.","Katsuya Y, Takenaka S, Takahashi S, Yamamoto N.",,2026,2026-01-22,,eng,Y,Y,Y,0,yes,https://doi.org/10.1007/s00280-025-04855-9
126,MED,41559703,41559703,PMC12905857,10.1186/s12890-026-04120-6,Nintedanib for progressive pulmonary fibrosis in real-world setting: an observational study comparing outcomes with an IPF cohort.,"Muscato G, Libra A, Reina C, Gili E, Fruciano M, Martella S, Palmucci S, Spicuzza L, Sambataro G, Vancheri C.",,2026,2026-01-20,,eng,Y,Y,Y,0,yes,https://doi.org/10.1186/s12890-026-04120-6
127,MED,41558800,41558800,PMC12820847,10.1136/bmjresp-2024-003112,Comprehensive characterisation of individuals with fibrotic interstitial lung disease: baseline insights from the INJUSTIS study.,"Khan F, Stewart I, Howard L, Barber CM, Borton R, Braybrooke R, Hearson G, Jones S, Maher T, Matthews L, Saini G, Thompson N, Wilson AM, Johnson SR, Jenkins G.",,2026,2026-01-20,,eng,Y,Y,Y,0,yes,https://doi.org/10.1136/bmjresp-2024-003112
128,MED,41597492,41597492,PMC12843998,10.3390/medicina62010206,Predictors of Progressive Fibrosing Interstitial Lung Diseases and Survival in Fibrosing Interstitial Lung Disease-Related Usual Interstitial Pneumonia.,"Fu H, Li X, Shi H, Zhang J, Zhang M.",,2026,2026-01-19,,eng,Y,Y,Y,0,yes,https://doi.org/10.3390/medicina62010206
129,MED,41561105,41561105,PMC12813680,10.1183/23120541.00570-2025,Risk stratification as a guide to goal-oriented management of patients with fibrotic interstitial lung disease: a registry-based analysis.,"Behr J, Prasse A, Wirtz H, Koschel D, Pittrow D, Held M, Klotsche J, Andreas S, Claussen M, Grohé C, Wilkens H, Hagmeyer L, Skowasch D, Meyer JF, Kirschner J, Gläser S, Neurohr C, Schwaiblmair M, Buschulte K, Veit T, Frankenberger M, Ryerson CJ, Johannson KA, Marcoux V, Fisher JH, Assayag D, Manganas H, Khalil N, Kolb M, Kreuter M.",,2026,2026-01-19,,eng,Y,Y,Y,0,yes,https://doi.org/10.1183/23120541.00570-2025
130,MED,41595688,41595688,PMC12839304,10.3390/biomedicines14010154,Most Promising Emerging Therapies for Pulmonary Fibrosis: Targeting Novel Pathways.,"Carriera L, Lipsi R, Dodaj M, Inchingolo R, Smargiassi A, Coppola A, Mari PV, Barone R, Ielo S, Scala R, Richeldi L.",,2026,2026-01-11,,eng,Y,Y,Y,3,yes,https://doi.org/10.3390/biomedicines14010154
131,MED,41494735,41494735,PMC12778334,10.1136/rmdopen-2025-006324,Mesenchymal stromal cells ameliorate systemic sclerosis-interstitial lung disease via PD-1/PD-L1 signalling axis.,"Chen Y, Zhu H, Zhang Y, Liu M, Wu Y, Ding S, Wang D, Sun L.",,2026,2026-01-06,,eng,Y,Y,Y,0,yes,https://doi.org/10.1136/rmdopen-2025-006324
132,MED,41499910,41499910,,10.1016/j.ejrad.2025.112631,Idiopathic pulmonary fibrosis and progressive pulmonary fibrosis: correlation between radiological progression criteria and pulmonary function tests.,"Uzun Ç, Atman ED, Çoruh AG, Arslan F, Ekici P, Taşci F, Doruk N, Elhan AH, Kumbasar ÖÖ.",,2026,2026-01-02,,eng,N,N,N,0,yes,https://doi.org/10.1016/j.ejrad.2025.112631
133,MED,42517480,42517480,,10.1177/17534666261471968,Rural and urban environmental exposures and the risk of progressive pulmonary fibrosis.,"MacMurdo MG, Wang Y, Morgan A, Wang X, Culver DA.",,2026,2026-01-01,,eng,N,N,N,0,yes,https://doi.org/10.1177/17534666261471968
134,MED,42357969,42357969,,10.1155/carj/6653364,"The Endothelial Cell Perspective in Pulmonary Fibrosis: From Cell Fate Decisions, Intercellular Communication, and EndoMT to Emerging Therapies.","Chen D, Xiang F.",,2026,2026-01-01,,eng,N,N,N,0,yes,https://doi.org/10.1155/carj/6653364
135,MED,42087338,42087338,PMC13161628,10.1177/17534666261446877,Radiation-triggered acute exacerbation of progressive fibrotic interstitial lung diseases: 'Are we advancing the frontier or crossing a dangerous line?',"Dimeas IE, Miziou A, Mitchell PD, Daniil Z, McCarthy C.",,2026,2026-01-01,,eng,Y,Y,Y,0,yes,https://doi.org/10.1177/17534666261446877
136,MED,41881454,41881454,PMC13014284,10.1183/16000617.0051-2025,Progressive pulmonary fibrosis: the importance of identification and intervention.,"Molyneaux PL, Maher TM.",,2026,2026-01-01,,eng,Y,Y,Y,0,yes,https://doi.org/10.1183/16000617.0051-2025
137,MED,41736725,41736725,PMC12926820,10.1183/23120541.00158-2025,Circulating biomarkers in subjects with progressive pulmonary fibrosis: data from the INBUILD trial.,"Maher TM, Jenkins RG, Bonella F, Assassi S, Diefenbach C, Ittrich C, Rohr KB, Kolb M.",,2026,2026-01-01,,eng,Y,Y,Y,0,yes,https://doi.org/10.1183/23120541.00158-2025
138,MED,41704708,41704708,PMC12907810,10.1183/23120541.00697-2025,"Upfront combination therapy with nintedanib and anti-inflammatory agents for progressive pulmonary fibrosis: a multicentre, single-arm phase 2 study (TOP-ILD).","Tsubouchi K, Hirose M, Takei R, Fujisawa T, Tobino K, Ichiyasu H, Izumi S, Sakamoto N, Asami-Noyama M, Nishiyama O, Waseda Y, Nakanishi M, Baba T, Chiba H, Furusawa H, Zaizen Y, Ishii H, Okamoto M, Kondoh Y, Ogura T, Ichikado K, Okamoto I.",,2026,2026-01-01,,eng,Y,Y,Y,1,yes,https://doi.org/10.1183/23120541.00697-2025
139,MED,41494677,41494677,PMC12780374,10.3348/kjr.2025.0977,Prognostic Impact of Radiologic and Pathologic Features on the Development of Progressive Pulmonary Fibrosis in Patients With Interstitial Lung Disease Other Than Idiopathic Pulmonary Fibrosis.,"Cho HR, Chung MJ, Choi H, Kim J, An AR, Ahn SY, Yoo JY, Jin GY, Lynch DA, Chae KJ.",,2026,2026-01-01,,eng,Y,Y,Y,0,yes,https://doi.org/10.3348/kjr.2025.0977
140,MED,41474422,41474422,PMC12857824,10.4103/lungindia.lungindia_141_25,Antifibrotic Treatment in Idiopathic Pulmonary Fibrosis (IPF) and Progressive Pulmonary Fibrosis (PPF): Real-World outcomes from a Single-Center study.,"Yulug DP, Televi B, Unal FS, Sucu DH, Balci Y, Nayci S, Ozge C, Ozgur ES.",,2026,2026-01-01,,eng,Y,Y,Y,0,yes,https://doi.org/10.4103/lungindia.lungindia_141_25
141,MED,41476292,41476292,PMC12809975,10.1186/s12961-025-01425-6,Progressive fibrotic interstitial lung diseases in India: national challenges and implications for global health policies.,"Sasikumar S, Patidar S.",,2025,2025-12-31,,eng,Y,Y,Y,0,yes,https://doi.org/10.1186/s12961-025-01425-6
142,MED,41478497,41478497,,10.1016/j.chest.2025.12.023,Association of Recovery Rate From Exertional Desaturation With Disease Progression and Mortality Risk in Patients With Fibrotic Interstitial Lung Disease.,"Tyker A, Al-Saiedy M, Grant-Orser A, Khor YH, du Plessis K, Van Benschoten V, Keating L, Lee CT, Strek ME, Adegunsoye A, Johannson KA.",,2026,2025-12-30,,eng,N,N,N,0,yes,https://doi.org/10.1016/j.chest.2025.12.023
143,MED,42498407,42498407,,10.1016/j.jes.2025.12.078,Endoplasmic reticulum stress-mediated glycophagy drives macrophage M1 polarization in silica nanoparticles-induced pulmonary fibrosis.,"Bao L, Geng Z, Niu L, Shi L, He L, Pang Y, Zhang C, Liu Y, Chen J, Shi B, Wu R, Wang J, Niu Y, Zhang R.",,2026,2025-12-27,,eng,N,N,N,0,yes,https://doi.org/10.1016/j.jes.2025.12.078
144,MED,41455752,41455752,PMC12855916,10.1038/s41598-025-34071-7,Prognostic factors in patients with interstitial lung disease treated with nintedanib: a multicenter retrospective study in Japan.,"Goda S, Yamada T, Goto Y, Uda S, Nakao A, Shiotsu S, Kukida Y, Tanimura K, Miyamoto A, Imasato Y, Okada A, Hasegawa I, Date K, Matsui Y, Morito S, Inoguchi N, Osugi S, Kawachi H, Nishioka N, Iwasaku M, Tokuda S, Handa T, Takayama K.",,2025,2025-12-27,,eng,Y,Y,Y,0,yes,https://doi.org/10.1038/s41598-025-34071-7
145,MED,41515569,41515569,PMC12785435,10.3390/diagnostics16010074,Evaluation of Factors Affecting Mortality in Patients with Idiopathic Pulmonary Fibrosis: A 10-Year Single-Center Experience.,"Onyilmaz T, Argun Baris S, Ozturk B, Oksuzler Kizilbay G, Selvi Guldiken G, Boyaci H, Basyigit I.",,2025,2025-12-25,,eng,Y,Y,Y,0,yes,https://doi.org/10.3390/diagnostics16010074
146,MED,41448793,41448793,PMC12742111,10.1136/bmjresp-2024-003059,"Design of the MIST study: a double-blind, randomised, placebo-controlled phase 2b trial of pirfenidone solution for inhalation in patients with progressive pulmonary fibrosis.","Kolb M, Corte TJ, Feldman J, Nathan SD, Reisner C, Nair D, Woodhead F, Lazarus H, Conoscenti C.",,2025,2025-12-25,,eng,Y,Y,Y,0,yes,https://doi.org/10.1136/bmjresp-2024-003059
147,MED,41429127,41429127,PMC13065407,10.4046/trd.2025.0136,Non-pharmacological Management of Fibrosing Interstitial Lung Diseases.,"Kaenmuang P, Yip WH, Kahai R, Fabbri L.",,2026,2025-12-22,,eng,Y,Y,Y,1,yes,https://doi.org/10.4046/trd.2025.0136
148,MED,41598167,41598167,PMC12843490,10.3390/life16010011,Efficacy and Safety of Pirfenidone in Patients with Progressive Pulmonary Fibrosis: A Retrospective Single-Center Study.,"Oh JH, Park JH, Jang JH, Her M, Cho EY, Lee JH.",,2025,2025-12-21,,eng,Y,Y,Y,0,yes,https://doi.org/10.3390/life16010011
149,MED,41417118,41417118,,10.1007/s00330-025-12212-w,Progressive pulmonary fibrosis.,"Bajwa R, Lancaster D, Desai SR, George PM.",,2026,2025-12-19,,eng,N,N,N,0,yes,https://doi.org/10.1007/s00330-025-12212-w
150,MED,41413715,41413715,,10.1007/s00296-025-06056-2,Increased transient elastography-derived liver stiffness in fibrotic interstitial lung disease compared with healthy controls and its association with high-resolution computed tomography extent: a cross-sectional observational study.,"Okyar B, Yüce S, Karacan E, Arıcı FN, Yıldırım A, Koç E, Tüzün Z, Kara S, Dilek O, Sümbül HE, Ersözlü ED.",,2025,2025-12-19,,eng,N,N,N,0,yes,https://doi.org/10.1007/s00296-025-06056-2
151,MED,41479888,41479888,PMC12753373,10.3389/fimmu.2025.1702074,"Lymphocyte dynamics as the central mediator in osimertinib-induced CD4<sup>+</sup> T-cell depletion, fulminant cytomegalovirus pneumonitis, and progressive pulmonary fibrosis: a case report.","Zhu L, Liu D, Peng J, Lu J.",,2025,2025-12-17,,eng,Y,Y,Y,0,yes,https://doi.org/10.3389/fimmu.2025.1702074
152,MED,41522175,41522175,PMC12780375,10.21037/jtd-2025-938,Significance of clinical parameters and biomarkers to predict nintedanib-induced diarrhea: an interview-based retrospective study.,"Arai T, Hiramatsu M, Takeuchi N, Takimoto T, Kagawa T, Shintani R, Moda M, Hirose M, Nakayama T, Yasui Y.",,2025,2025-12-15,,eng,Y,Y,Y,0,yes,https://doi.org/10.21037/jtd-2025-938
153,MED,41397518,41397518,PMC13094512,10.1016/j.chest.2025.11.047,Systemic Sclerosis-Associated Interstitial Lung Disease: What We Know and How to Incorporate Guidelines Into Clinical Practice.,"Esposito AJ, Selvan KC, Richardson C, Khanna D, Bemiss BC, Bernstein EJ, Chung JH, Cox CW, Dematte JE, Denton CP, Distler O, Hinchcliff ME, Smith V, Strek ME, Varga J, Hoffmann-Vold AM, Volkmann ER.",,2025,2025-12-13,,eng,N,Y,Y,2,yes,https://doi.org/10.1016/j.chest.2025.11.047
154,MED,41409437,41409437,PMC12707150,10.2147/oarrr.s561159,Exploring Antifibrotic Strategies for Interstitial Lung Disease in Rheumatoid Arthritis: A Narrative Review.,"Farizani Gohari NS, Hoseinzadeh F, Khalaji A, Mirzaei S, Gholinataj Jelodar M.",,2025,2025-12-12,,eng,Y,Y,Y,0,yes,https://doi.org/10.2147/OARRR.S561159
155,MED,41397362,41397362,,10.1016/j.semarthrit.2025.152891,Benefits of nintedanib continuation in systemic autoimmune rheumatic disease-related progressive pulmonary fibrosis: KEIO-SARD-ILD-cohort.,"Suzuki K, Akiyama M, Shimanuki K, Fukui H, Kaneko Y.",,2026,2025-12-11,,eng,N,N,N,0,yes,https://doi.org/10.1016/j.semarthrit.2025.152891
156,MED,41382296,41382296,PMC12696937,10.1186/s40001-025-03504-4,Insight into the pathogenesis of interstitial lung diseases and near-to-native lung fibrosis models.,"Štefániková M, Sedláková V, Portakal T, Hampl A, Vaňhara P, Doubková M.",,2025,2025-12-11,,eng,Y,Y,Y,1,yes,https://doi.org/10.1186/s40001-025-03504-4
157,MED,41399768,41399768,PMC12702261,10.2147/imcrj.s547951,Diagnostic and Management Challenges of Rheumatoid Arthritis-Associated Interstitial Lung Disease in a Ugandan Patient: A Case Report.,"Adan AH, Hirsi Snr AM, Jayte M.",,2025,2025-12-10,,eng,Y,Y,Y,0,yes,https://doi.org/10.2147/IMCRJ.S547951
158,MED,41370237,41370237,,10.1111/jpc.70256,MDA5 Antibody Associated Juvenile Dermatomyositis Presenting as Rapidly Progressive Pulmonary Fibrosis-Case Report.,"Le Fevre E, Christoff A, Singh-Grewal D, Jayasuriya G.",,2026,2025-12-10,,eng,N,N,N,0,yes,https://doi.org/10.1111/jpc.70256
159,MED,41364596,41364596,PMC12823301,10.1002/psp4.70135,Population Pharmacokinetics and Exposure-Response Model-Based Bayesian Extrapolation of FVC-Based Efficacy Endpoints From Adults to Pediatric Patients Receiving Nintedanib.,"Hartmann S, Chan Kwong A, Ribbing J, Gahlemann M, Korell J.",,2026,2025-12-09,,eng,Y,Y,Y,1,yes,https://doi.org/10.1002/psp4.70135
160,MED,41465275,41465275,PMC12732592,10.3390/ijms262411846,Genetic Determinants of Progressive Pulmonary Fibrosis: A Comprehensive Review.,"Zhumagaliyeva A, Chorostowska-Wynimko J, Jezela-Stanek A.",,2025,2025-12-08,,eng,Y,Y,Y,0,yes,https://doi.org/10.3390/ijms262411846
161,MED,41360185,41360185,,10.1016/j.chest.2025.11.031,Quantitative CT Imaging in Progressive Pulmonary Fibrosis: Clinical Usefulness and Meaningful Threshold Definition.,"Park S, Kim MJ, Lee JH, Hwang HJ, Lee SM, Chae EJ, Seo JB, Kim HC, Choe J.",,2025,2025-12-06,,eng,N,N,N,0,yes,https://doi.org/10.1016/j.chest.2025.11.031
162,MED,41351144,41351144,PMC12751843,10.1186/s12890-025-04048-3,Gender-age-physiology stage and body mass index are useful predictors of nintedanib discontinuation and prognosis in patients with idiopathic pulmonary fibrosis and progressive fibrotic interstitial lung diseases.,"Yazaki K, Matsuyama M, Satoh H, Miyazaki K, Arai N, Ishii Y, Endo T, Kaburagi T, Kawakami T, Iijima H, Motegi T, Hayashi S, Kikuchi N, Sakamoto T, Hizawa N.",,2025,2025-12-05,,eng,Y,Y,Y,0,yes,https://doi.org/10.1186/s12890-025-04048-3
163,MED,41345848,41345848,PMC12797674,10.1186/s12890-025-03973-7,Design of an open-label extension trial of nerandomilast (BI 1015550) in patients with idiopathic pulmonary fibrosis and progressive pulmonary fibrosis (FIBRONEER™-ON).,"Wuyts WA, Richeldi L, Assassi S, Azuma A, Cottin V, Hoffmann-Vold AM, Kreuter M, Oldham JM, Martinez FJ, Valenzuela C, Wijsenbeek MS, Kanakapura M, James A, Weimann G, Drzewuski C, Coeck C, Maher TM.",,2025,2025-12-04,,eng,Y,Y,Y,0,yes,https://doi.org/10.1186/s12890-025-03973-7
164,PPR,PPR1232821,,,10.64898/2025.11.28.691061,IgA antibodies against oxidation-specific epitopes are generated by double negative B cells and are associated with impaired lung function in fibrotic interstitial lung diseases,"Otoupalova E, Hannan RT, Raichura P, Batrash N, Dell P, Rodrigues-Jesus MJ, Zunder E, Wilson JM, Woodfolk JA, Taylor JJ, Ma S, Barros AJ, Shim YM, Noth I, Bonham C, Kim JS, Sturek JM.",,2025,2025-12-02,,,N,N,N,0,no,https://doi.org/10.64898/2025.11.28.691061
165,MED,41471068,41471068,PMC12736473,10.3390/pharmaceutics17121553,Development and Validation of LC-MS/MS Method for Nintedanib and BIBF 1202 Monitoring in Plasma of Patients with Progressive Pulmonary Fibrosis Associated with Systemic Sclerosis.,"Kiełczyńska A, Gilant E, Pawiński T, Szlaska I, Buś-Kwaśnik K, Pesta E, Kuc D, Kwiatkowska B.",,2025,2025-12-02,,eng,Y,Y,Y,0,yes,https://doi.org/10.3390/pharmaceutics17121553
166,MED,41399072,41399072,PMC12711420,10.19723/j.issn.1671-167x.2025.06.013,"[Clinical characteristics, efficacy and safety of antifibrotic agents in elderly patients with connective tissue disease-associated interstitial lung disease].","Lan J, Chen Z, Cheng Y, Zhao L.",,2025,2025-12-01,,chi,N,Y,Y,0,yes,https://europepmc.org/articles/PMC12711420
167,AGR,IND608974623,,,,Identification of early genes in the pathophysiology of fibrotic interstitial lung disease in a new model of pulmonary fibrosis,"Hennion N, Bedart C, Vandomber L, Gottrand F, Humez S, Chenivesse C, Desseyn JL, Gouyer V.",,2025,2025-12-01,,eng,N,N,N,0,no,
168,MED,41477374,41477374,PMC12749546,10.7759/cureus.98122,Diagnostic and Critical Care Challenges in Rapidly Progressive Interstitial Lung Disease Secondary to Multiple Myeloma.,"Sainath J, Panda CK, Kumar A, Patel S, Sharma R.",,2025,2025-11-29,,eng,Y,Y,Y,0,yes,https://doi.org/10.7759/cureus.98122
169,MED,41319572,41319572,,10.1016/j.resinv.2025.11.013,Desaturation in the six-minute walk test predicts progressive pulmonary fibrosis in fibrotic interstitial lung disease.,"Takei R, Fukihara J, Yamano Y, Kataoka K, Kimura T, Watanabe F, Furukawa T, Fukuoka J, Johkoh T, Kondoh Y.",,2026,2025-11-29,,eng,N,N,N,0,yes,https://doi.org/10.1016/j.resinv.2025.11.013
170,MED,41299492,41299492,PMC12871034,10.1186/s12890-025-04010-3,"Serum CYFRA21-1 as a novel biomarker for predicting progressive pulmonary fibrosis in non-IPF interstitial lung disease, a cohort study.","Zhang G, Sun M, Cao H, Chen X, Ma H, Jia W.",,2025,2025-11-27,,eng,Y,Y,Y,0,yes,https://doi.org/10.1186/s12890-025-04010-3
171,MED,41291658,41291658,PMC12648827,10.1186/s12931-025-03414-3,A serum biomarker-based index for predicting progressive pulmonary fibrosis in patients with anti-synthetase syndrome: the LOCCM index.,"Zhu L, Wu S, Zong C, Chen Y, Sun C, Zhang Y, Zhang X, Shu X, Lu X, Wang G, Peng Q.",,2025,2025-11-25,,eng,Y,Y,Y,1,yes,https://doi.org/10.1186/s12931-025-03414-3
172,MED,41268834,41268834,PMC12823292,10.1002/psp4.70132,Exposure-Efficacy Meta-Model of Nintedanib in Adult Patients With Chronic Fibrosing Interstitial Lung Diseases.,"Hartmann S, Janssen J, Ribbing J, Stowasser S, Korell J.",,2026,2025-11-21,,eng,Y,Y,Y,2,yes,https://doi.org/10.1002/psp4.70132
173,MED,41339152,41339152,,10.1016/j.arbres.2025.11.005,"Impact of Dosing on Functional and Clinical Outcomes of Patients With Progressive Pulmonary Fibrosis Treated With Nintedanib: Data From a Real-World, Multicentric, Italian Study.","Cefalo J, Varone F, Luppi F, Cameli P, Cerri S, Puci MV, Martini A, Franco G, Zanini U, Pianigiani T, Patsoura A, Richeldi L, Bargagli E, Sotgiu G, Mondoni M.",,2026,2025-11-20,,eng,N,N,N,0,yes,https://doi.org/10.1016/j.arbres.2025.11.005
174,MED,41330814,41330814,,10.1016/j.arbres.2025.11.006,"Defining Progressive Pulmonary Fibrosis: Implications for Clinical Trials, Guidelines, and Patient Care.","Wong AW, Ryerson CJ.",,2026,2025-11-20,,eng,N,N,N,0,yes,https://doi.org/10.1016/j.arbres.2025.11.006
175,MED,41254620,41254620,PMC12625508,10.1186/s12890-025-04013-0,CONUT score as a prognostic biomarker in progressive pulmonary fibrosis: a simple tool for clinical risk stratification.,"Akkurt ES, Sahin Ozdemirel T, Akıncı Ozyurek B, Ensarioglu K, Duvenci Birben O, Zenbilli E.",,2025,2025-11-18,,eng,Y,Y,Y,0,yes,https://doi.org/10.1186/s12890-025-04013-0
176,MED,41239329,41239329,PMC12619349,10.1186/s12890-025-03909-1,Real-world clinical and economic outcomes associated with supplemental oxygen therapy use among patients with fibrosing interstitial lung disease in the United States.,"Yang J, Steffens A, Brekke L, Anderson A, Basra G, Olson AL, Veeranki P, de Andrade JA.",,2025,2025-11-14,,eng,Y,Y,Y,0,yes,https://doi.org/10.1186/s12890-025-03909-1
177,MED,41217519,41217519,,10.1007/s00281-025-01065-6,Systemic sclerosis: pathogenic mechanisms and their implications for treatment.,"Lescoat A, Lecureur V, Gudjonsson JE, Khanna D.",,2025,2025-11-11,,eng,N,N,N,3,yes,https://doi.org/10.1007/s00281-025-01065-6
178,MED,41212434,41212434,,10.1007/s10198-025-01836-w,Economic burden and cost drivers of interstitial lung disease: a systematic review.,"Chiew SY, Mohammed M, Ong SC.",,2026,2025-11-10,,eng,N,N,N,1,yes,https://doi.org/10.1007/s10198-025-01836-w
179,MED,41302951,41302951,PMC12653561,10.3390/jcm14227914,Effectiveness of a 5-Hydroxytryptamine Type 3 Receptor Antagonist for Treating Nintedanib-Induced Diarrhea: A Prospective Observational Study.,"Arai T, Hirose M, Kagawa T, Takeuchi N, Kobayashi T, Inoue Y, Matsuda Y.",,2025,2025-11-07,,eng,Y,Y,Y,0,yes,https://doi.org/10.3390/jcm14227914
180,MED,41283570,41283570,PMC12642009,10.3390/arm93060050,Unraveling the Complexities of Hypersensitivity Pneumonitis with Autoimmune Features: A Retrospective Analysis.,"Lourenço J, Castro S, Coelho DB, Alexandre AT, Melo N, Mota PC, Bastos HN, Carvalho A, Morais A.",,2025,2025-11-07,,eng,Y,Y,Y,1,yes,https://doi.org/10.3390/arm93060050
181,MED,41198211,41198211,PMC12593440,10.1136/bmjopen-2025-105980,"Fibrotic Interstitial Lung Disease Early Recognition and Strategic Therapy Study in China (FIRST): protocol for a prospective, multicentre registry study.","Wang S, Zhang X, Xie B, Ren Y, Geng J, Luo S, He X, Jiang D, He J, Hu Y, Zhu L, Li J, Zhou G, Liu M, Zhao L, Dai H.",,2025,2025-11-05,,eng,Y,Y,Y,0,yes,https://doi.org/10.1136/bmjopen-2025-105980
182,MED,41262899,41262899,PMC12623183,10.3389/fonc.2025.1672093,Fatal early-onset checkpoint inhibitor pneumonitis in a patient with advanced squamous-cell lung cancer with underlying pulmonary fibrosis: a case report and review of the literature.,"Keller DM, Żarczyński D, Rybacka A, Kuźnar-Kamińska B.",,2025,2025-11-04,,eng,Y,Y,Y,0,yes,https://doi.org/10.3389/fonc.2025.1672093
183,MED,41248325,41248325,PMC12587914,10.1136/bmjopen-2024-097246,Characterisation of patients with antifibrotic-treated non-idiopathic pulmonary fibrosis progressive pulmonary fibrosis: a retrospective real-life study.,"Renner A, Vertanen E, Sutinen E, Ainola M, Myllärniemi M, Hollmén M.",,2025,2025-11-04,,eng,Y,Y,Y,1,yes,https://doi.org/10.1136/bmjopen-2024-097246
184,MED,41188867,41188867,PMC12584386,10.1186/s12931-025-03375-7,"The importance of considering progression speed in systemic sclerosis-associated interstitial lung diseases: application of 2022 and 2024 clinical practice guidelines for progressive pulmonary fibrosis, a retrospective cohort study.","Roeser A, Brillet PY, Tran Ba S, Caux F, Dhote R, Nunes H, Uzunhan Y.",,2025,2025-11-04,,eng,Y,Y,Y,2,yes,https://doi.org/10.1186/s12931-025-03375-7
185,MED,41473547,41473547,,10.1183/23120541.00259-2025,The clinical utility of elevated monocyte count in patients with fibrotic interstitial lung disease.,"Min B, Marinescu DC, Assayag D, Fisher J, Khalil N, Kolb M, Manganas H, Marcoux V, Fahy WA, Johnson SR, Saini G, Ryerson CJ, Jenkins RG, Stewart I, Johannson KA.",,2025,2025-11-01,,eng,N,N,N,0,yes,https://doi.org/10.1183/23120541.00259-2025
186,MED,41367675,41367675,,10.1183/23120541.00055-2025,Impact of reference equations on lung function and outcomes in fibrotic interstitial lung disease.,"Marcoux V, Mondal P, Adegunsoye A, Strek ME, Assayag D, Fisher JH, Hambly N, Khalil N, Kolb M, Lok SD, Manganas H, Vahidy S, Ryerson CJ, Johannson KA, Khor YH, Austin ILD Registry, CARE-PF and UC-ILD Registry Investigators.",,2025,2025-11-01,,eng,N,N,N,0,yes,https://doi.org/10.1183/23120541.00055-2025
187,MED,40991358,40991358,PMC12895246,10.3238/arztebl.m2025.0162,Pulmonary Involvement in Autoimmune-Mediated Disease.,"Hoffmann T, Aringer M, Koschel D, Krause A, Wolf G, Pfeil A.",,2025,2025-11-01,,eng,N,Y,Y,0,yes,https://doi.org/10.3238/arztebl.m2025.0162
188,MED,41140098,41140098,PMC12570254,10.1080/07853890.2025.2566868,Benefits of different characteristics of pulmonary rehabilitation programs in patients with interstitial lung disease: a systematic review and meta-analysis.,"Chen Q, Qiu Y, Xu M, Dong L.",,2025,2025-10-27,,eng,Y,Y,Y,0,yes,https://doi.org/10.1080/07853890.2025.2566868
189,PPR,PPR1108040,,,10.1101/2025.10.24.25338616,Fibrosing interstitial lung disease in childhood: prevalence and disease trajectories,"Griese M, Reu-Hofer S, Ley-Zaporozhan J, Kammer B, Krüger-Stollfuß I, Micic S, Carlens J, Maier P, Rodler J, Mauss-Schwarzer K, Tran N, Rapp CK, Gothe F, Marczak H, Lange J, Krenke K, Ring AM, Buchvald F, Stehling F, Jerkic PS, Trischler J, Proesmans M, Sismanlar T, Aslan A, Emiralioğlu N, Kiper N, Hämmerling S, Kılınç A, Prenzel F, Wiemers A, Moreno-Galdo A, Mayell S, Bhatt JM, Naehrlich L, Pahlke F, Wetzke M, Moeller A, Kappler M, the chILD-EU collaborators, Schwerk N, Seidl E.",,2025,2025-10-25,,,N,N,N,0,no,https://doi.org/10.1101/2025.10.24.25338616
190,MED,41137027,41137027,PMC12553200,10.1186/s12890-025-03949-7,Fibrotic and vascular abnormalities quantified by an AI-based model are associated with outcomes in patients with idiopathic pulmonary fibrosis.,"Guiot J, Engelberts J, Henket M, Ernst B, Maloir Q, Louis R, Lynch DA, Humphries SM, Charbonnier JP.",,2025,2025-10-24,,eng,Y,Y,Y,0,yes,https://doi.org/10.1186/s12890-025-03949-7
191,MED,41107994,41107994,PMC12532433,10.1186/s13075-025-03654-0,Efficacy and safety of rituximab versus intravenous cyclophosphamide for systemic sclerosis-associated interstitial lung disease: a retrospective cohort study.,"Hiura R, Ayano M, Uchino A, Hiura J, Ueda N, Tanaka A, Yoshizawa S, Kawano S, Sagawa F, Ota SI, Hirata A, Fujimoto S, Nishimura N, Takaki-Kuwahara A, Kimoto Y, Akashi K, Niiro H.",,2025,2025-10-17,,eng,Y,Y,Y,0,yes,https://doi.org/10.1186/s13075-025-03654-0
192,MED,41141243,41141243,PMC12550176,10.1016/j.metop.2025.100404,Non-invasive hair metabolome analysis reveals GERD and thyroid dysfunction in pulmonary fibrosis patients.,"Thomas B, Goodin DA, Baker J, Miller HA, Suliman S, Frieboes HB.",,2025,2025-10-11,,eng,Y,Y,Y,0,yes,https://doi.org/10.1016/j.metop.2025.100404
193,MED,41152077,41152077,,10.1016/j.arbres.2025.10.004,Nintedanib Combined With Pirfenidone in Patients With Idiopathic Pulmonary Fibrosis or Progressive Pulmonary Fibrosis: A Long-Term Retrospective Multicentre Study (Combi-PF).,"Meersseman C, Martínez Besteiro E, Romain-Scelle N, Crestani B, Marchand-Adam S, Nunes H, Wémeau-Stervinou L, Borie R, Diesler R, Valenzuela C, Cottin V, OrphaLung network.",,2026,2025-10-10,,eng,N,N,N,2,yes,https://doi.org/10.1016/j.arbres.2025.10.004
194,MED,41089224,41089224,PMC12517263,10.5588/ijtldopen.25.0427,The effect of pollutant exposure on cough in progressive pulmonary fibrosis.,"Vander Linden H, Zanini U, Kalluri M, Cole J, Boulanger P, Feist M, Ferrara G.",,2025,2025-10-10,,eng,Y,Y,Y,0,yes,https://doi.org/10.5588/ijtldopen.25.0427
195,MED,41150029,41150029,PMC12565242,10.3390/jimaging11100353,ILD-Slider: A Parameter-Efficient Model for Identifying Progressive Fibrosing Interstitial Lung Disease from Chest CT Slices.,"Zhang J, Wada S, Sugimoto K, Niitsu T, Fukushima K, Kida H, Wang B, Konishi S, Okada K, Nakashima Y, Takeda T.",,2025,2025-10-09,,eng,Y,Y,Y,0,yes,https://doi.org/10.3390/jimaging11100353
196,PPR,PPR1096056,,,10.21203/rs.3.rs-7677215/v1,"Drug–drug interactions with pioglitazone, losartan, and midazolam and anti-tumor efficacy and safety study of TAS- 115 in patients with solid tumors","Katsuya Y, Takenaka S, Takahashi S, Yamamoto N.",,2025,2025-10-06,,,N,N,N,0,no,https://doi.org/10.21203/rs.3.rs-7677215/v1
197,MED,40920908,40920908,PMC12555036,10.1164/rccm.202508-1969ed,To B or Not to B: Germinal Center Responses in Progressive Fibrotic Interstitial Lung Disease.,"Sherman A, Medoff BD, Cho JL.",,2025,2025-10-01,,eng,Y,Y,Y,0,yes,https://doi.org/10.1164/rccm.202508-1969ED
198,MED,40815686,40815686,,10.1164/rccm.202502-0419oc,Active Antigen-Specific Adaptive Immune Responses Are Shared among Patients with Progressive Fibrotic Interstitial Lung Disease.,"Velez TE, Yoon YM, Upadhyay V, Vazquez SE, Lee CT, Selvan KC, Law CS, Blaine KM, Hollinger MK, Decker DM, Bingham GC, Pastore CF, Bonham CA, Clark MR, Schoettler NR, Strek ME, Guzy RD, Adegunsoye A, Noth I, Wolters PJ, Barker TH, Anderson MS, DeRisi JL, Shum AK, Sperling AI.",,2025,2025-10-01,,eng,N,N,N,2,yes,https://doi.org/10.1164/rccm.202502-0419OC
199,MED,40680162,40680162,PMC12378963,10.1164/rccm.202501-0208oc,A Quantitative Imaging Measure of Progressive Pulmonary Fibrosis.,"Wang JM, Adegunsoye A, Pugashetti JV, Lee CT, Murray S, Mohan N, Nazemi N, Kang E, Chelala L, Kazerooni EA, Flaherty KR, Belloli EA, Sheth JS, O'Dwyer DN, Strek ME, Hatt CR, Han MK, Chung JH, Oldham JM.",,2025,2025-10-01,,eng,N,Y,Y,10,yes,https://doi.org/10.1164/rccm.202501-0208OC
200,MED,40600929,40600929,PMC12555033,10.1164/rccm.202505-1152ed,Progress in Progressive Pulmonary Fibrosis.,Roman J.,,2025,2025-10-01,,eng,Y,Y,Y,0,yes,https://doi.org/10.1164/rccm.202505-1152ED
201,MED,40530983,40530983,PMC12525792,10.1164/rccm.202501-0317oc,Performance Characteristics for Physiological Measures of Progressive Pulmonary Fibrosis.,"Newton CA, Thenappan A, Liu GY, Yazbeck L, Lee CT, Pugashetti JV, Wang JM, White E, Flaherty KR, Belloli EA, Sheth JS, Mohan N, Nazemi N, Yu AR, Ghodrati S, Johannson KA, Marcoux V, Fisher JH, Assayag D, Manganas H, Khalil N, Kolb M, Morisset J, Garcia CK, Chua F, Strek ME, Khor YH, Adegunsoye A, Ryerson CJ, Molyneaux PL, Oldham JM.",,2025,2025-10-01,,eng,N,Y,Y,4,yes,https://doi.org/10.1164/rccm.202501-0317OC
202,MED,40459884,40459884,,10.1093/rheumatology/keaf306,Predictive factors and clinical outcomes of progressive pulmonary fibrosis in anti-threonyl (PL7) positive anti-synthetase syndrome.,"Shan X, Huang Z, Wang G, Ge Y.",,2025,2025-10-01,,eng,N,N,N,2,yes,https://doi.org/10.1093/rheumatology/keaf306
203,MED,40424456,40424456,,10.1093/rheumatology/keaf287,Clinical-imaging characteristics and management of anti-JO-1 and non-JO-1 anti-synthetase syndrome-associated interstitial lung disease.,"Zhou W, Chen R, Chen X, Xie W, Xu Q, Liu Y, Chen L, Chen B, Dai J.",,2025,2025-10-01,,eng,N,N,N,1,yes,https://doi.org/10.1093/rheumatology/keaf287
204,MED,41024236,41024236,PMC12482893,10.1186/s13287-025-04646-2,Human umbilical cord mesenchymal stem cell-derived exosomes prevent and alleviate experimental pulmonary fibrosis by modulating the cytoskeleton of macrophages.,"Zhao L, Tang Y, Wu B, Gao Y, Shen X, Liu Z, Xiao S, Yao S, Li J, Shen F.",,2025,2025-09-29,,eng,Y,Y,Y,0,yes,https://doi.org/10.1186/s13287-025-04646-2
205,MED,40999443,40999443,PMC12465658,10.1186/s12890-025-03897-2,The effect of antifibrotics on the progression of pulmonary hypertension in patients with interstitial lung disease listed for lung transplantation.,"Thomas C, Chandel A, Zineddin M, Tang C, Kim HC, Khangoora V, King C, Shlobin O, Nathan SD.",,2025,2025-09-25,,eng,Y,Y,Y,0,yes,https://doi.org/10.1186/s12890-025-03897-2
206,MED,40996656,40996656,,10.1007/s12015-025-10987-5,Circulating Endothelial Compartment and Progenitor Cell Dynamics in Idiopathic Pulmonary Fibrosis: Findings from the COFI Trial.,"Smadja DM, Nunes H, Juvin K, Borie R, Mauge L, Crestani B, Blandinières A, Carton Z, Philippe A, Bertil S, Valeyre D, Israel-Biet D.",,2026,2025-09-25,,eng,N,N,N,0,yes,https://doi.org/10.1007/s12015-025-10987-5
207,MED,40997357,40997357,,10.1016/j.medcli.2025.107169,Real-world use of nintedanib for the treatment of interstitial lung disease with progressive pulmonary fibrosis.,"Cabrera César E, López Garcia J, Cano Gamonoso MB, López Ramirez C, Jiménez Rodriguez B, Romero Ortiz AD, Palacios Hidalgo Z, Fole Vázquez D, Guerrero Zamora P, Mena Vázquez N, Hidalgo Molina A, De La Cruz Morón I, Espildora Hernández F, Cruz Medina A, Lacarcel Bautista C, Vegas Viñas A, Velasco Garrido JL.",,2025,2025-09-24,,eng,N,N,N,0,yes,https://doi.org/10.1016/j.medcli.2025.107169
208,MED,41010869,41010869,PMC12471148,10.3390/jcm14186665,Retrospective Observational Study of Nintedanib in Managing Idiopathic and Progressive Pulmonary Fibrosis in Routine Practice.,"Andrisano AG, Castaldo N, Giuliana F, Femia D, Morana G, Patruno V, Monteleone G, Reccardini N, Cifaldi R, Hughes M, Wang Y, Confalonieri P, Salton F, Geri P, Confalonieri M, Ruaro B.",,2025,2025-09-22,,eng,Y,Y,Y,1,yes,https://doi.org/10.3390/jcm14186665
209,MED,40974786,40974786,,10.1016/j.resinv.2025.09.009,The prognosis of lung transplant candidates with progressive pulmonary fibrosis.,"Yamaya T, Muraoka T, Yamaguchi M, Kawashima M, Konoeda C, Sato M.",,2025,2025-09-19,,eng,N,N,N,0,yes,https://doi.org/10.1016/j.resinv.2025.09.009
210,MED,40969541,40969541,PMC12441109,10.2147/rmhp.s533705,Clinical Characteristics and Risk Factors for Progressive Pulmonary Fibrosis in Primary Sjögren's Syndrome: A Case-Control Study.,"Diao J, Qiao L, Duan X, Hui M, Li M, Zhao Y, Zeng X, Xu D.",,2025,2025-09-12,,eng,Y,Y,Y,1,yes,https://doi.org/10.2147/RMHP.S533705
211,MED,41011037,41011037,PMC12471781,10.3390/medicina61091646,Quantification and Analysis of Lung Involvement by Artificial Intelligence in Patients with Progressive Pulmonary Fibrosis Treated with Nintedanib.,"Battaglia C, Pelaia C, Lupia C, Mondelli A, Turco F, Zaffino P, Cosentino C, Manti F, Conti G, Montenegro N, Maiorano A, Pelaia G, Romeo P, Laganà D.",,2025,2025-09-11,,eng,Y,Y,Y,0,yes,https://doi.org/10.3390/medicina61091646
212,MED,40935264,40935264,,10.1016/j.rmed.2025.108347,Effectiveness of antifibrotic treatment in real-world patients with progressive pulmonary fibrosis.,"Niitsu T, Fukushima K, Komukai S, Yamamoto R, Shiroyama T, Nii T, Takata S, Hashimoto K, Abe Y, Hirata H, Miyake K, Kataoka T, Okudela K, Iwakoshi S, Yanagawa M, Takeuchi N, Takeda Y, Kida H, Kumanogoh A.",,2025,2025-09-09,,eng,N,N,N,1,yes,https://doi.org/10.1016/j.rmed.2025.108347
213,MED,40943655,40943655,PMC12429018,10.3390/ijms26178736,The Role of Particle Inhalation in Idiopathic Pulmonary Fibrosis.,"Ghio AJ, Sangani RG, Todd NW.",,2025,2025-09-08,,eng,Y,Y,Y,1,yes,https://www.mdpi.com/1422-0067/26/17/8736/pdf?version=1757569893
214,MED,40923244,40923244,,10.20452/pamw.17115,"Predictors of 1-year progression of interstitial lung disease in patients with interstitial pneumonia with autoimmune features: a single-center, prospective study.","Miądlikowska E, Miłkowska-Dymanowska J, Białas AJ, Makowska JS, Lewandowska-Polak A, Łacwik P, Piotrowski WJ.",,2025,2025-09-08,,eng,N,N,N,1,yes,https://doi.org/10.20452/pamw.17115
215,MED,40974697,40974697,,10.1016/j.semarthrit.2025.152826,The prognostic importance of worsening dyspnoea in systemic sclerosis related interstitial lung disease.,"Morrisroe K, Hansen D, Stevens W, Ross L, Sahhar J, Ngian GS, Host LV, Proudman S, Barron M, Nikpour M.",,2025,2025-09-05,,eng,N,N,N,1,yes,https://doi.org/10.1016/j.semarthrit.2025.152826
216,MED,41110930,41110930,,10.1016/j.ccm.2025.07.009,Hermansky-Pudlak Syndrome.,"Wang JY, Young LR.",,2025,2025-09-01,,eng,N,N,N,0,yes,https://doi.org/10.1016/j.ccm.2025.07.009
217,MED,41513513,41513513,,10.1053/j.ro.2025.08.001,Hypersensitivity Pneumonitis: Imaging Findings and Patterns.,"Sellers T, Martin MD, Kanne JP.",,2026,2025-08-29,,eng,N,N,N,0,yes,https://doi.org/10.1053/j.ro.2025.08.001
218,MED,40866517,40866517,PMC12391471,10.1038/s41598-025-17374-7,Single-cell transcriptomic analysis of blood and bronchoalveolar lavage fluid in progressive fibrosing interstitial lung diseases.,"Sakashita A, Hirano A, Fujii W, Baßler K, Tsuji T, Kadoya M, Omoto A, Hiraoka N, Imabayashi T, Kaneko Y, Sofue H, Maehara Y, Seno T, Wada M, Kohno M, Fukuda W, Yamada K, Takayama K, Kawahito Y.",,2025,2025-08-27,,eng,Y,Y,Y,0,yes,https://doi.org/10.1038/s41598-025-17374-7
219,MED,40824943,40824943,PMC12519591,10.1152/ajplung.00295.2024,"p53-miR-34a feedback in lung fibroblasts regulates antifibrotic effects of CSP7, nintedanib, and pirfenidone.","Fan L, Shetty RS, Dao HM, Balnadupete A, Somasundram B, Bhagavath AK, Kongara A, Tang H, Citrin DE, Williams RO, Peters JI, Shetty S.",,2025,2025-08-18,,eng,N,Y,Y,3,yes,https://doi.org/10.1152/ajplung.00295.2024
220,MED,40754799,40754799,,10.1080/1744666x.2025.2543473,Clinical efficacy and safety evaluation of drug therapies for the treatment of progressive fibrotic-interstitial lung diseases (PF-ILDs): a network meta-analysis of randomized controlled trials.,"Singh P, Thampi G, Gupta K, Gangte N, Pattnaik B, Agrawal A, Kukreti R.",,2025,2025-08-12,,eng,N,N,N,1,yes,https://doi.org/10.1080/1744666X.2025.2543473
221,MED,40789441,40789441,,10.1016/j.taap.2025.117502,Activation of the cGAS-STING pathway in monocytes exacerbates pulmonary fibrosis induced by paraquat poisoning.,"Sun Y, Yuan Z, Li W, Lin X, Yang C, Yang Y, Miao H, Wang S, Cui Z, Bao Z, Lang S, Sun W, Huang H, Sui X, Du X, Feng W, Yang J, Wang Y, Luo Y.",,2025,2025-08-09,,eng,N,N,N,2,yes,https://doi.org/10.1016/j.taap.2025.117502
222,PPR,PPR1192433,,,10.22541/au.175465821.12891217/v1,Combined Therapy Using Nerandomilast and Nintedanib Enhances Treatment of Silica-Induced Silicosis in Mice,"Liu Y, Li X, Gu X, Wang Y, Hu Y, Liu Z, Wang Q, Gu S, Yang Z, Jiao R, Liu X, Xu A, Li H, Song H, Yu N, Yang C.",,2025,2025-08-08,,,N,N,N,0,no,https://doi.org/10.22541/au.175465821.12891217/v1
223,MED,40769405,40769405,,10.1016/j.autrev.2025.103900,Unmet needs and emerging pharmacotherapies for autoimmune connective tissue disease-associated interstitial lung diseases.,"Kondoh Y, Fujii T, Inoue Y, Atsumi T.",,2025,2025-08-05,,eng,N,N,N,6,yes,https://doi.org/10.1016/j.autrev.2025.103900
224,MED,40763377,40763377,,10.1016/j.resinv.2025.07.015,Transbronchial lung cryo-rebiopsy for progressive interstitial lung disease.,"Yamada C, Niwa T, Hagiwara E, Baba T, Iwasawa T, Sawazumi T, Takemura T, Ogura T.",,2025,2025-08-05,,eng,N,N,N,0,yes,https://doi.org/10.1016/j.resinv.2025.07.015
225,MED,40754253,40754253,,10.1016/j.amjmed.2025.07.027,Decoding objective cough features in progressive pulmonary fibrosis: A 6-month feasibility study.,"Feist MD, Huang Y, Kalluri M, Cole J, Naikyar E, Boulanger P, Zanini U, Birring S, Ferrara G.",,2026,2025-08-05,,eng,N,N,N,0,yes,https://doi.org/10.1016/j.amjmed.2025.07.027
226,PPR,PPR1061840,,,10.1101/2025.08.01.25332591,Trends in Medicare Part D Spending on Antifibrotic Therapies for Pulmonary Fibrosis: 2019–2023,"Rizly S, Vaithiswaran D, Lorenzana A, Saleh A.",,2025,2025-08-02,,,N,N,N,0,no,https://www.medrxiv.org/content/medrxiv/early/2025/08/02/2025.08.01.25332591.full.pdf
227,MED,40749361,40749361,,10.1016/j.resinv.2025.07.014,Ability of patient-reported outcomes to predict progression-free survival in patients with mild to moderate fibrosing interstitial lung disease.,"Okamoto M, Yanagihara T, Zaizen Y, Fujimoto K, Chikasue T, Sumi A, Tabata K, Tominaga M, Matsuo N, Nouno T, Matsuura S, Hamasaki K, Kawaguchi A, Hoshino T.",,2025,2025-08-02,,eng,N,N,N,1,yes,https://doi.org/10.1016/j.resinv.2025.07.014
228,MED,40576880,40576880,PMC12367894,10.1007/s11547-025-02036-5,Correction: Quantification of progressive pulmonary fibrosis by visual scoring of HRCT images: recommendations from Italian chest radiology experts.,"Baratella E, Borghesi A, Calandriello L, Cortese G, Casa GD, Giraudo C, Grassedonio E, Larici AR, Palmucci S, Romei C, Plastina UR, Sverzellati N.",,2025,2025-08-01,,eng,Y,Y,Y,0,yes,https://doi.org/10.1007/s11547-025-02036-5
229,MED,40896001,40896001,PMC12396780,10.7759/cureus.89074,Pulmonary Nocardia farcinica Infection in a Non-immunocompromised Patient With Fibrotic Nonspecific Interstitial Pneumonia (NSIP).,"V N, Thangaswamy D.",,2025,2025-07-30,,eng,Y,Y,Y,0,yes,https://doi.org/10.7759/cureus.89074
230,MED,40715322,40715322,PMC12297266,10.1038/s41598-025-12952-1,Circulating biomarkers in patients with progressive fibrosing interstitial lung disease treated with nintedanib: a pilot study.,"Miceli V, Callari A, Calzolari E, Castelbuono S, Claudia C, Lanzarone N, Martino L, Conaldi PG, Pinzani M, Vitulo P.",,2025,2025-07-25,,eng,Y,Y,Y,0,yes,https://doi.org/10.1038/s41598-025-12952-1
231,MED,40703055,40703055,,10.1080/17476348.2025.2539540,Home-based pulmonary rehabilitation and health coaching in fibrotic interstitial lung disease: a perspective on current evidence and future directions.,"Moua T, Benzo R.",,2026,2025-07-25,,eng,N,N,N,1,yes,https://doi.org/10.1080/17476348.2025.2539540
232,MED,40719115,40719115,,10.1055/a-2649-9359,Emerging Concepts in Fibroblast Biology and Progressive Pulmonary Fibrosis.,"Singh P, Edjah S, Shi W, Madala SK.",,2025,2025-07-24,,eng,N,N,N,1,yes,https://doi.org/10.1055/a-2649-9359
233,MED,40717875,40717875,PMC12289458,10.7759/cureus.88645,"Lung Function Changes and Connective Tissue Growth Factor Expression in Idiopathic Pulmonary Fibrosis, Other Progressive Fibrosing Interstitial Lung Diseases, and Post-COVID Fibrosis.","Sherozia E, Page C, Kakhniashvili T, Tabagari N, Gotua M.",,2025,2025-07-24,,eng,Y,Y,Y,0,yes,https://doi.org/10.7759/cureus.88645
234,MED,40699284,40699284,,10.1007/s11845-025-04007-1,The role of shear wave elastography in predicting the development of progressive pulmonary fibrosis in patients with rheumatoid arthritis.,"Kerget B, Çınar İ, Akleylek C, Yeşilyurt M, Uçar EY, Alper F.",,2025,2025-07-23,,eng,N,N,N,0,yes,https://doi.org/10.1007/s11845-025-04007-1
235,MED,40683979,40683979,PMC12276317,10.1038/s41598-025-12180-7,Analysis of the relationship between bronchoalveolar lavage lymphocyte fraction and detailed autoimmune features in patients with idiopathic interstitial pneumonia.,"Enomoto N, Watanuki M, Nakai S, Yazawa S, Mochizuka Y, Fukada A, Tanaka Y, Naoi H, Inoue Y, Yasui H, Karayama M, Suzuki Y, Hozumi H, Furuhashi K, Toyoshima M, Kono M, Imokawa S, Fujii M, Akamatsu T, Koshimizu N, Yokomura K, Matsuda H, Kaida Y, Nakamura Y, Shirai M, Mori K, Masuda M, Fujisawa T, Inui N, Sugiura H, Sumikawa H, Kitani M, Tabata K, Ogawa N, Suda T.",,2025,2025-07-19,,eng,Y,Y,Y,0,yes,https://doi.org/10.1038/s41598-025-12180-7
236,MED,40634418,40634418,PMC12241621,10.1038/s41598-025-08484-3,"Validation of the gender, age, physiology model and other prognostic factors in interstitial lung disease patients with systemic autoimmune rheumatic disease.","Hwang YJ, Lee JK, Lee JH, Ahn Y, Lee SM, Hong S, Kim HC.",,2025,2025-07-09,,eng,Y,Y,Y,0,yes,https://doi.org/10.1038/s41598-025-08484-3
237,MED,40627063,40627063,,10.1007/s00408-025-00832-4,"Effectiveness of Nintedanib in Progressive Pulmonary Fibrosis Assessed by Progression Criteria: An Italian, Observational, Multicenter Study.","Mondoni M, Varone F, Luppi F, Cameli P, Cerri S, Puci MV, Cefalo J, Contino S, Martini A, Iovene B, Sgalla G, Franco G, Zanini U, Pianigiani T, Dilroba A, Puggioni D, Patsoura A, Mosole B, Torre O, Bargagli E, Richeldi L, Sotgiu G.",,2025,2025-07-08,,eng,N,N,N,3,yes,https://doi.org/10.1007/s00408-025-00832-4
238,MED,40652799,40652799,,10.1016/j.phymed.2025.157041,Maiwei Yangfei decoction protects against pulmonary fibrosis by suppressing NLRP3 inflammasome-mediated pyroptosis of alveolar macrophage.,"Zhu D, Zhao Q, Pan T, Bai L, Zhao Y, Wang J, Wang Z, Xu Y, Zhou X.",,2025,2025-07-05,,eng,N,N,N,3,yes,https://doi.org/10.1016/j.phymed.2025.157041
239,MED,40849172,40849172,,10.1016/j.cnc.2025.05.002,Managing Acute Exacerbations in Idiopathic Pulmonary Fibrosis and Progressive Pulmonary Fibrosis in the Intensive Care Unit Setting.,"Ali A, Glassberg MK.",,2025,2025-07-04,,eng,N,N,N,0,yes,https://doi.org/10.1016/j.cnc.2025.05.002
240,MED,40604872,40604872,PMC12225376,10.1186/s12931-025-03311-9,Role of antifibrotics in progressive pulmonary fibrosis associated to autoimmune diseases: multicenter study from NEREA registry.,"Nieto MA, Vadillo C, Pernaute OS, Romero-Bueno F, Rodriguez-Nieto MJ, Laporta R, Godoy H, Loarce J, Rigual J, Leon L, Abasolo L.",,2025,2025-07-02,,eng,Y,Y,Y,5,yes,https://doi.org/10.1186/s12931-025-03311-9
241,MED,41336384,41336384,,10.1109/embc58623.2025.11252982,Idiopathic Pulmonary Fibrosis Identification and Prediction of Disease Severity via Combination of Different Biomarker Types.,"Willis C, Ballard A, Kendall AN, Goodin DA, Suliman SA, Frieboes HB.",,2025,2025-07-01,,eng,N,N,N,0,yes,https://doi.org/10.1109/EMBC58623.2025.11252982
242,MED,40903050,40903050,PMC12406027,10.1183/16000617.0280-2024,Air pollution and alveolar health.,"Sofia C, Parkin JGH, Bell JA, Dean LSN, Edgeway LJ, Sayer L, Easton NHC, Davies DE, Marshall BG, Holgate ST, Richeldi L, Jones MG, Loxham M.",,2025,2025-07-01,,eng,Y,Y,Y,3,yes,https://doi.org/10.1183/16000617.0280-2024
243,MED,40596620,40596620,PMC12215683,10.1038/s41598-025-08969-1,Prognostic significance of acute exacerbations and usual interstitial pneumonia in fibrotic interstitial lung disease.,"Zhang Y, Cen Z, Ding Q, Ying Y, Lv C, Wu T.",,2025,2025-07-01,,eng,Y,Y,Y,1,yes,https://doi.org/10.1038/s41598-025-08969-1
244,MED,40591000,40591000,PMC12214032,10.1007/s10238-025-01779-9,Dynamics of serum tumor markers may indicate the progression of interstitial lung disease in Sjögren's syndrome patients: new roles for old friends.,"Song J, Gao R, Han F, Pu J, Liang Y, Wang Y, Wu Z, Pan S, Wu H, Sun Y, Lin K, Tang J, Wang X.",,2025,2025-07-01,,eng,Y,Y,Y,1,yes,https://doi.org/10.1007/s10238-025-01779-9
245,MED,40590695,40590695,,10.1148/radiol.242531,Current State of Fibrotic Interstitial Lung Disease Imaging.,"Chelala L, Brixey AG, Hobbs SB, Kanne JP, Kligerman SJ, Lynch DA, Chung JH.",,2025,2025-07-01,,eng,N,N,N,2,yes,https://doi.org/10.1148/radiol.242531
246,MED,40699499,40699499,PMC12242862,10.36141/svdld.v42i2.16342,Mental health burden in progressive pulmonary fibrosis and idiopathic pulmonary fibrosis: Depression and anxiety.,"Javorac J, Živanović D, Miladinović M, Mikić A, Dukanac V, Ilić M, Milenković A, Peričević Medić S, Popović T, Kašiković Lečić S.",,2025,2025-06-25,,eng,Y,Y,Y,2,yes,https://doi.org/10.36141/svdld.v42i2.16342
247,MED,40561889,40561889,,10.1016/j.resinv.2025.06.005,Prognosis and prognostic factors for chronic fibrosing idiopathic interstitial pneumonias.,"Nishikiori H, Chiba H.",,2025,2025-06-24,,eng,N,N,N,0,yes,https://doi.org/10.1016/j.resinv.2025.06.005
248,MED,40555758,40555758,,10.1007/s00108-025-01911-7,[Target organ the lungs: diversity of fibrotic pulmonary diseases].,"Leuschner G, Behr J.",,2025,2025-06-24,,ger,N,N,N,0,yes,https://doi.org/10.1007/s00108-025-01911-7
249,MED,40561677,40561677,,10.1016/j.anndiagpath.2025.152522,Relationship between fibroblastic foci and respiratory function: Does the abundance of fibroblastic foci reflect a recent decline in respiratory function?,"Katsuragawa H, Ito H, Handa T, Hamaji M, Tanaka S, Sakamoto R, Nakajima D, Date H, Haga H, Yoshizawa A.",,2025,2025-06-22,,eng,N,N,N,0,yes,https://doi.org/10.1016/j.anndiagpath.2025.152522
250,MED,40688948,40688948,PMC12276634,10.7759/cureus.86412,Progressive Systemic Sclerosis-Associated Interstitial Lung Disease With Clinical-Radiographic Dissociation and Delayed Transplant Access: A Case Report.,"Bakinde N, Johnson A, Ngo Bakinde D, Pemu P, Flenaugh E.",,2025,2025-06-20,,eng,Y,Y,Y,0,yes,https://doi.org/10.7759/cureus.86412
251,MED,40544983,40544983,,10.1016/j.autrev.2025.103856,Radio-labelled fibroblast activation protein inhibitors in interstitial lung diseases - a systematic review.,"Bundgaard-Nielsen M, Johnsen RH, Mortensen J, Shaker SB, Nielsen CTH.",,2025,2025-06-20,,eng,N,N,N,3,yes,https://doi.org/10.1016/j.autrev.2025.103856
252,MED,40541130,40541130,,10.1016/j.resinv.2025.06.004,Antifibrotic agents in progressive pulmonary fibrosis and non-progressive pulmonary fibrosis of fibrotic hypersensitivity pneumonitis.,"Kaneko T, Okuda R, Takemura T, Iwasawa T, Haga S, Takeda Y, Hagiwara E, Ogura T.",,2025,2025-06-20,,eng,N,N,N,0,yes,https://doi.org/10.1016/j.resinv.2025.06.004
253,MED,40612945,40612945,PMC12221905,10.3389/fimmu.2025.1514439,"Predicting biomarkers of progressive pulmonary fibrosis: morphological, cytokine profile, and clinical portrait.","Bernardinello N, Pezzuto F, D'Sa L, Vedovelli L, Giraudo C, Chelu A, de Chellis C, Lunardi F, Fortarezza F, Boscaro F, Cocconcelli E, Spagnolo P, Balestro E, Calabrese F.",,2025,2025-06-19,,eng,Y,Y,Y,1,yes,https://doi.org/10.3389/fimmu.2025.1514439
254,MED,40526353,40526353,PMC12634812,10.1007/s00330-025-11714-x,Risk factors and prognostic indicators for progressive fibrosing interstitial lung disease: a deep learning-based CT quantification approach.,"Lee K, Lee JH, Koh SY, Park H, Goo JM.",,2025,2025-06-17,,eng,Y,Y,Y,1,yes,https://doi.org/10.1007/s00330-025-11714-x
255,MED,40522429,40522429,PMC12373627,10.1007/s41030-025-00302-5,Epidemiology and Prognosis of Progressive Pulmonary Fibrosis: A Literature Review.,"Montero IE, Hernandez-Gonzalez F, Sellares J.",,2025,2025-06-16,,eng,Y,Y,Y,2,yes,https://doi.org/10.1007/s41030-025-00302-5
256,MED,40564181,40564181,PMC12190877,10.3390/biomedicines13061463,Predictive Biomarkers and Novel Treatments for the Progressive Fibrosing Phenotype in Interstitial Lung Disease Associated with Connective Tissue Disease.,Chung SW.,,2025,2025-06-13,,eng,Y,Y,Y,4,yes,https://doi.org/10.3390/biomedicines13061463
257,PPR,PPR1035307,,,10.1101/2025.06.10.25329329,Interstitial Lung Disease Fatigue & Breathlessness (ILD-FAB) Programme: A multidisciplinary feasibility study,"Mandizha J, Davies R, Crook C, Duckworth A, Gibbons M, Lanario J, Lines S, Moss J, Taylor K, Russell A.",,2025,2025-06-12,,,N,N,N,0,no,https://www.medrxiv.org/content/medrxiv/early/2025/06/12/2025.06.10.25329329.full.pdf
258,MED,40657392,40657392,PMC12244033,10.7150/ijms.113226,An Overview of the Role of Genetic factors in Idiopathic Pulmonary Fibrosis: Insights from Epidemiology to Prognosis.,"Liu J, Yi Z, Chen T, Ying Y, Hu Y.",,2025,2025-06-12,,eng,Y,Y,Y,0,yes,https://doi.org/10.7150/ijms.113226
259,PPR,PPR1034632,,,10.1101/2025.06.10.658504,Alveolar epithelial cell plasticity and injury memory in human pulmonary fibrosis,"Adams TS, Schupp JC, Balayev A, Khoury J, Justet A, Nikola F, De Sadeleer LJ, Cala-Garcia J, Zapata-Ortega M, Benos PV, McDonough JE, Ahangari F, Königshoff M, Ding J, Homer RJ, Rosas I, Yan X, Vanaudenaerde BM, Wuyts WA, Kaminski N.",,2025,2025-06-10,,,N,N,N,0,no,https://doi.org/10.1101/2025.06.10.658504
260,MED,40494506,40494506,PMC12488351,10.4046/trd.2025.0056,Pharmaco-economic Inequalities in Access to Antifibrotic Treatment for Interstitial Lung Disease in the Asia-Pacific Region.,"Chua F, Nyanti LE, Tan SH, Syakirin Sirol Aflah S, Kho SS, Chai GT, Wangkarnjana A, Low SY, Andarini S, Beckert L, Campomanes CM, Chan FK, De Boer S, Disayabutr S, Diaz D, Fachrucha F, Goh N, Handa T, Jee A, Kawkitinarong K, Ko HK, Lim V, Mackintosh J, Muhammad NA, Park MS, Tenda E, Tsai YM, Tubig CJ, Vu LT, Vu T, Wilsher M, Yip WH, Inoue Y, Song JW.",,2025,2025-06-10,,eng,Y,Y,Y,3,yes,https://doi.org/10.4046/trd.2025.0056
261,PPR,PPR1033892,,,10.21203/rs.3.rs-6579267/v1,Predictors of progressive pulmonary fibrosis and survival in fibrosing interstitial lung disease-related usual interstitial pneumonia,"Fu H, Li X, Shi H, Zhang J, Zhang M.",,2025,2025-06-09,,,N,N,N,0,no,https://doi.org/10.21203/rs.3.rs-6579267/v1
262,MED,40769536,40769536,PMC12340524,10.1183/16000617.0023-2025,Initiation of antifibrotic treatment in fibrosing interstitial lung disease: is the clock ticking till proven progression?,"Gogali A, Kostikas K, Tzouvelekis A.",,2025,2025-06-01,,eng,Y,Y,Y,0,yes,https://doi.org/10.1183/16000617.0023-2025
263,MED,40491154,40491154,,10.3760/cma.j.cn112147-20241202-00713,[Progressive fibrosing interstitial lung disease which means idiopathic pulmonary fibrosis plus progressive pulmonary fibrosis].,"Xu WS, Mu XD.",,2025,2025-06-01,,chi,N,N,N,1,yes,https://doi.org/10.3760/cma.j.cn112147-20241202-00713
264,MED,40491153,40491153,,10.3760/cma.j.cn112147-20241218-00745,[Recomment of the correctly understand and standardize the use of terms and concepts related to interstitial lung disease].,"Chen T, Xu ZJ.",,2025,2025-06-01,,chi,N,N,N,0,yes,https://doi.org/10.3760/cma.j.cn112147-20241218-00745
265,MED,40312137,40312137,,10.1002/cph4.70013,Protein Ubiquitination Modification in Pulmonary Fibrosis.,"Shen J, Jiang Y, Bu W, Yu M, Huang R, Tang C, Yang Z, Gao H, Su L, Cheng D, Zhao X.",,2025,2025-06-01,,eng,N,N,N,6,yes,https://doi.org/10.1002/cph4.70013
266,MED,40443216,40443216,PMC12488355,10.4046/trd.2025.0044,Korean Guidelines for Diagnosis and Management of Interstitial Lung Diseases.,"Park C, Yeo Y, Woo A, Yoo JW, Hong G, Shin JW, Park SW.",,2025,2025-05-30,,eng,Y,Y,Y,2,yes,https://doi.org/10.4046/trd.2025.0044
267,MED,40420027,40420027,PMC12105393,10.1186/s12890-025-03706-w,Exploring the role of serum adiponectin and its holigomerization in fibrotic interstitial lung diseases: results from a cross-sectional study.,"Nigro E, D'Agnano V, Pagliaro R, Mallardo M, Bianco A, Picone C, D'Errico AG, Daniele A, Perrotta F.",,2025,2025-05-26,,eng,Y,Y,Y,0,yes,https://doi.org/10.1186/s12890-025-03706-w
268,MED,40402289,40402289,,10.1007/s00330-025-11653-7,Dynamic perfusion area-detector CT in non-small cell lung cancer with progressive fibrosing interstitial lung disease.,"Ohno Y, Fujisawa Y, Yoshikawa T, Seki S, Takenaka D, Fujii K, Ito Y, Kimata H, Akino N, Nagata H, Nomura M, Ueda T, Ozawa Y.",,2025,2025-05-22,,eng,N,N,N,0,yes,https://doi.org/10.1007/s00330-025-11653-7
269,MED,40388329,40388329,,10.1056/nejmoa2503643,Nerandomilast in Patients with Progressive Pulmonary Fibrosis.,"Maher TM, Assassi S, Azuma A, Cottin V, Hoffmann-Vold AM, Kreuter M, Oldham JM, Richeldi L, Valenzuela C, Wijsenbeek MS, Clerisme-Beaty E, Coeck C, Gu H, Ritter I, Schlosser A, Stowasser S, Voss F, Weimann G, Zoz DF, Martinez FJ, FIBRONEER-ILD Trial Investigators.",,2025,2025-05-19,,eng,N,N,N,81,yes,https://doi.org/10.1056/NEJMoa2503643
270,MED,40388091,40388091,PMC12182512,10.1007/s12325-025-03215-6,Progressive Pulmonary Fibrosis: Current Status in Terminology and Future Directions.,"Kondoh Y, Inoue Y.",,2025,2025-05-19,,eng,Y,Y,Y,6,yes,https://link.springer.com/content/pdf/10.1007/s12325-025-03215-6.pdf
271,MED,40379312,40379312,PMC12086889,10.1136/bmjopen-2025-099664,Comparing the efficacy of exertional oxygen delivery by continuous versus demand-based flow systems during 6-minute walk test in patients with fibrotic interstitial lung disease and COPD in a hospital setting (OXYCODE): a protocol for a randomised trial.,"Kronborg-White S, Jensen JH, Bendstrup E, Prior TS.",,2025,2025-05-16,,eng,Y,Y,Y,0,yes,https://doi.org/10.1136/bmjopen-2025-099664
272,MED,40447522,40447522,,10.1016/j.arbres.2025.05.001,Expression Profiles of Nintedanib-Targeting Molecules in Progressive Pulmonary Fibrosis and Idiopathic Pulmonary Fibrosis.,"Zhang X, Liu C, She Y, Fu X, Tong X, Zhang L.",,2025,2025-05-15,,eng,N,N,N,0,yes,https://doi.org/10.1016/j.arbres.2025.05.001
273,MED,40428250,40428250,PMC12109843,10.3390/diagnostics15101257,Bayesian Integration of Bronchoalveolar Lavage miRNAs and KL-6 in Progressive Pulmonary Fibrosis Diagnosis.,"Soccio P, Longo V, Mencar C, Tondo P, Murgolo F, Scioscia G, Lacedonia D.",,2025,2025-05-15,,eng,Y,Y,Y,0,yes,https://doi.org/10.3390/diagnostics15101257
274,MED,40381640,40381640,PMC12641851,10.1016/s2665-9913(25)00026-8,Predicting the risk of subsequent progression in patients with systemic sclerosis-associated interstitial lung disease with progression: a multicentre observational cohort study.,"Hoffmann-Vold AM, Petelytska L, Fretheim H, Aaløkken TM, Becker MO, Jenssen Bjørkekjær H, Brunborg C, Bruni C, Clarenbach C, Diep PP, Dobrota R, Durheim MT, Elhai M, Frauenfelder T, Huang S, Jordan S, Langballe E, Midtvedt Ø, Mihai C, Mulcaire-Jones E, Pugashetti JV, Sprecher M, Oldham J, Molberg Ø, Khanna D, Distler O.",,2025,2025-05-14,,eng,N,Y,Y,9,yes,https://doi.org/10.1016/S2665-9913(25)00026-8
275,MED,40348760,40348760,PMC12065893,10.1038/s41467-025-59641-1,Let-7 restrains an epigenetic circuit in AT2 cells to prevent fibrogenic intermediates in pulmonary fibrosis.,"Seasock MJ, Shafiquzzaman M, Ruiz-Echartea ME, Kanchi RS, Tran BT, Simon LM, Meyer MD, Erice PA, Lotlikar SL, Wenlock SC, Ochsner SA, Enright A, Carisey AF, Romero F, Rosas IO, King KY, McKenna NJ, Coarfa C, Rodriguez A.",,2025,2025-05-10,,eng,Y,Y,Y,12,yes,https://doi.org/10.1038/s41467-025-59641-1
276,MED,40337333,40337333,PMC12053892,10.1183/23120541.01013-2024,Genomic classifier: biomarker for progression in interstitial lung disease.,"Parrish R, Kheir F.",,2025,2025-05-06,,eng,Y,Y,Y,1,yes,https://doi.org/10.1183/23120541.01013-2024
277,MED,40316670,40316670,PMC12048501,10.1038/s41598-025-99857-1,Forced oscillation technique in progressive pulmonary fibrosis in a single-center retrospective study.,"Denis A, Henket M, Giltay L, Gillet H, Creuen X, Frix AN, Gester F, Louis R, Guiot J.",,2025,2025-05-02,,eng,Y,Y,Y,1,yes,https://doi.org/10.1038/s41598-025-99857-1
278,MED,40511579,40511579,,10.21037/apm-24-177,Digital clubbing predicts the efficacy of antifibrotic drugs in patients with idiopathic pulmonary fibrosis.,"Yamauchi H, Bando M, Okuyama A, Takasaki T, Hisata S, Nakayama M, Mato N, Maemondo M.",,2025,2025-05-01,,eng,N,N,N,0,yes,https://doi.org/10.21037/apm-24-177
279,MED,40491463,40491463,,10.1183/23120541.00926-2024,Real-life characteristics and management of patients with fibrosing interstitial lung disease: INSIGHTS-ILD registry.,"Behr J, Kreuter M, Guenther AU, Bonella F, Pittrow D, Pausch C, Seeliger B, Prasse A, Skowasch D, Wilkens H, Kabitz HJ, Wirtz H, Claussen M, Grohé C, Hagmeyer L, Budweiser S, Andreica I, Neff U, Biller H, Glaeser S, Schwaiblmair M, Schramm P, Meyer FJ, Thabaret K, Klotsche J, Veit T, Frankenberger M, Drobbe L, Gesierich W, Seese B, Koch E, Grünewaldt A, Markart P, Westhoff M, Held M, Kirschner J, Wälscher J, Eisenmann S, Neurohr C, Kreutz CP, Grund D, Haberl S, Ewert R, Stubbe B, Polke M, Reichenberger F, von Wulffen W, Krauss E, Weber M, Walterspacher S, Koschel D.",,2025,2025-05-01,,eng,N,N,N,1,yes,https://doi.org/10.1183/23120541.00926-2024
280,MED,40358445,40358445,,10.1148/radiol.241252,Advances in Concept and Imaging of Interstitial Lung Disease.,"Yanagawa M, Han J, Wada N, Song JW, Hwang J, Lee HY, Hata A, Franquet T, Chung MP, Tomiyama N, Hatabu H, Lee KS.",,2025,2025-05-01,,eng,N,N,N,2,yes,https://doi.org/10.1148/radiol.241252
281,MED,40348510,40348510,PMC12646457,10.1016/j.chest.2024.12.006,COUNTERPOINT: Should the Progressive Pulmonary Fibrosis Clinical Practice Guideline Be Adopted for Clinical Practice? No.,"Oldham JM, Cottin V.",,2025,2025-05-01,,eng,N,Y,Y,0,yes,https://doi.org/10.1016/j.chest.2024.12.006
282,MED,40348509,40348509,,10.1016/j.chest.2024.12.005,POINT: Should the Progressive Pulmonary Fibrosis Clinical Practice Guideline Be Adopted for Clinical Practice? Yes.,"Marinescu DC, Ryerson CJ.",,2025,2025-05-01,,eng,N,N,N,0,yes,https://doi.org/10.1016/j.chest.2024.12.005
283,MED,40370719,40370719,PMC12075389,10.3389/fmed.2025.1594201,Circulating extracellular vesicles as predictive biomarkers of progressive interstitial lung disease in systemic sclerosis-a prospective cohort study.,"Colic J, Pruner I, Damjanov N, Antovic J, Sefik-Bukilica M, Cerinic MM, Antovic A.",,2025,2025-04-30,,eng,Y,Y,Y,2,yes,https://doi.org/10.3389/fmed.2025.1594201
284,MED,40296077,40296077,PMC12038994,10.1186/s12931-025-03236-3,Alveolar cell composition in interstitial lung disease and the development of a pulmonary progressive fibrosing phenotype: a retrospective cohort study.,"Simons IA, Boerrigter BG, Hovestadt MCM, Mooij-Kalverda KA, Zhang S, Boers LS, van der Zee AHM, Nossent EJ, Duitman JW.",,2025,2025-04-28,,eng,Y,Y,Y,0,yes,https://doi.org/10.1186/s12931-025-03236-3
285,MED,40295125,40295125,PMC12039023,10.1136/bmjopen-2024-088271,Predicting Outcomes using DIGital TechnologY in patients with Interstitial Lung Disease (PRODIGY-ILD): Protocol for a Prospective Cohort Study.,"Gunne E, Holden S, Franciosi AN, Keane M, McCarthy C, Doran P.",,2025,2025-04-28,,eng,Y,Y,Y,0,yes,https://doi.org/10.1136/bmjopen-2024-088271
286,MED,40294812,40294812,,10.1016/j.yexcr.2025.114578,Basal and AT2 cells promote IPF-lung cancer co-occurrence via EMT: Single-cell analysis.,"Ren C, Zi Y, Zhang X, Liao X, Chen H.",,2025,2025-04-26,,eng,N,N,N,2,yes,https://doi.org/10.1016/j.yexcr.2025.114578
287,MED,40269953,40269953,PMC12020124,10.1186/s12931-025-03237-2,Serum C-C motif chemokine ligand 17 as a predictive biomarker for the progression of non-idiopathic pulmonary fibrosis interstitial lung disease.,"Enomoto T, Takeda Y, Shirai Y, Hasegawa T, Zhao F, Lunding H, Pohl M, Edahiro R, Shichino S, Kawasaki T, Yoshimura H, Hara R, Amiya S, Yamamoto M, Nakatsubo D, Tanizaki S, Nakayama M, Noda Y, Niitsu T, Adachi Y, Tone M, Abe Y, Naito M, Masuhiro K, Naito Y, Shiroyama T, Miyake K, Koyama S, Fukushima K, Iwahori K, Hirata H, Nagatomo I, Nojima S, Yanagawa M, Inoue Y, Kumanogoh A.",,2025,2025-04-23,,eng,Y,Y,Y,0,yes,https://doi.org/10.1186/s12931-025-03237-2
288,MED,40268574,40268574,,10.1016/j.rmr.2025.04.002,[Antifibrotic therapies: Where do we stand 10years later?],"Hindré R, Uzunhan Y.",,2025,2025-04-22,,fre,N,N,N,0,yes,https://doi.org/10.1016/j.rmr.2025.04.002
289,MED,40260907,40260907,,10.1111/imj.70051,Advances in management of pulmonary fibrosis.,"Lachowicz JA, Steinfort DP, Smallwood NE, Prasad JD.",,2025,2025-04-22,,eng,N,N,N,1,yes,https://doi.org/10.1111/imj.70051
290,MED,40294559,40294559,,10.1016/j.semarthrit.2025.152729,Development of a prediction model for progression of rheumatoid arthritis-associated interstitial lung disease using serologic and clinical factors: The prospective KORAIL cohort.,"Chang SH, Paudel ML, McDermott GC, Zhang Q, Fukui S, Kim M, Ha YJ, Lee JS, Lee SW, Park CH, Kim JW, Ha JW, Chung SW, Kang EH, Lee YA, Park YB, Choe JY, Lee EY, Sparks JA.",,2025,2025-04-17,,eng,N,N,N,7,yes,https://doi.org/10.1016/j.semarthrit.2025.152729
291,MED,40291022,40291022,PMC12023007,10.3389/fmed.2025.1526530,The patient journey and burden of disease in progressive pulmonary fibrosis in Japan: a cross-sectional survey.,"Kaneko Y, Waseda Y, Yasuoka H, Okazaki M, Nagata S, Iwasaki R, Small M, Ishii H.",,2025,2025-04-11,,eng,Y,Y,Y,0,yes,https://doi.org/10.3389/fmed.2025.1526530
292,MED,40222418,40222418,,10.1016/j.rmed.2025.108098,Cough burden and quality of life in patients with progressive pulmonary fibrosis: A multicenter observational study.,"Cilli A, Uzer F, Comert SS, Ocal N, Duman D, Özgün Niksarlıoğlu EY, Coşkun NF, Ursavaş A, Hanta I, Altınoz ES, Sahin BO, Yuksel E, Deniz PP, Gezmis I, Erten HÇ, Yildiz Ö.",,2025,2025-04-11,,eng,N,N,N,0,yes,https://doi.org/10.1016/j.rmed.2025.108098
293,MED,40216412,40216412,PMC12185894,10.1136/bmjresp-2024-002323,"Early nintedanib deployment in COVID-19 interstitial lung disease (ENDCOV-I): study protocol of a randomised, double-blind, placebo-controlled trial.","Santibanez V, Mathur A, Zatakia J, Ng N, Cohen M, Bagiella E, Brown SA, Rosas IO, Patel NM, Olson A, Li P, Padilla M.",,2025,2025-04-10,,eng,Y,Y,Y,2,yes,https://doi.org/10.1136/bmjresp-2024-002323
294,MED,40265183,40265183,PMC12011607,10.3389/fmed.2025.1595959,Editorial: Biomarkers for progressive pulmonary fibrosis.,"Fabro AT, Brcic L, Achcar RD.",,2025,2025-04-08,,eng,Y,Y,Y,0,yes,https://doi.org/10.3389/fmed.2025.1595959
295,MED,40210090,40210090,,10.1016/j.chest.2025.04.003,"Effect of Admilparant, a Lysophosphatidic Acid Receptor 1 Antagonist, on Disease Progression in Pulmonary Fibrosis.","Kreuter M, Maher TM, Wuyts WA, Valenzuela C, Hamblin M, Kim S, Patel A, Elpers B, Richeldi L.",,2025,2025-04-08,,eng,N,N,N,2,yes,https://doi.org/10.1016/j.chest.2025.04.003
296,MED,40218293,40218293,PMC11988434,10.3390/diagnostics15070943,Computer-Aided Evaluation of Interstitial Lung Diseases.,"Colombi D, Marvisi M, Ramponi S, Balzarini L, Mancini C, Milanese G, Silva M, Sverzellati N, Uccelli M, Ferrozzi F.",,2025,2025-04-07,,eng,Y,Y,Y,3,yes,https://doi.org/10.3390/diagnostics15070943
297,MED,40192924,40192924,PMC12185580,10.1007/s11547-025-01985-1,Quantification of progressive pulmonary fibrosis by visual scoring of HRCT images: recommendations from Italian chest radiology experts.,"Baratella E, Borghesi A, Calandriello L, Cortese G, Della Casa G, Giraudo C, Grassedonio E, Larici AR, Palmucci S, Romei C, Plastina UR, Sverzellati N.",,2025,2025-04-07,,eng,Y,Y,Y,5,yes,https://doi.org/10.1007/s11547-025-01985-1
298,MED,40241794,40241794,PMC12000143,10.3389/fcell.2025.1557384,SIRT3/6/7: promising therapeutic targets for pulmonary fibrosis.,"Huang P, Qin D, Qin Y, Tao S, Liu G.",,2025,2025-04-02,,eng,Y,Y,Y,2,yes,https://doi.org/10.3389/fcell.2025.1557384
299,MED,40529319,40529319,PMC12171857,10.1183/20734735.0259-2024,A new era in the treatment of progressive fibrosing interstitial lung diseases.,"Denis A, Tsiri P, Guiot J, Tzouvelekis A.",,2025,2025-04-01,,eng,Y,Y,Y,1,yes,https://doi.org/10.1183/20734735.0259-2024
300,MED,40500130,40500130,,10.1183/16000617.0282-2024,Prognostic biomarkers for the development of progressive pulmonary fibrosis in hypersensitivity pneumonitis: a systematic review.,"Simons IA, Korevaar DA, Denswil NP, Maitland-van der Zee AH, Nossent EJ, Duitman JW, P4O2 consortium.",,2025,2025-04-01,,eng,N,N,N,0,yes,https://doi.org/10.1183/16000617.0282-2024
301,MED,40169424,40169424,PMC12051532,10.1080/17520363.2025.2485014,PRDX-4: a novel biomarker similar to KL-6 for predicting the occurrence and progression of systemic sclerosis-ILD.,"Alp GT, Vasi İ, Alp E, Güler AA, Karadeniz H, Gülbahar Ö, Erden A, Tufan A, Öztürk MA, Göker B, Haznedaroğlu Ş, Küçük H.",,2025,2025-04-01,,eng,N,Y,Y,1,yes,https://doi.org/10.1080/17520363.2025.2485014
302,MED,39892883,39892883,,10.3899/jrheum.2024-1333,Progressive Pulmonary Fibrosis in Rheumatoid Arthritis-Associated Interstitial Lung Disease.,Rojas-Serrano J.,,2025,2025-04-01,,eng,N,N,N,2,yes,https://doi.org/10.3899/jrheum.2024-1333
303,MED,39814449,39814449,PMC11961329,10.3899/jrheum.2024-0713,Serum Biomarkers of Pulmonary Damage and Risk for Progression of Rheumatoid Arthritis-Associated Interstitial Lung Disease.,"Chang SH, Park YB, McDermott GC, Paudel ML, Hayashi K, Ha YJ, Lee JS, Kim MU, Park CH, Kim JW, Ha JW, Chung SW, Lee SW, Kang EH, Lee YA, Choe JY, Lee EY, Sparks JA.",,2025,2025-04-01,,eng,N,Y,Y,11,yes,https://doi.org/10.3899/jrheum.2024-0713
304,MED,39745380,39745380,,10.1164/rccm.202409-1730pp,Impact of Environmental Exposures on the Development and Progression of Fibrotic Interstitial Lung Disease.,"Johannson KA, Adegunsoye A, Behr J, Cottin V, Glanville AR, Glassberg MK, Goobie GC, Jenkins RG, Kim JS, Lee CT, Redlich CA, Richeldi L, Salisbury ML, Tetley T, Corte TJ.",,2025,2025-04-01,,eng,N,N,N,6,yes,https://doi.org/10.1164/rccm.202409-1730PP
305,MED,39579076,39579076,,10.1093/jpp/rgae143,Inhaled exogenous thymosin beta 4 suppresses bleomycin-induced pulmonary fibrosis in mice via TGF-β1 signalling pathway.,"Yu R, Li S, Chen L, Hu E, Chai D, Liu Z, Zhang Q, Mao Y, Zhai Y, Li K, Liu Y, Li X, Zhou H, Yang C, Xu J.",,2025,2025-04-01,,eng,N,N,N,0,yes,https://doi.org/10.1093/jpp/rgae143
306,MED,40236382,40236382,PMC11996130,10.4103/atm.atm_213_24,"Analysis of treatment efficacy, tolerability, and survival of patients receiving antifibrotic therapy for progressive nonidiopathic pulmonary fibrosis.","Ocal N, Cilli A, Mogulkoc N, Coskun F, Ursavas A, Hanta I, Ozyurek BA, Ensarioglu K, Ezircan A, Yuksel E, Arikan B, Uzer F, Ozdemirel TS, Misirci S, Deniz PP, Basyigit I, Kumbasar OO.",,2025,2025-03-31,,eng,Y,Y,Y,0,yes,https://doi.org/10.4103/atm.atm_213_24
307,MED,40147856,40147856,,10.1183/13993003.e6503-2025,&lt;i&gt;ERJ&lt;/i&gt; Podcast March 2025: Generalisability of pharmaceutical randomised controlled trial eligibility criteria for progressive pulmonary fibrosis.,,,2025,2025-03-27,,eng,N,N,N,0,yes,https://doi.org/10.1183/13993003.E6503-2025
308,MED,40147029,40147029,,10.1177/10499091251329920,Listening to the Patient: Holistic Assessment to Reveal and Manage Breathlessness.,"Kalluri M, Pooler C.",,2026,2025-03-27,,eng,N,N,N,1,yes,https://doi.org/10.1177/10499091251329920
309,MED,39819571,39819571,,10.1183/13993003.01077-2024,"Development and validation of a clinical, CT, genomic classifier and BAL scoring system for diagnosing idiopathic pulmonary fibrosis.","Kam MLW, Tjong ELH, Chaudhary S, Koelsch TL, Pryor JB, Koslow M, Mohning MP, Solomon JJ, Huie TJ, Swigris JJ, Fernández Pérez ER.",,2025,2025-03-27,,eng,N,N,N,2,yes,https://doi.org/10.1183/13993003.01077-2024
310,MED,40122143,40122143,PMC12060750,10.1111/resp.70030,Lung Function Course of Patients With Pulmonary Fibrosis After Initiation of Anti-Fibrotic Treatment: Real-World Data From the Dutch National Registry.,"Platenburg MGJP, Nakshbandi G, Moor CC, van Batenburg AA, Mostard RLM, Voortman M, Moonen LAA, Hekelaar N, Overbeek MJ, A H A Bogaarts B, Kramer H, Marges ER, Boerrigter BB, Bresser P, Schakenraad EL, van der Maten J, van der Sloot NCA, Walen S, Afonso PM, Wijsenbeek MS, Grutters JC.",,2025,2025-03-23,,eng,Y,Y,Y,2,yes,https://onlinelibrary.wiley.com/doi/pdfdirect/10.1111/resp.70030
311,MED,40128984,40128984,PMC12549037,10.2169/internalmedicine.5203-24,Central-venous Catheter Insertion in Progressive-fibrosing Interstitial Lung Disease.,"Anzai M, Takeuchi A, Mitsui M, Ishizuka T.",,2025,2025-03-22,,eng,Y,Y,Y,0,yes,https://doi.org/10.2169/internalmedicine.5203-24
312,MED,40121019,40121019,PMC11931949,10.1136/bmjresp-2024-002327,"Complex breathlessness intervention in idiopathic pulmonary fibrosis (BREEZE-IPF): a feasibility, wait-list design randomised controlled trial.","Crooks MG, Wright C, Hart S, Allgar V, English A, Swan F, Dyson J, Richardson G, Twiddy M, Cohen J, Simpson A, Huang C, Sykes DL, Johnson M.",,2025,2025-03-22,,eng,Y,Y,Y,2,yes,https://doi.org/10.1136/bmjresp-2024-002327
313,MED,40113924,40113924,PMC11926179,10.1038/s41598-025-93221-z,CD206 and dust particles are prognostic biomarkers of progressive fibrosing interstitial lung disease associated with air pollutant exposure.,"Kadushkin A, Yudina O, Lukashevich N, Davidovskaya E, Filanyuk V, Dziadzichkina V, Cai X.",,2025,2025-03-20,,eng,Y,Y,Y,0,yes,https://doi.org/10.1038/s41598-025-93221-z
314,MED,40101437,40101437,,10.1016/j.resinv.2025.02.009,Prognostic prediction for newly diagnosed patients with idiopathic interstitial pneumonia: JIPS Registry (NEJ030).,"Okuda R, Ogura T, Hisata S, Baba T, Kondoh Y, Suda T, Johkoh T, Iwasawa T, Tomioka H, Bando M, Azuma A, Inoue Y, Ishikawa N, Arai N, Takihara T, Hamaguchi M, Arai T, Nakamura Y, Miyamoto A, Tomii K, Miyazaki Y, Chiba H, Ishii H, Hamada N, Terasaki Y, Fukuoka J, Sakai F, Egashira R, Fujimoto K, Sumikawa H, Suzuki T, Sakamoto S, Nishioka Y, Hattori N, Hashimoto N, Morita S, Ichihara N, Miyata H, Hagiwara K, Kobayashi K, Nukiwa T, JIPS registry collaborators.",,2025,2025-03-17,,eng,N,N,N,2,yes,https://doi.org/10.1016/j.resinv.2025.02.009
315,MED,40142785,40142785,PMC11942987,10.3390/jcm14061974,Retrospective Analysis of Predictive Biomarkers of Survival in Acute Exacerbation of Fibrosing Interstitial Lung Disease: A Single-Center Study in Spain.,"Ferreiro-Posse A, Granados G, Salvador S, Pilia MF, Espejo D, Romero C, Ojanguren I, Muñoz X, Villar A.",,2025,2025-03-14,,eng,Y,Y,Y,1,yes,https://doi.org/10.3390/jcm14061974
316,MED,40117729,40117729,,10.1016/j.semarthrit.2025.152710,Real-world evidence of the antifibrotic nintedanib in rheumatoid arthritis-interstitial lung disease. National multicenter study of 74 patients.,"Atienza-Mateo B, Serrano-Combarro A, Loarce Martos J, Vegas-Revenga N, Martín López M, Castañeda S, Melero-González RB, Mena Vázquez N, Carrasco-Cubero C, Díez Morrondo C, Castro Corredor D, Vázquez Rodríguez TR, García Valle A, Bonilla G, Rodríguez López M, Braña Abascal I, Rojas Herrera SM, Sarmiento-Monroy JC, Andújar Brazal P, Ferrer D, Ferraz-Amaro I, Blanco R, Spanish Collaborative Group of Antifibrotics in Interstitial Lung Disease Associated with Rheumatoid Arthritis.",,2025,2025-03-14,,eng,N,N,N,6,yes,https://doi.org/10.1016/j.semarthrit.2025.152710
317,MED,40088616,40088616,,10.1016/j.jaut.2025.103397,Advanced pulmonary sarcoidosis.,"Jeny F, Valeyre D, Lower EE, Baughman RP.",,2025,2025-03-14,,eng,N,N,N,3,yes,https://doi.org/10.1016/j.jaut.2025.103397
318,MED,40074941,40074941,PMC11904048,10.1007/s00018-025-05620-0,Identification of early genes in the pathophysiology of fibrotic interstitial lung disease in a new model of pulmonary fibrosis.,"Hennion N, Bedart C, Vandomber L, Gottrand F, Humez S, Chenivesse C, Desseyn JL, Gouyer V.",,2025,2025-03-13,,eng,Y,Y,Y,0,yes,https://doi.org/10.1007/s00018-025-05620-0
319,MED,40066320,40066320,PMC11892080,10.7759/cureus.80290,Progression in Fibrotic Interstitial Lung Diseases: Prevalence and Indicators in the Initial Evaluation in a Brazilian Multicentric Cohort.,"Resende AC, Cordero S, Mancuzo EV, Storrer KM, Moreira MA, Baptista FM, Ferreira R, Soares MR, Pereira CAA.",,2025,2025-03-09,,eng,Y,Y,Y,0,yes,https://doi.org/10.7759/cureus.80290
320,MED,40049739,40049739,,10.1183/13993003.00118-2025,The moving target of progressive pulmonary fibrosis: insights for future clinical trials.,"Cottin V, Mismetti V, Valenzuela C, Oldham J.",,2025,2025-03-06,,eng,N,N,N,0,yes,https://doi.org/10.1183/13993003.00118-2025
321,MED,39510557,39510557,,10.1183/13993003.01575-2024,Generalisability of pharmaceutical randomised controlled trial eligibility criteria for progressive pulmonary fibrosis.,"Khor YH, Johannson KA, Marcoux V, Fisher JH, Assayag D, Manganas H, Khalil N, Marinescu DC, Muller NL, Kolb M, Ryerson CJ, CARE-PF Investigators.",,2025,2025-03-06,,eng,N,N,N,4,yes,https://doi.org/10.1183/13993003.01575-2024
322,MED,40049235,40049235,,10.1016/j.jim.2025.113846,Anti-chicken and anti-pigeon immunoglobulin G testing in patients with bird-related fibrotic hypersensitivity pneumonitis.,"Okuda R, Takemura T, Misumi T, Hagiwara E, Ogura T.",,2025,2025-03-04,,eng,N,N,N,0,yes,https://doi.org/10.1016/j.jim.2025.113846
323,MED,40022111,40022111,PMC11871732,10.1186/s12931-025-03146-4,Person-centred health outcomes in the routine care for people with progressive pulmonary fibrosis: the COCOS-IPF project's European survey on healthcare professionals' views and practices.,"Somogyi V, Delameillieure A, Schenk S, Van Bulck L, Breuls S, Üçkuyu N, Töreyin ZN, Stenzel N, Moğulkoç N, Wuyts W, Jones S, Galvin L, Boyd J, Tonia T, Dobbels F, Kreuter M.",,2025,2025-02-28,,eng,Y,Y,Y,0,yes,https://doi.org/10.1186/s12931-025-03146-4
324,MED,40022059,40022059,PMC11871617,10.1186/s12931-025-03136-6,Extent of lung fibrosis is of greater prognostic importance than HRCT pattern in patients with progressive pulmonary fibrosis: data from the ILD-PRO registry.,"Swaminathan AC, Weber JM, Todd JL, Palmer SM, Neely ML, Whelan TP, Kim GHJ, Leonard TB, Goldin J.",,2025,2025-02-28,,eng,Y,Y,Y,4,yes,https://doi.org/10.1186/s12931-025-03136-6
325,MED,40095548,40095548,PMC11900237,10.3390/jcm14051601,Comparison of Chest High-Resolution Computed Tomography Findings in Patients with Anti-Melanoma Differentiation-Associated Gene 5 Antibody-Positive and Antibody-Negative Progressive Pulmonary Fibrosis with Polymyositis/Dermatomyositis.,"Sato N, Kotani T, Koyama M, Matsuda S, Sakamoto A, Shou Y, Oe K, Takeuchi T, Osuga K.",,2025,2025-02-27,,eng,Y,Y,Y,1,yes,https://doi.org/10.3390/jcm14051601
326,MED,40020995,40020995,,10.1016/j.chest.2025.02.018,Changes in Lung Function and Mortality Risk in Patients With Idiopathic Pulmonary Fibrosis.,"Oldham JM, Neely ML, Wojdyla DM, Gulati M, Li P, Patel DC, Palmer SM, Todd JL, IPF-PRO Registry Investigators.",,2025,2025-02-26,,eng,N,N,N,8,yes,https://doi.org/10.1016/j.chest.2025.02.018
327,MED,40004847,40004847,PMC11856631,10.3390/jcm14041317,Non-Pharmacological Management of Idiopathic Pulmonary Fibrosis.,"Mullholand JB, Grossman CE, Perelas A.",,2025,2025-02-17,,eng,Y,Y,Y,1,yes,https://doi.org/10.3390/jcm14041317
328,MED,40002639,40002639,PMC11854868,10.3390/diagnostics15040488,Transthoracic Lung Ultrasound in Systemic Sclerosis-Associated Interstitial Lung Disease: Capacity to Differentiate Chest Computed-Tomographic Characteristic Patterns.,"Rotondo C, Busto G, Rella V, Barile R, Cacciapaglia F, Fornaro M, Iannone F, Lacedonia D, Quarato CMI, Trotta A, Cantatore FP, Corrado A.",,2025,2025-02-17,,eng,Y,Y,Y,4,yes,https://doi.org/10.3390/diagnostics15040488
329,MED,39945563,39945563,,10.1111/pin.13511,Pathological predictor of progressive pulmonary fibrosis.,"Ahn AR, Kim KM, Park HS, Jang KY, Moon WS, Chung MJ.",,2025,2025-02-13,,eng,N,N,N,0,yes,https://doi.org/10.1111/pin.13511
330,MED,39938407,39938407,,10.1016/j.resinv.2025.01.008,"One-minute sit-to-stand test to detect gas exchange capacity during exercise stress in patients with idiopathic or progressive pulmonary fibrosis: A randomized, crossover trial.","Miyata Y, Tanaka A, Goto Y, Ebato T, Suganuma H, Nojo M, Mikuni H, Uno T, Uchida Y, Jinno M, Ohta S, Homma T, Watanabe Y, Kusumoto S, Sagara H.",,2025,2025-02-11,,eng,N,N,N,1,yes,https://doi.org/10.1016/j.resinv.2025.01.008
331,MED,39892159,39892159,,10.1016/j.resinv.2025.01.007,Prevalence and clinical features of progressive pulmonary fibrosis in patients with unclassifiable idiopathic interstitial pneumonia: A post hoc analysis of prospective multicenter registry.,"Kono M, Enomoto N, Inoue Y, Yasui H, Karayama M, Suzuki Y, Hozumi H, Furuhashi K, Toyoshima M, Imokawa S, Fujii M, Akamatsu T, Koshimizu N, Yokomura K, Matsuda H, Kaida Y, Nakamura Y, Shirai M, Masuda M, Fujisawa T, Inui N, Sugiura H, Sumikawa H, Kitani M, Tabata K, Hashimoto D, Ogawa N, Suda T.",,2025,2025-01-31,,eng,N,N,N,0,yes,https://doi.org/10.1016/j.resinv.2025.01.007
332,MED,39881354,39881354,PMC11780992,10.1186/s12890-025-03520-4,Predictive factors of fibrotic interstitial lung abnormality on high-resolution computed tomography scans: a prospective observational study.,"Ichikado K, Ichiyasu H, Iyonaga K, Kawamura K, Yasuda Y, Anan K, Okabayashi H, Akaike K, Higashi N, Johkoh T, Fujimoto K, Saito T, Morinaga J, Yoshida M, Mitsuzaki K, Sakagami T.",,2025,2025-01-29,,eng,Y,Y,Y,0,yes,https://doi.org/10.1186/s12890-025-03520-4
333,MED,39879227,39879227,PMC11778754,10.1371/journal.pone.0316484,European ILD registry algorithm for self-assessment in interstitial lung diseases (eurILDreg ASA-ILD).,"Krauss E, Claas LH, Tello S, Naumann J, Wobisch S, Kuhn S, Majeed RW, Moor K, Molina-Molina M, Byrne O, Borton R, Wijsenbeek MS, Hirani N, Vancheri C, Crestani B, Guenther A, eurILDreg investigators.",,2025,2025-01-29,,eng,Y,Y,Y,2,yes,https://doi.org/10.1371/journal.pone.0316484
334,MED,39941208,39941208,PMC11817504,10.3390/diagnostics15030278,Integrating Radiomics Signature into Clinical Pathway for Patients with Progressive Pulmonary Fibrosis.,"Sica G, D'Agnano V, Bate ST, Romano F, Viglione V, Franzese L, Scaglione M, Tamburrini S, Reginelli A, Perrotta F.",,2025,2025-01-24,,eng,Y,Y,Y,1,yes,https://doi.org/10.3390/diagnostics15030278
335,MED,39856708,39856708,PMC11762107,10.1186/s12931-025-03117-9,Automated AI-based image analysis for quantification and prediction of interstitial lung disease in systemic sclerosis patients.,"Guiot J, Henket M, Gester F, André B, Ernst B, Frix AN, Smeets D, Van Eyndhoven S, Antoniou K, Conemans L, Gote-Schniering J, Slabbynck H, Kreuter M, Sellares J, Tomos I, Yang G, Ribbens C, Louis R, Cottin V, Tomassetti S, Smith V, Walsh SLF.",,2025,2025-01-24,,eng,Y,Y,Y,9,yes,https://doi.org/10.1186/s12931-025-03117-9
336,MED,39855300,39855300,PMC11959423,10.1016/j.ajpath.2024.12.015,Piezo2 Is a Key Mechanoreceptor in Lung Fibrosis that Drives Myofibroblast Differentiation.,"Freeberg MAT, Camus SV, Robila V, Perelas A, Thatcher TH, Sime PJ.",,2025,2025-01-22,,eng,N,Y,Y,10,yes,https://doi.org/10.1016/j.ajpath.2024.12.015
337,MED,39843158,39843158,PMC11751723,10.1183/16000617.0133-2024,Identifying outcome domains to establish a core outcome set for progressive pulmonary fibrosis: a scoping review.,"Delameillieure A, Somogyi V, Schenk S, Toreyin N, Stenzel N, Van Bulck L, Breuls S, Kreuter M, Wuyts WA, Mogulkoc N, Boyd J, Jones S, Galvin L, Dobbels F, COCOS-IPF consortium.",,2025,2025-01-22,,eng,Y,Y,Y,3,yes,https://doi.org/10.1183/16000617.0133-2024
338,MED,39855917,39855917,,10.1016/j.joim.2025.01.003,An adaptive Bayesian randomized controlled trial of traditional Chinese medicine in progressive pulmonary fibrosis: Rationale and study design.,"Zhang C, Nie YS, Zhang CT, Yang HJ, Zhang HR, Xiao W, Cui GF, Li J, Li SJ, Huang QS, Yan SY.",,2025,2025-01-16,,eng,N,N,N,1,yes,https://doi.org/10.1016/j.joim.2025.01.003
339,MED,39882519,39882519,PMC11775758,10.3389/fmed.2024.1526531,Treatment patterns and clinical profile in progressive pulmonary fibrosis: a Japanese cross-sectional survey.,"Yasuoka H, Waseda Y, Kaneko Y, Okazaki M, Iwasaki R, Nagata S, Small M, Ishii H.",,2024,2025-01-15,,eng,Y,Y,Y,1,yes,https://doi.org/10.3389/fmed.2024.1526531
340,MED,39711034,39711034,PMC12122240,10.1002/acr.25485,Treatment Response Biomarkers for Systemic Sclerosis-Associated Interstitial Lung Disease.,"Volkmann ER, Wilhalme H, Tashkin DP, Kim GHJ, Goldin J, Haussmann A, Kuwana M, Roth MD, Assassi S.",,2025,2025-01-15,,eng,N,Y,Y,5,yes,https://doi.org/10.1002/acr.25485
341,MED,39990206,39990206,PMC11840721,10.7150/thno.106367,Collagen-targeted PET imaging for progressive experimental lung fibrosis quantification and monitoring of efficacy of anti-fibrotic therapies.,"Dias AMM, Burgy O, Moreau M, Goncalves V, Pommerolle L, Douhard R, Courteau A, Helbling A, Guillemin M, Simonet J, Oudot A, Garrido C, Bonniaud P, Goirand F, Collin B, Bellaye PS.",,2025,2025-01-13,,eng,Y,Y,Y,8,yes,https://doi.org/10.7150/thno.106367
342,MED,40191459,40191459,PMC11967446,10.1007/s40674-024-00221-7,Personalized Medicine for Systemic Sclerosis-Associated Interstitial Lung Disease.,"Ma A, Montesi SB.",,2025,2025-01-09,,eng,N,Y,Y,0,yes,https://doi.org/10.1007/s40674-024-00221-7
343,MED,39789408,39789408,PMC11717875,10.1007/s00408-024-00778-z,Continued Treatment with Nintedanib in Patients with Progressive Pulmonary Fibrosis: Data from INBUILD-ON.,"Wuyts WA, Bonella F, Chaudhuri N, Varone F, Antin-Ozerkis D, Song JW, Miede C, Dumistracel M, Coeck C, Cottin V.",,2025,2025-01-09,,eng,Y,Y,Y,5,yes,https://doi.org/10.1007/s00408-024-00778-z
344,MED,41277635,41277635,PMC12644420,10.1177/17534666251383677,A novel homozygous HPS4 mutation in Hermansky-Pudlak syndrome: case report and literature review.,"Liu Q, Qing W, Guo S, Wang Y, Chen Y, Liu J.",,2025,2025-01-01,,eng,Y,Y,Y,0,yes,https://doi.org/10.1177/17534666251383677
345,MED,41211667,41211667,PMC12602958,10.1177/17534666251393075,Clinical implications of bronchoalveolar lavage fluid cellular analysis in fibrotic interstitial lung disease combined with CT quantification.,"Lee B, Kwak HS, Cho HS, Lee JH, Seo JB, Choe J, Kim HC.",,2025,2025-01-01,,eng,Y,Y,Y,0,yes,https://doi.org/10.1177/17534666251393075
346,MED,41015965,41015965,PMC12477370,10.1177/17534666251379586,A clinical predictive model for the long-term survival of progressive fibrosis interstitial lung disease patients.,"Gu JM, Xiao SY, Chen BT, Kang ST, Li WC, Zhang MY, Yu Y, Han GL.",,2025,2025-01-01,,eng,Y,Y,Y,0,yes,https://doi.org/10.1177/17534666251379586
347,MED,40930818,40930818,PMC12436071,10.1265/ehpm.25-00142,Development of a new alternative method to inhalation exposure: intratracheal instillation studies using molecular dispersion.,"Morimoto T, Nishida C, Izumi H, Tomonaga T, Sato K, Higashi Y, Wang KY, Kojima T, Sakurai K, Moriyama A, Takeshita JI, Yamasaki K, Higashi H, Yatera K, Morimoto Y.",,2025,2025-01-01,,eng,Y,Y,Y,0,yes,https://doi.org/10.1265/ehpm.25-00142
348,MED,40799208,40799208,PMC12341687,10.1093/bjro/tzaf018,Progressive pulmonary fibrosis: current perspectives in diagnostic imaging.,"Agarwal P, Schlett CL, Bamberg F, Frye BC.",,2025,2025-01-01,,eng,Y,Y,Y,0,yes,https://doi.org/10.1093/bjro/tzaf018
349,MED,40444328,40444328,PMC12126682,10.1177/17534666251342661,Monthly pulse methylprednisolone infusions in patients with non-idiopathic pulmonary fibrosis interstitial lung diseases: a single-center retrospective analyses.,"Kellogg D, Peters J, Sherratt J, Ocrospoma Heraud S, Dollar F, Nambiar AM.",,2025,2025-01-01,,eng,Y,Y,Y,0,yes,https://doi.org/10.1177/17534666251342661
350,MED,40438279,40438279,PMC12119075,10.1159/000545190,Late Recurrence of Mucinous Adenocarcinoma after Lung Transplantation: A Case Report and Literature Review.,"Claeys E, De Crem N, Van Mol P, Vanstapel A, Ceulemans LJ, Van Raemdonck D, Dooms C, De Wever W, Deroose CM, Vanden Bempt I, Weynand B, Vos R, Wauters E.",,2025,2025-01-01,,eng,Y,Y,Y,0,yes,https://doi.org/10.1159/000545190
351,MED,40107663,40107663,PMC11920886,10.1183/16000617.0238-2024,Comorbidities in the idiopathic pulmonary fibrosis and progressive pulmonary fibrosis trial population: a systematic review and meta-analysis.,"Walters TM, Leong MCH, Montesi SB, Ryerson CJ, Khor YH.",,2025,2025-01-01,,eng,Y,Y,Y,5,yes,https://doi.org/10.1183/16000617.0238-2024
352,MED,40083194,40083194,PMC11907552,10.1177/17534666251326743,Antifibrotic therapy combined with pulmonary vasodilator therapy may improve survival in patients with pulmonary fibrosis and pulmonary hypertension: a retrospective cohort study.,"Cardillo C, Criner GJ, Gayen S.",,2025,2025-01-01,,eng,Y,Y,Y,2,yes,https://doi.org/10.1177/17534666251326743
353,MED,40044188,40044188,PMC11880902,10.1183/16000617.0201-2024,Lack of diversity in antifibrotic trials for pulmonary fibrosis: a systematic review.,"Pascoe A, Chen XE, Smallwood N.",,2025,2025-01-01,,eng,Y,Y,Y,5,yes,https://doi.org/10.1183/16000617.0201-2024
354,MED,39916340,39916340,,10.1080/13543784.2025.2462592,Investigational gene expression inhibitors for the treatment of idiopathic pulmonary fibrosis.,"Spagnolo P, Tonelli R, Mura M, Reisman W, Sotiropoulou V, Tzouvelekis A.",,2025,2025-01-01,,eng,N,N,N,2,yes,https://doi.org/10.1080/13543784.2025.2462592
355,MED,39909504,39909504,PMC11795288,10.1183/16000617.0080-2024,The role of vascularity and the fibrovascular interface in interstitial lung diseases.,"Dietrich J, Kang A, Tielemans B, Verleden SE, Khalil H, Länger F, Bruners P, Mentzer SJ, Welte T, Dreher M, Jonigk DD, Ackermann M.",,2025,2025-01-01,,eng,Y,Y,Y,6,yes,https://doi.org/10.1183/16000617.0080-2024
356,MED,39745090,39745090,PMC11694302,10.1177/17534666241309795,Potential of phosphodiesterase 4B inhibition in the treatment of progressive pulmonary fibrosis.,"Keith R, Nambiar AM.",,2025,2025-01-01,,eng,Y,Y,Y,9,yes,https://doi.org/10.1177/17534666241309795
357,PPR,PPR961769,,,10.20944/preprints202412.2610.v1,Imaging in Systemic Sclerosis-Associated Interstitial Lung Disease: Comparison of Transthoracic Lung Ultrasound and HR Chest CT in Detecting Characteristic Patterns,"Rotondo C, Busto G, Rella V, Barile R, Cacciapaglia F, Fornaro M, Iannone F, Lacedonia D, Quarato CMI, Trotta A, Cantatore FP, Corrado A.",,2024,2024-12-31,,,N,N,N,0,no,https://doi.org/10.20944/preprints202412.2610.v1
358,MED,39741294,39741294,PMC11687192,10.1186/s12931-024-03070-z,Identification of progressive pulmonary fibrosis: consensus findings from a modified Delphi study.,"Wells AU, Walsh SLF, Adegunsoye A, Cottin V, Danoff SK, Devaraj A, Flaherty KR, George PM, Johannson KA, Kolb M, Kondoh Y, Nicholson AG, Tomassetti S, Volkmann ER, Brown KK.",,2024,2024-12-31,,eng,Y,Y,Y,7,yes,https://doi.org/10.1186/s12931-024-03070-z
359,MED,39768788,39768788,PMC11727922,10.3390/jcm13247865,Exercise-Induced Oxygen Desaturation and Outcomes After Nintedanib Therapy for Fibrosing Interstitial Lung Disease in Patients Without Dyspnea.,"Okamoto M, Yanagihara T, Fujimoto K, Chikasue T, Tabata K, Zaizen Y, Tominaga M, Sumi A, Nishii Y, Matsuo N, Nouno T, Matsuura S, Kawaguchi A, Hoshino T.",,2024,2024-12-23,,eng,Y,Y,Y,2,yes,https://www.mdpi.com/2077-0383/13/24/7865/pdf?version=1734966173
360,MED,39719300,39719300,PMC11683935,10.1136/rmdopen-2024-004704,Rationale for phosphodiesterase-4 inhibition as a treatment strategy for interstitial lung diseases associated with rheumatic diseases.,"Aringer M, Distler O, Hoffmann-Vold AM, Kuwana M, Prosch H, Volkmann ER.",,2024,2024-12-23,,eng,Y,Y,Y,7,yes,https://doi.org/10.1136/rmdopen-2024-004704
361,MED,34635541,34635541,PMC11672070,10.1136/bmjspcare-2021-003249,Fibrotic interstitial lung disease - palliative care needs: a World-Café qualitative study.,"Cassidy N, Fox L, Love M, Byrne I, Doyle AM, Korn B, Shanagher D, Shone T, Cullen M, Cullen T, Mullaney P, O'Carroll N, O'Dowd G, O'Sullivan T, Russell AM.",,2024,2024-12-19,,eng,Y,Y,Y,12,yes,https://doi.org/10.1136/bmjspcare-2021-003249
362,MED,39695595,39695595,PMC11656921,10.1186/s12931-024-03063-y,Diagnostic and prognostic implications of family history of fibrotic interstitial lung diseases.,"Duminy-Luppi D, Alcaide-Aldeano A, Planas-Cerezales L, Bermudo G, Vicens-Zygmunt V, Luburich P, Del Río-Carrero B, Llatjós R, Pijuan L, Escobar I, Rivas F, Montes-Worboys A, Gutiérrez-Rodríguez Y, Rodríguez-Plaza D, Padró-Miquel A, Esteve-Garcia A, Fernández-Varas B, Flores C, Fuentes M, Dorca J, Santos S, Perona R, Günther A, Shull J, Molina-Molina M.",,2024,2024-12-18,,eng,Y,Y,Y,1,yes,https://respiratory-research.biomedcentral.com/counter/pdf/10.1186/s12931-024-03063-y
363,MED,39693847,39693847,,10.1016/j.resinv.2024.12.011,Association between the HAL score and the development of progressive pulmonary fibrosis in idiopathic interstitial pneumonia: A prospective observational study.,"Nakayasu H, Karayama M, Enomoto N, Inoue Y, Yasui H, Suzuki Y, Hozumi H, Furuhashi K, Kono M, Toyoshima M, Imokawa S, Fujii M, Akamatsu T, Koshimizu N, Yokomura K, Matsuda H, Kaida Y, Nakamura Y, Shirai M, Masuda M, Fujisawa T, Inui N, Sugiura H, Sumikawa H, Kitani M, Tabata K, Ogawa N, Suda T.",,2025,2024-12-17,,eng,N,N,N,1,yes,https://doi.org/10.1016/j.resinv.2024.12.011
364,MED,39689588,39689588,,10.1016/j.resinv.2024.12.005,Predictive factors of progression in mild fibrosing interstitial lung disease patients with gender-age-physiology score of 3 or less.,"Okamoto M, Fujimoto K, Chikasue T, Yanagihara T, Tabata K, Zaizen Y, Tominaga M, Sumi A, Takeoka H, Matsuo N, Nouno T, Kawaguchi A, Hoshino T.",,2025,2024-12-16,,eng,N,N,N,1,yes,https://doi.org/10.1016/j.resinv.2024.12.005
365,MED,39680372,39680372,,10.1097/aci.0000000000001055,What rationale for treatment of occupational interstitial lung diseases with the drugs approved for idiopathic pulmonary fibrosis?,"Bellani S, Spagnolo P.",,2025,2024-12-16,,eng,N,N,N,1,yes,https://doi.org/10.1097/ACI.0000000000001055
366,MED,39662078,39662078,PMC11779128,10.1159/000543083,Does Adenosine Triphosphate via Purinergic Receptor Signalling Fuel Pulmonary Fibrosis?,"Forde L, Gogoi D, Baird R, McCarthy C, Keane MP, Reeves EP, McGrath EE.",,2025,2024-12-11,,eng,Y,Y,Y,3,yes,https://doi.org/10.1159/000543083
367,MED,39655593,39655593,PMC11708951,10.36141/svdld.v41i4.15614,Comparison of methotrexate and methylprednisolone as addition to antifibrotic therapy in progressive pulmonary fibrosis due to COVID-19.,"Kerget B, Gülbahar BN, Çınar İ, Alper F, Sağlam L.",,2024,2024-12-10,,eng,Y,Y,Y,1,yes,https://doi.org/10.36141/svdld.v41i4.15614
368,MED,39625826,39625826,,10.55563/clinexprheumatol/s73lah,Human epididymitis protein 4 as a biomarker of interstitial lung disease in patients with idiopathic inflammatory myopathies.,"Zanatta E, Moccaldi B, Martini A, Ienna L, Depascale R, Binda M, Gatto M, Zen M, Tonello M, Ghirardello A, Giraudo C, Balestro E, Plebani M, Basso D, Doria A, Iaccarino L.",,2025,2024-12-03,,eng,N,N,N,3,yes,https://doi.org/10.55563/clinexprheumatol/s73lah
369,MED,39593055,39593055,PMC11590417,10.1186/s12931-024-03048-x,Acute exacerbation of progressive pulmonary fibrosis: incidence and outcomes.,"Kim MJ, Yang J, Song JW.",,2024,2024-11-26,,eng,Y,Y,Y,7,yes,https://doi.org/10.1186/s12931-024-03048-x
370,MED,39685534,39685534,PMC11642197,10.3390/jcm13237074,Real-World Clinical Effectiveness and Safety of Antifibrotics in Progressive Pulmonary Fibrosis Associated with Rheumatoid Arthritis.,"Narváez J, Aguilar-Coll M, Vicens-Zygmunt V, Alegre JJ, Bermudo G, Molina-Molina M.",,2024,2024-11-22,,eng,Y,Y,Y,11,yes,https://doi.org/10.3390/jcm13237074
371,MED,39603130,39603130,,10.1016/j.jhazmat.2024.136629,Exosomal miRNA reprogramming in pyroptotic macrophage drives silica-induced fibroblast-to-myofibroblast transition and pulmonary fibrosis.,"Zhang L, Tian J, Li N, Wang Y, Jin Y, Bian H, Xiong M, Zhang Z, Meng J, Han Z, Duan S.",,2025,2024-11-22,,eng,N,N,N,18,yes,https://doi.org/10.1016/j.jhazmat.2024.136629
372,MED,39678894,39678894,PMC11635275,10.21037/jtd-24-922,Assessment of tumor biomarkers for prognosis in interstitial lung disease associated with connective tissue disease: a prospective study.,"Wang Y, Sun D, Song Y, Du X, Wu N, Ye Q.",,2024,2024-11-21,,eng,Y,Y,Y,5,yes,https://doi.org/10.21037/jtd-24-922
373,MED,39608052,39608052,,10.1016/j.bbrc.2024.151017,Single-cell transcriptomic profiling of lung fibroblasts in a bleomycin-induced systemic sclerosis mouse model.,"Maekawa A, Ueda-Hayakawa I, Shimbo T, Yamazaki S, Ouchi Y, Kitayama T, Tamai K, Fujimoto M.",,2024,2024-11-18,,eng,N,N,N,0,yes,https://doi.org/10.1016/j.bbrc.2024.151017
374,MED,39546910,39546910,,10.1016/j.resinv.2024.11.003,Advancements in the treatment of interstitial lung disease in systemic sclerosis with the approval of mycophenolate mofetil.,"Takada T, Aoki A, Shima K, Kikuchi T.",,2024,2024-11-14,,eng,N,N,N,4,yes,https://doi.org/10.1016/j.resinv.2024.11.003
375,MED,39033028,39033028,PMC11672011,10.1136/thorax-2023-221168,CD206<sup>+</sup> macrophages are relevant non-invasive imaging biomarkers and therapeutic targets in experimental lung fibrosis.,"Pommerolle L, Beltramo G, Biziorek L, Truchi M, Dias AMM, Dondaine L, Tanguy J, Pernet N, Goncalves V, Bouchard A, Monterrat M, Savary G, Pottier N, Ask K, Kolb MRJ, Mari B, Garrido C, Collin B, Bonniaud P, Burgy O, Goirand F, Bellaye PS.",,2024,2024-11-14,,eng,Y,Y,Y,13,yes,https://doi.org/10.1136/thorax-2023-221168
376,MED,39974640,39974640,PMC11833724,10.1021/acsptsci.4c00456,Spirotetrahydroisoquinoline-Based Histone Deacetylase Inhibitors as New Antifibrotic Agents: Biological Evaluation in Human Fibroblasts from Bronchoalveolar Lavages of Idiopathic Pulmonary Fibrosis Patients.,"Fontana A, Bergantini L, Carullo G, Scalvini L, D'Alessandro M, Papulino C, Cameli P, Gangi S, Vincenzi F, Varani K, Contri C, Pasquini S, Pistocchi A, Pezzotta A, Carbone S, Saponara S, Gemma S, Altucci L, Benedetti R, Lodola A, Mor M, Bargagli E, Butini S, Campiani G.",,2025,2024-11-12,,eng,N,Y,Y,3,yes,https://doi.org/10.1021/acsptsci.4c00456
377,MED,39521375,39521375,PMC12001815,10.1016/j.chest.2024.10.042,The Dawn of Precision Medicine in Fibrotic Interstitial Lung Disease.,"Karampitsakos T, Tourki B, Herazo-Maya JD.",,2025,2024-11-08,,eng,Y,Y,Y,17,yes,https://doi.org/10.1016/j.chest.2024.10.042
378,MED,39488596,39488596,PMC11531500,10.1038/s41598-024-77469-5,Spatially resolved gene expression profiles of fibrosing interstitial lung diseases.,"Kim SJ, Cecchini MJ, Woo E, Jayawardena N, Passos DT, Dick FA, Mura M.",,2024,2024-11-02,,eng,Y,Y,Y,2,yes,https://doi.org/10.1038/s41598-024-77469-5
379,MED,39655167,39655167,PMC11626614,10.1183/23120541.00553-2024,Serum metalloproteinase-7 as a biomarker of progressive pulmonary fibrosis.,"Araújo M, Beltrão M, Sokhatska O, Melo N, Caetano Mota P, Bastos HN, Terras A, Coelho D, Delgado L, Morais A.",,2024,2024-11-01,,eng,Y,Y,Y,4,yes,https://openres.ersjournals.com/content/erjor/early/2024/07/18/23120541.00553-2024.full.pdf
380,MED,39624387,39624387,PMC11610068,10.1183/23120541.00403-2024,Acute exacerbations in patients with progressive pulmonary fibrosis.,"Kreuter M, Belloli EA, Bendstrup E, Cerri S, Flaherty KR, Shapera S, Song JW, Mueller H, Rohr KB, Kondoh Y, INBUILD trial investigators.",,2024,2024-11-01,,eng,Y,Y,Y,9,yes,https://doi.org/10.1183/23120541.00403-2024
381,MED,38733593,38733593,,10.1093/rheumatology/keae271,Progress in progressive pulmonary fibrosis: biomarkers of systemic sclerosis-associated interstitial lung disease.,Takada T.,,2024,2024-11-01,,eng,N,N,N,0,yes,https://doi.org/10.1093/rheumatology/keae271
382,MED,39518649,39518649,PMC11545874,10.3390/jcm13216508,Pulmonary Progressive Fibrosis in Rheumatoid Arthritis and Primary Sjogren Syndrome: Similarities and Differences.,"Manfredi A, Venerito V, Cazzato M, Sambataro G, Zanini U, Gozzi F, Gentileschi S, Canofari C, Atzeni F, Cassone G, Iannone F, Laurino E, Vancheri C, Luppi F, Cerri S, Sebastiani M.",,2024,2024-10-30,,eng,Y,Y,Y,3,yes,https://doi.org/10.3390/jcm13216508
383,MED,39598515,39598515,PMC11597590,10.3390/pharmaceutics16111391,Pharmacological Treatment of Interstitial Lung Diseases: A Novel Landscape for Inhaled Agents.,"D'Agnano V, Perrotta F, Fomez R, Carrozzo VM, Schiattarella A, Sanduzzi Zamparelli S, Pagliaro R, Bianco A, Mariniello DF.",,2024,2024-10-29,,eng,Y,Y,Y,5,yes,https://doi.org/10.3390/pharmaceutics16111391
384,MED,39466587,39466587,,10.1007/s12325-024-03023-4,Safety and Tolerability of Nintedanib in Patients with Fibrosing Interstitial Lung Diseases: Post-marketing Data.,"Chaudhuri N, Azuma A, Sroka-Saidi K, Erhardt E, Ritter I, Harari S.",,2024,2024-10-28,,eng,N,N,N,5,yes,https://doi.org/10.1007/s12325-024-03023-4
385,MED,39438343,39438343,,10.1007/s10753-024-02153-9,Nerandomilast Improves Bleomycin-Induced Systemic Sclerosis-Associated Interstitial Lung Disease in Mice by Regulating the TGF-β1 Pathway.,"Liu Y, Liu Z, Li X, Li W, Yang Z, Jiao R, Wang Q, Meng L, Zhang T, Liu J, Chai D, Zhang N, Peng S, Zhou H, Yang C.",,2025,2024-10-23,,eng,N,N,N,5,yes,https://doi.org/10.1007/s10753-024-02153-9
386,MED,39426438,39426438,,10.1016/j.rmed.2024.107833,The 1-minute sit-to-stand test to evaluate fibrotic interstitial lung disease.,"Araújo M, Neves I, Fernandes AL, Neves S, Seabra B, Camilo Z, Azevedo I, Amado J, Guimarães M.",,2024,2024-10-18,,eng,N,N,N,1,yes,https://doi.org/10.1016/j.rmed.2024.107833
387,MED,39426436,39426436,,10.1016/j.rmed.2024.107835,Efficacy and determinants of response to inhaled treprostinil in pulmonary hypertension - interstitial lung disease.,"Balakrishnan B, Azar J, Farha S, Goyanes AM, Lane JE, Paul D, Highland KB, Wang Y, Wang X, Tonelli AR.",,2024,2024-10-18,,eng,N,N,N,4,yes,https://doi.org/10.1016/j.rmed.2024.107835
388,MED,39401339,39401339,PMC11869514,10.1177/10499091241267914,Advance Care Planning: A Retrospective Audit in a National Referral Center for Interstitial Lung Diseases.,"Trapman L, Zwakman M, de Graaf E, Dijksman LM, Grutters JC, Teunissen SCCM.",,2025,2024-10-14,,eng,Y,Y,Y,1,yes,https://doi.org/10.1177/10499091241267914
389,MED,39530602,39530602,PMC11558930,10.1177/02841851241281492,Interstitial lung disease associated with anti-aminoacyl-tRNA synthetase syndrome: quantitative evaluation of CT after initial treatment and long-term follow-up.,"Aoki R, Iwasawa T, Utsunomiya D, Yamakawa H, Kitamura H, Baba T, Ogura T.",,2024,2024-10-10,,eng,Y,Y,Y,0,yes,https://doi.org/10.1177/02841851241281492
390,MED,39385232,39385232,PMC11465623,10.1186/s12931-024-02995-9,Treatment patterns and patient journey in progressive pulmonary fibrosis: a cross-sectional survey.,"Chaudhuri N, Spagnolo P, Valenzuela C, Amatto VC, Carter OT, Lee L, Small M, Kreuter M.",,2024,2024-10-09,,eng,Y,Y,Y,3,yes,https://doi.org/10.1186/s12931-024-02995-9
391,MED,39495032,39495032,,10.37765/ajmc.2024.89634,"Identification, course, and management of progressive pulmonary fibrosis.","Podolanczuk AJ, Fernández Peréz ER.",,2024,2024-10-01,,eng,N,N,N,2,yes,https://doi.org/10.37765/ajmc.2024.89634
392,MED,39428234,39428234,,10.3760/cma.j.cn112150-20231227-00502,[Pulmonary rehabilitation in patients with fibrotic interstitial lung disease].,"Shi YJ, Lian H, Chen RX, Wang MQ, Huang H.",,2024,2024-10-01,,chi,N,N,N,0,yes,https://doi.org/10.3760/cma.j.cn112150-20231227-00502
393,MED,38536110,38536110,,10.1164/rccm.202311-2101oc,Epidemiology and Prognostic Significance of Cough in Fibrotic Interstitial Lung Disease.,"Khor YH, Johannson KA, Marcoux V, Fisher JH, Assayag D, Manganas H, Khalil N, Kolb M, Ryerson CJ, CARE-PF Investigators.",,2024,2024-10-01,,eng,N,N,N,24,yes,https://doi.org/10.1164/rccm.202311-2101OC
394,MED,39479105,39479105,PMC11524648,10.7759/cureus.70497,Pirfenidone as a Cornerstone in the Management of Fibrotic Interstitial Lung Diseases and Its Emerging Applications: A Comprehensive Review.,"Babariya H, Gaidhane SA, Acharya S, Kumar S.",,2024,2024-09-30,,eng,Y,Y,Y,7,yes,https://doi.org/10.7759/cureus.70497
395,MED,39342394,39342394,PMC11439192,10.1186/s13256-024-04790-y,Asymptomatic thrombocytopenia after nintedanib initiation in a patient with progressive pulmonary fibrosis: a case report and review of literature.,"Zhang X, Zhang K, Zhao N, Xi N, Zhao T.",,2024,2024-09-29,,eng,Y,Y,Y,0,yes,https://doi.org/10.1186/s13256-024-04790-y
396,MED,39342269,39342269,PMC11439279,10.1186/s12931-024-02979-9,"Reliability of crackles in fibrotic interstitial lung disease: a prospective, longitudinal study.","Sgalla G, Simonetti J, Di Bartolomeo A, Magrì T, Iovene B, Pasciuto G, Dell'Ariccia R, Varone F, Comes A, Leone PM, Piluso V, Perrotta A, Cicchetti G, Verdirosi D, Richeldi L.",,2024,2024-09-28,,eng,Y,Y,Y,1,yes,https://doi.org/10.1186/s12931-024-02979-9
397,MED,39334205,39334205,PMC11438290,10.1186/s12890-024-03247-8,Design and baseline characteristics of the ILD-PRO registry in patients with progressive pulmonary fibrosis.,"Lobo LJ, Liu Y, Li P, Ramaswamy M, Swaminathan AC, Veeraraghavan S, Fan Y, Neely ML, Palmer SM, Olson AL, ILD-PRO Registry investigators†.",,2024,2024-09-27,,eng,Y,Y,Y,3,yes,https://doi.org/10.1186/s12890-024-03247-8
398,MED,39324574,39324574,,10.4081/monaldi.2024.2957,Assessing disease activity in scleroderma-related interstitial lung disease: a review and practical guide to management.,"Adizie T, Dolan L, Zahid A, Fahim A.",,2025,2024-09-25,,eng,N,N,N,0,yes,https://doi.org/10.4081/monaldi.2024.2957
399,MED,39310989,39310989,PMC11421158,10.1080/07853890.2024.2406439,Outcomes and predictors of progression in progressive pulmonary fibrosis.,"Cen Z, Cen T, Ding Q, Zhang Y, Tang P, Lv C, Wu T.",,2024,2024-09-23,,eng,Y,Y,Y,10,yes,https://doi.org/10.1080/07853890.2024.2406439
400,MED,39243209,39243209,PMC11638131,10.1002/acr2.11736,Clinical Course of Interstitial Lung Disease in Patients With Rheumatoid Arthritis.,"Matteson EL, Bendstrup E, Strek ME, Dieudé P.",,2024,2024-09-07,,eng,Y,Y,Y,4,yes,https://doi.org/10.1002/acr2.11736
401,MED,39242399,39242399,PMC11914337,10.1007/s00330-024-11054-2,ESR Essentials: imaging in fibrotic lung diseases-practice recommendations by the European Society of Thoracic Imaging.,"Larici AR, Biederer J, Cicchetti G, Franquet Casas T, Screaton N, Remy-Jardin M, Parkar A, Prosch H, Schaefer-Prokop C, Frauenfelder T, Ghaye B, Sverzellati N.",,2025,2024-09-07,,eng,Y,Y,Y,3,yes,https://doi.org/10.1007/s00330-024-11054-2
402,MED,39242341,39242341,,10.1016/j.alit.2024.07.002,3D-CT-derived lung volumes and mortality risk in patients with fibrotic hypersensitivity pneumonitis.,"Yazawa S, Suzuki Y, Tanaka Y, Yokomura K, Kono M, Hashimoto D, Fukada A, Inoue Y, Yasui H, Hozumi H, Karayama M, Furuhashi K, Enomoto N, Fujisawa T, Inui N, Suda T.",,2025,2024-09-05,,eng,N,N,N,4,yes,https://doi.org/10.1016/j.alit.2024.07.002
403,MED,39231598,39231598,PMC11428979,10.1136/bmjresp-2024-002368,Research priorities for progressive pulmonary fibrosis in the UK.,"Fabbri L, Russell AM, Chaudhuri N, Adams W, Cowan K, Conway J, Dickinson W, Gibbons M, Hart S, Jones S, Lynch-Wilson J, McMillan T, Milward S, Ward M, Wright LE, Jenkins G.",,2024,2024-09-03,,eng,Y,Y,Y,5,yes,https://doi.org/10.1136/bmjresp-2024-002368
404,MED,39281278,39281278,PMC11392764,10.3389/fphar.2024.1445923,Lung fibrosis in sarcoidosis. Is there a place for antifibrotics?,"Bączek K, Piotrowski WJ.",,2024,2024-08-30,,eng,Y,Y,Y,5,yes,https://doi.org/10.3389/fphar.2024.1445923
405,MED,39180004,39180004,PMC11344337,10.1186/s12890-024-03214-3,Assessing the impact of triiodothyronine treatment on the lung microbiome of mice with pulmonary fibrosis.,"Guo X, Xu K, Wang Q, Han Z, Yu G.",,2024,2024-08-23,,eng,Y,Y,Y,1,yes,https://doi.org/10.1186/s12890-024-03214-3
406,MED,39169372,39169372,PMC11340150,10.1186/s12890-024-03226-z,Evaluation of progressive pulmonary fibrosis in non-idiopathic pulmonary fibrosis-interstitial lung diseases: a cross-sectional study.,"Erçen Diken Ö, Güngör Ö, Akkaya H.",,2024,2024-08-22,,eng,Y,Y,Y,3,yes,https://doi.org/10.1186/s12890-024-03226-z
407,MED,39212123,39212123,PMC12360683,10.55563/clinexprheumatol/yg6rck,Potential of phosphodiesterase 4B inhibitors in the treatment of interstitial lung disease associated with autoimmune diseases.,"Castelino FV, Adegunsoye A.",,2025,2024-08-20,,eng,N,Y,Y,8,yes,https://doi.org/10.55563/clinexprheumatol/yg6rck
408,MED,39175918,39175918,PMC11340238,10.1136/bmjmed-2024-000911,Progressive pulmonary fibrosis: a need for real world data to solve real world clinical problems.,"Liu H, Heenan KM, Coyle L, Chaudhuri N.",,2024,2024-08-16,,eng,Y,Y,Y,1,yes,https://doi.org/10.1136/bmjmed-2024-000911
409,MED,39165369,39165369,PMC11333372,10.3389/fmed.2024.1411279,Use of pirfenidone in fibrotic interstitial lung diseases and beyond: a review.,"Han M, Liu Q, Ji Z, Jin L, Jin W, Gao Z.",,2024,2024-08-06,,eng,Y,Y,Y,5,yes,https://doi.org/10.3389/fmed.2024.1411279
410,MED,39102100,39102100,PMC11365896,10.1007/s40801-024-00443-0,Enhancing Outcomes in Chronic Fibrotic Interstitial Lung Disease Through Aggressive Management of Nintedanib-Induced Adverse Drug Reactions: A Retrospective Analysis.,"Chang YW, Tsai MY, Chang YP, Liao CC, Lin YT, Lai CH, Lin MC, Huang KT.",,2024,2024-08-05,,eng,Y,Y,Y,0,yes,https://doi.org/10.1007/s40801-024-00443-0
411,MED,39137538,39137538,,10.1016/j.tice.2024.102516,Krebs von den Lungen-6 as biomarker of the new progressive fibrotic phenotype of interstitial lung disease.,"d'Alessandro M, Conticini E, Bergantini L, Mazzei MA, Bellisai F, Selvi E, Cameli P, Frediani B, Bargagli E.",,2024,2024-08-03,,eng,N,N,N,4,yes,https://doi.org/10.1016/j.tice.2024.102516
412,MED,38941619,38941619,PMC11351800,10.1164/rccm.202406-1123le,Reply to Ward &lt;i&gt;et al.&lt;/i&gt;: Integrating Aerodigestive Investigations in Progressive Pulmonary Fibrosis.,"O'Dwyer DN, Kim JS, Noth I.",,2024,2024-08-01,,eng,Y,Y,Y,0,yes,https://www.ncbi.nlm.nih.gov/pmc/articles/11351800
413,MED,38941617,38941617,PMC11351811,10.1164/rccm.202405-1008le,Integrating Aerodigestive Investigations in Progressive Pulmonary Fibrosis.,"Ward C, Alamer A, Jones R, Lawton M, Griffin M, Drinnan M, Forrest I, Patterson J.",,2024,2024-08-01,,eng,Y,Y,Y,2,yes,https://www.ncbi.nlm.nih.gov/pmc/articles/PMC11351811
414,MED,38573068,38573068,PMC11351799,10.1164/rccm.202401-0238so,Genetics and Genomics of Pulmonary Fibrosis: Charting the Molecular Landscape and Shaping Precision Medicine.,"Adegunsoye A, Kropski JA, Behr J, Blackwell TS, Corte TJ, Cottin V, Glanville AR, Glassberg MK, Griese M, Hunninghake GM, Johannson KA, Keane MP, Kim JS, Kolb M, Maher TM, Oldham JM, Podolanczuk AJ, Rosas IO, Martinez FJ, Noth I, Schwartz DA.",,2024,2024-08-01,,eng,N,Y,Y,50,yes,https://doi.org/10.1164/rccm.202401-0238SO
415,MED,39188902,39188902,PMC11346374,10.3389/fvets.2024.1416124,Fibroblast activation protein is a cellular marker of fibrotic activity in canine idiopathic pulmonary fibrosis.,"Rizzoli E, de Meeûs d'Argenteuil C, Fastrès A, Roels E, Janssen P, Puré E, Garigliany MM, Marichal T, Clercx C.",,2024,2024-07-31,,eng,Y,Y,Y,3,yes,https://doi.org/10.3389/fvets.2024.1416124
416,MED,39089077,39089077,,10.1016/j.hrtlng.2024.07.010,A systematic review and meta-analysis of the clinical benefits and adverse reactions of anti-fibrotics in non-IPF progressive fibrosing ILD.,"Chong WH, Agrawal D, Tan ZY, Venkateswaran S, Tan AYY, Tan CY, Ling NCA, Tay NSWT.",,2024,2024-07-31,,eng,N,N,N,5,yes,https://doi.org/10.1016/j.hrtlng.2024.07.010
417,MED,39026335,39026335,PMC11264521,10.1186/s41232-024-00345-2,Pathological mechanisms and novel drug targets in fibrotic interstitial lung disease.,"Nishioka Y, Araya J, Tanaka Y, Kumanogoh A.",,2024,2024-07-19,,eng,Y,Y,Y,8,yes,https://doi.org/10.1186/s41232-024-00345-2
418,MED,39061678,39061678,PMC11275397,10.3390/diagnostics14141544,Functional Improvement at One Year in Fibrotic Interstitial Lung Diseases-Prognostic Value of Baseline Biomarkers and Anti-Inflammatory Therapies.,"Shao G, Thöne P, Kaiser B, Lamprecht B, Lang D.",,2024,2024-07-17,,eng,Y,Y,Y,1,yes,https://doi.org/10.3390/diagnostics14141544
419,PPR,PPR882127,,,10.21203/rs.3.rs-4590296/v1,Prevalence of distress and changes over time among patients with progressive fibrosing interstitial lung disease,"Yamada T, Sugano K, Matsuno K, Hotta S, Fujii M, Ihara H, Takahashi K.",,2024,2024-07-16,,,N,N,N,0,no,https://doi.org/10.21203/rs.3.rs-4590296/v1
420,MED,39012714,39012714,PMC11383602,10.1172/jci.insight.181757,Radioproteomics stratifies molecular response to antifibrotic treatment in pulmonary fibrosis.,"Lauer D, Magnin CY, Kolly LR, Wang H, Brunner M, Chabria M, Cereghetti GM, Gabryś HS, Tanadini-Lang S, Uldry AC, Heller M, Verleden SE, Klein K, Sarbu AC, Funke-Chambour M, Ebner L, Distler O, Maurer B, Gote-Schniering J.",,2024,2024-07-16,,eng,Y,Y,Y,7,yes,https://doi.org/10.1172/jci.insight.181757
421,MED,38448221,38448221,PMC11287572,10.1136/thorax-2023-221148,Adaptive multi-interventional trial platform to improve patient care for fibrotic interstitial lung diseases.,"Kawano-Dourado L, Kulkarni T, Ryerson CJ, Rivera-Ortega P, Baldi BG, Chaudhuri N, Funke-Chambour M, Hoffmann-Vold AM, Johannson KA, Khor YH, Montesi SB, Piccari L, Prosch H, Molina-Molina M, Sellares Torres J, Bauer-Ventura I, Rajan S, Jacob J, Richards D, Spencer LG, Wendelberger B, Jensen T, Quintana M, Kreuter M, Gordon AC, Martinez FJ, Kaminski N, Cornelius V, Lewis R, Adams W, Jenkins G, REMAP-ILD consortium.",,2024,2024-07-16,,eng,Y,Y,Y,12,yes,https://doi.org/10.1136/thorax-2023-221148
422,MED,38983609,38983609,PMC11231737,10.1002/rcr2.1428,Treatment with low-dose nintedanib and tacrolimus in patients with progressive fibrosing interstitial lung diseases with anti-ARS antibody-positive dermatomyositis.,"Kawaguchi T, Matsuda M, Umekita K, Miyazaki T.",,2024,2024-07-09,,eng,Y,Y,Y,0,yes,https://doi.org/10.1002/rcr2.1428
423,MED,39114938,39114938,,10.1097/mcp.0000000000001089,Evidence from recent clinical trials in fibrotic interstitial lung diseases.,"Cottin V, Valenzuela C.",,2024,2024-07-04,,eng,N,N,N,8,yes,https://doi.org/10.1097/MCP.0000000000001089
424,MED,38955843,38955843,,10.1007/s00117-024-01340-x,[Interstitial lung diseases : From imaging to treatment].,"Soriano D, Nattenmüller J, Schröder K, Schygulla E, Jouanjan L, Venhoff N, Jandova I, Stolz D, Frye BC.",,2024,2024-07-02,,ger,N,N,N,0,yes,https://doi.org/10.1007/s00117-024-01340-x
425,MED,39063962,39063962,PMC11278319,10.3390/jpm14070708,Prevalence of Progressive Fibrosing Interstitial Lung Disease in Patients with Primary Sjogren Syndrome.,"Manfredi A, Sambataro G, Rai A, Cerri S, Sambataro D, Vacchi C, Cassone G, Vancheri C, Sebastiani M.",,2024,2024-07-01,,eng,Y,Y,Y,5,yes,https://doi.org/10.3390/jpm14070708
426,MED,39013830,39013830,PMC11251805,10.1111/crj.13809,Usefulness of Transbronchial Lung Cryobiopsy When Starting Antifibrotic Treatment and Predicting Progressive Fibrosing Interstitial Lung Disease: Descriptive Research.,"Takatsuka M, Yamakawa H, Takemura T, Sato S, Ohta H, Kusano K, Oba T, Kawabe R, Akasaka K, Sasaki H, Amano M, Araya J, Matsushima H.",,2024,2024-07-01,,eng,Y,Y,Y,0,yes,https://doi.org/10.1111/crj.13809
427,MED,38996147,38996147,PMC11245207,10.1097/md.0000000000038920,The dorsal muscle group area at the T12 vertebral level as a risk factor for tolerability of nintedanib in patients with idiopathic pulmonary fibrosis or other progressive fibrosing interstitial lung diseases.,"Ono M, Kobayashi S, Masakazu H, Ishida M, Sato H, Okutomo K, Shirai Y, Takahashi K, Yamada M, Fujino N, Yamanda S, Yanai M.",,2024,2024-07-01,,eng,Y,Y,Y,0,yes,https://doi.org/10.1097/md.0000000000038920
428,MED,37725359,37725359,,10.1093/rheumatology/kead491,Progressive pulmonary fibrosis and its impact on survival in systemic sclerosis-related interstitial lung disease.,"Morrisroe K, Hansen D, Stevens W, Ross L, Sahhar J, Ngian GS, Hill CL, Host L, Walker J, Proudman S, Nikpour M.",,2024,2024-07-01,,eng,N,N,N,10,yes,https://doi.org/10.1093/rheumatology/kead491
429,PPR,PPR873329,,,10.21203/rs.3.rs-4513072/v1,Predictive factors of progression in fibrosing interstitial lung disease patients with gender-age-physiology stage 0 or I,"Okamoto M, Fujimoto K, Chikasue T, Yanagihara T, Tabata K, Zaizen Y, Tominaga M, Sumi A, Takeoka H, Matsuo N, Nouno T, Kawaguchi A, Hoshino T.",,2024,2024-06-26,,,N,N,N,0,no,https://doi.org/10.21203/rs.3.rs-4513072/v1
430,PPR,PPR872786,,,10.21203/rs.3.rs-4513070/v1,Outcome after nintedanib therapy for fibrosing interstitial lung disease in patients without dyspnea,"Okamoto M, Yanagihara T, Fujimoto K, Chikasue T, Tabata K, Zaizen Y, Tominaga M, Sumi A, Nishii Y, Matsuo N, Nouno T, Kawaguchi A, Hoshino T.",,2024,2024-06-25,,,N,N,N,0,no,https://doi.org/10.21203/rs.3.rs-4513070/v1
431,MED,39061958,39061958,PMC11274143,10.3390/biomedicines12071384,Genomic Profiling for Predictive Treatment Strategies in Fibrotic Interstitial Lung Disease.,"Perrotta F, Sanduzzi Zamparelli S, D'Agnano V, Montella A, Fomez R, Pagliaro R, Schiattarella A, Cazzola M, Bianco A, Mariniello DF.",,2024,2024-06-21,,eng,Y,Y,Y,2,yes,https://doi.org/10.3390/biomedicines12071384
432,MED,38886779,38886779,PMC11184786,10.1186/s41927-024-00400-y,Nintedanib combined with immunosuppressive agents improves forced vital capacity in connective tissue disease-associated PF-ILD: a single-center study.,"Ushio Y, Wakiya R, Kameda T, Nakashima S, Shimada H, Miyagi T, Sugihara K, Mino R, Mizusaki M, Chujo K, Kagawa R, Yamaguchi H, Kadowaki N, Dobashi H.",,2024,2024-06-18,,eng,Y,Y,Y,9,yes,https://doi.org/10.1186/s41927-024-00400-y
433,MED,38905805,38905805,,10.1016/j.ejmech.2024.116608,"Discovery of novel pyrrolo[2,1-c][1,4]benzodiazepine-3,11-dione (PBD) derivatives as selective HDAC6 inhibitors for the efficient treatment of idiopathic pulmonary fibrosis (IPF) in vitro and in vivo.","Li Y, Yang H, Zhao X, Zhao X, Quan J, Wang L, Ma E, Ma C.",,2024,2024-06-17,,eng,N,N,N,7,yes,https://doi.org/10.1016/j.ejmech.2024.116608
434,PPR,PPR868691,,,10.20944/preprints202406.0999.v1,Functional Improvement at One Year in Fibrotic Interstitial Lung Diseases–Prognostic Value of Baseline Biomarkers and Anti‐Inflammatory Therapies,"Shao G, Thöne P, Kaiser B, Lamprecht B, Lang D.",,2024,2024-06-14,,,N,N,N,0,no,https://doi.org/10.20944/preprints202406.0999.v1
435,MED,38876844,38876844,,10.1016/j.acra.2024.05.005,Usefulness of CT Quantification-Based Assessment in Defining Progressive Pulmonary Fibrosis.,"Ahn Y, Kim HC, Lee JK, Noh HN, Choe J, Seo JB, Lee SM.",,2024,2024-06-13,,eng,N,N,N,5,yes,https://doi.org/10.1016/j.acra.2024.05.005
436,MED,38869027,38869027,PMC11186439,10.5826/mrm.2024.982,Pharmacological treatment in Idiopathic Pulmonary Fibrosis: current issues and future perspectives,"Vancheri C, Sciacca E, Muscato G, Spicuzza L, Fruciano M, Gili E, Sambataro G, Palmucci S, Libra A.",,2024,2024-06-13,,eng,Y,Y,Y,5,yes,https://doi.org/10.5826/mrm.2024.982
437,MED,38861171,38861171,,10.1007/s00408-024-00712-3,Pulmonary Fibrosis Diagnosis and Disease Progression Detected Via Hair Metabolome Analysis.,"Miller HA, Suliman S, Frieboes HB.",,2024,2024-06-11,,eng,N,N,N,5,yes,https://doi.org/10.1007/s00408-024-00712-3
438,MED,39068856,39068856,,10.1016/j.dmpk.2024.101025,Iminium ion metabolites are formed from nintedanib by human CYP3A4.,"Nakashima S, Fukami T, Kudo T, Nakano M, Matsui A, Ishiguro N, Nakajima M.",,2024,2024-06-10,,eng,N,N,N,1,yes,https://doi.org/10.1016/j.dmpk.2024.101025
439,MED,38934227,38934227,,10.14670/hh-18-777,Histopathological aspects of usual interstitial pneumonia in patients with systemic connective tissue diseases.,"Makovická M, Durcová B, Vrbenská A, Makovický P, Michalčová P, Kráľová K, Muri J.",,2025,2024-06-10,,eng,N,N,N,1,yes,https://doi.org/10.14670/HH-18-777
440,MED,38855869,38855869,PMC11382876,10.1172/jci.insight.177937,SFTPB in serum extracellular vesicles as a biomarker of progressive pulmonary fibrosis.,"Enomoto T, Shirai Y, Takeda Y, Edahiro R, Shichino S, Nakayama M, Takahashi-Itoh M, Noda Y, Adachi Y, Kawasaki T, Koba T, Futami Y, Yaga M, Hosono Y, Yoshimura H, Amiya S, Hara R, Yamamoto M, Nakatsubo D, Suga Y, Naito M, Masuhiro K, Hirata H, Iwahori K, Nagatomo I, Miyake K, Koyama S, Fukushima K, Shiroyama T, Naito Y, Futami S, Natsume-Kitatani Y, Nojima S, Yanagawa M, Shintani Y, Nogami-Itoh M, Mizuguchi K, Adachi J, Tomonaga T, Inoue Y, Kumanogoh A.",,2024,2024-06-10,,eng,Y,Y,Y,15,yes,https://doi.org/10.1172/jci.insight.177937
441,MED,38895626,38895626,PMC11183283,10.3389/fphar.2024.1374669,Anti-pulmonary fibrosis activity analysis of methyl rosmarinate obtained from <i>Salvia castan</i>ea Diels <i>f. tomentosa</i> Stib. using a scalable process.,"Ma L, Liu C, Zhao Y, Liu M, Liu Y, Zhang H, Yang S, An J, Tian Y, Cao Y, Qu G, Song S, Cao Q.",,2024,2024-06-04,,eng,Y,Y,Y,2,yes,https://public-pages-files-2025.frontiersin.org/journals/pharmacology/articles/10.3389/fphar.2024.1374669/pdf
442,MED,39039699,39039699,,10.1080/17476348.2024.2375420,Antifibrotic therapy in progressive pulmonary fibrosis: a review of recent advances.,"Naqvi M, Hannah J, Lawrence A, Myall K, West A, Chaudhuri N.",,2024,2024-06-01,,eng,N,N,N,9,yes,https://doi.org/10.1080/17476348.2024.2375420
443,MED,38752767,38752767,,10.1148/rg.230165,Central Role of CT in Management of Pulmonary Fibrosis.,"Chae KJ, Hwang HJ, Duarte Achcar R, Cooley JC, Humphries SM, Kligerman S, Lynch DA.",,2024,2024-06-01,,eng,N,N,N,9,yes,https://doi.org/10.1148/rg.230165
444,MED,38931376,38931376,,10.3390/ph17060709,Pirfenidone and Nintedanib in Pulmonary Fibrosis: Lights and Shadows.,"Chianese M, Screm G, Salton F, Confalonieri P, Trotta L, Barbieri M, Ruggero L, Mari M, Reccardini N, Geri P, Hughes M, Lerda S, Confalonieri M, Mondini L, Ruaro B.",,2024,2024-05-30,,eng,N,N,N,50,yes,https://doi.org/10.3390/ph17060709
445,MED,38815414,38815414,,10.1016/j.resinv.2024.05.005,Progressive pulmonary fibrosis (PPF): Estimation of incidence and treatment rates in Japan using a claims database.,"Kondoh Y, Ito T, Saito K, Bao H, Sakamoto W.",,2024,2024-05-29,,eng,N,N,N,4,yes,https://doi.org/10.1016/j.resinv.2024.05.005
446,MED,39473748,39473748,PMC11518374,10.55730/1300-0144.5866,Antifibrotic treatment response comparison of progressive pulmonary fibrosis and idiopathic pulmonary fibrosis.,"Özyürek BA, Ensarioğlu K, Özdemirel TŞ, Akkurt ES, Özdağ Ö, Zenbilli E.",,2024,2024-05-27,,eng,Y,Y,Y,1,yes,https://doi.org/10.55730/1300-0144.5866
447,PPR,PPR857503,,,10.1101/2024.05.22.595205,<i>Let-7</i>  restrains an oncogenic circuit in AT2 cells to prevent fibrogenic cell intermediates in pulmonary fibrosis,"Seasock MJ, Shafiquzzaman M, Ruiz-Echartea ME, Kanchi RS, Tran BT, Simon LM, Meyer MD, Erice PA, Lotlikar SL, Wenlock SC, Ochsner SA, Enright A, Carisey AF, Romero F, Rosas IO, King KY, McKenna NJ, Coarfa C, Rodriguez A.",,2024,2024-05-24,,,N,N,N,0,no,https://doi.org/10.1101/2024.05.22.595205
448,MED,38783236,38783236,PMC11118997,10.1186/s12931-024-02848-5,Identifying potential drug targets for idiopathic pulmonary fibrosis: a mendelian randomization study based on the druggable genes.,"Liu Z, Peng Z, Lin H, Zhou K, Liang L, Cao J, Huang Z, Mei J.",,2024,2024-05-23,,eng,Y,Y,Y,24,yes,https://doi.org/10.1186/s12931-024-02848-5
449,MED,38891026,38891026,PMC11172081,10.3390/cells13110893,"Cell-Based Therapy for Fibrosing Interstitial Lung Diseases, Current Status, and Potential Applications of iPSC-Derived Cells.","Nakamura Y, Niho S, Shimizu Y.",,2024,2024-05-22,,eng,Y,Y,Y,5,yes,https://doi.org/10.3390/cells13110893
450,MED,38840902,38840902,,10.3389/fnetp.2024.1396383,Elucidating the interaction between stretch and stiffness using an agent-based spring network model of progressive pulmonary fibrosis.,"Hall JK, Bates JHT, Krishnan R, Kim JH, Deng Y, Lutchen KR, Suki B.",,2024,2024-05-22,,eng,N,N,N,15,yes,https://doi.org/10.3389/fnetp.2024.1396383
451,MED,38773615,38773615,PMC11106888,10.1186/s12967-024-05289-2,Lactate facilitated mitochondrial fission-derived ROS to promote pulmonary fibrosis via ERK/DRP-1 signaling.,"Sun Z, Ji Z, Meng H, He W, Li B, Pan X, Zhou Y, Yu G.",,2024,2024-05-21,,eng,Y,Y,Y,27,yes,https://doi.org/10.1186/s12967-024-05289-2
452,MED,38753183,38753183,PMC11142961,10.1007/s00408-024-00694-2,Pursuing Clinical Predictors and Biomarkers for Progression in ILD: Analysis of the Pulmonary Fibrosis Foundation (PFF) Registry.,"Chang SE, Jia G, Gao X, Schiffman C, Gupta S, Wolters P, Neighbors M.",,2024,2024-05-16,,eng,Y,Y,Y,4,yes,https://doi.org/10.1007/s00408-024-00694-2
453,MED,38747886,38747886,,10.1177/02841851241246881,A quantitative analysis of progressive fibrosing interstitial lung disease on computed tomography for the assessment of decreased vital capacity.,"Kunihiro Y, Matsumoto T, Onoda H, Murakami T, Iduki M, Hirano Y, Ito K.",,2024,2024-05-15,,eng,N,N,N,0,yes,https://doi.org/10.1177/02841851241246881
454,MED,38713420,38713420,PMC11142940,10.1007/s00408-024-00697-z,Interstitial Lung Disease and Progressive Pulmonary Fibrosis: a World Trade Center Cohort 20-Year Longitudinal Study.,"Cleven KL, Zeig-Owens R, Mueller AK, Vaeth B, Hall CB, Choi J, Goldfarb DG, Schecter DE, Weiden MD, Nolan A, Salzman SH, Jaber N, Cohen HW, Prezant DJ.",,2024,2024-05-07,,eng,Y,Y,Y,5,yes,https://doi.org/10.1007/s00408-024-00697-z
455,MED,38758869,38758869,PMC11098177,10.1097/md.0000000000038226,A study on the prevalence and prognosis of progressive pulmonary fibrosis: A retrospective observational study.,"Jang JH, Choe EJ, Jung SY, Ko J, Kim DW, Lee JH.",,2024,2024-05-01,,eng,Y,Y,Y,5,yes,https://doi.org/10.1097/MD.0000000000038226
456,MED,38741509,38741509,,10.11477/mf.1416202656,[Treatment Strategies for Anti-Synthetase Syndrome].,Nakashima R.,,2024,2024-05-01,,jpn,N,N,N,0,yes,https://doi.org/10.11477/mf.1416202656
457,MED,38688598,38688598,PMC11059909,10.21873/invivo.13600,Molecular Hydrogen as a Promising Therapy Could Be Linked With Increased Resting Treg Cells or Decreased Fas+ T Cell Subsets in a IgG4-PF-ILD Patient: A Case Report.,"Lui SW, Lu JW, Ho YJ, Tang SE, Ko KH, Hsieh TY, Liu FC.",,2024,2024-05-01,,eng,N,Y,Y,10,yes,https://doi.org/10.21873/invivo.13600
458,MED,38648021,38648021,,10.1001/jama.2024.3669,Interstitial Lung Disease: A Review.,Maher TM.,,2024,2024-05-01,,eng,N,N,N,182,yes,https://doi.org/10.1001/jama.2024.3669
459,MED,38745647,38745647,PMC11091831,10.3389/fimmu.2024.1404828,Prognostic significance of natural killer cell depletion in predicting progressive fibrosing interstitial lung disease in idiopathic inflammatory myopathies.,"Shao C, Xia N, Zhen Y, Zhang X, Yan N, Guo Q.",,2024,2024-04-30,,eng,Y,Y,Y,5,yes,https://doi.org/10.3389/fimmu.2024.1404828
460,MED,38697229,38697229,,10.1016/j.rmed.2024.107656,Proportion and predictors of FVC decline in patients with interstitial lung disease.,"Macmurdo MG, Ji X, Pimple P, Olson AL, Milinovich A, Martyn-Dow B, Pande A, Zajichek A, Bauman J, Bender S, Conoscenti C, Sugano D, Kattan MW, Culver DA.",,2024,2024-04-30,,eng,N,N,N,2,yes,http://www.resmedjournal.com/article/S0954611124001306/pdf
461,MED,38692040,38692040,,10.1016/j.resinv.2024.04.008,The effect of nintedanib on health-related quality of life in Japanese patients with progressive fibrosing interstitial lung diseases: A subset analysis of the INBUILD trial.,"Inoue Y, Kitamura H, Okamoto M, Ogura T, Nishioka Y, Kuwana M, Taniguchi A, Ito T, Rohr KB, Suda T.",,2024,2024-04-30,,eng,N,N,N,3,yes,https://doi.org/10.1016/j.resinv.2024.04.008
462,MED,38663299,38663299,,10.1016/j.resinv.2024.04.011,Body weight loss is a simple and useful indicator of prognosis and predictive tolerability in the first year of nintedanib therapy in patients with interstitial lung disease.,"Yamakawa H, Sato S, Ohta H, Kusano K, Kawabe R, Oba T, Uzuka C, Sasaki H, Akasaka K, Amano M, Takemura T, Araya J, Matsushima H.",,2024,2024-04-24,,eng,N,N,N,10,yes,https://doi.org/10.1016/j.resinv.2024.04.011
463,MED,38656115,38656115,,10.2214/ajr.24.31125,Progressive Pulmonary Fibrosis and Interstitial Lung Abnormalities: &lt;i&gt;AJR&lt;/i&gt; Expert Panel Narrative Review.,"Kanne JP, Walker CM, Brixey AG, Brown KK, Chelala L, Kazerooni EA, Walsh SLF, Lynch DA.",,2025,2024-04-24,,eng,N,N,N,3,yes,https://doi.org/10.2214/AJR.24.31125
464,MED,38514096,38514096,,10.1183/13993003.01864-2023,Impact of obesity progression or regression on the longitudinal assessment of fibrosing interstitial lung disease.,"Alqurashi H, Marillier M, Neder-Serafini I, Bernard AC, Moran-Mendoza O, Neder JA.",,2024,2024-04-18,,eng,N,N,N,2,yes,https://doi.org/10.1183/13993003.01864-2023
465,MED,38630364,38630364,PMC11189987,10.1007/s40265-024-02021-8,Sirtuins and Cellular Senescence in Patients with Idiopathic Pulmonary Fibrosis and Systemic Autoimmune Disorders.,"D'Agnano V, Mariniello DF, Pagliaro R, Far MS, Schiattarella A, Scialò F, Stella G, Matera MG, Cazzola M, Bianco A, Perrotta F.",,2024,2024-04-17,,eng,Y,Y,Y,7,yes,https://doi.org/10.1007/s40265-024-02021-8
466,MED,38655311,38655311,PMC11036012,10.1016/j.heliyon.2024.e29266,Bibliometric analysis of the pirfenidone and nintedanib in interstitial lung diseases.,"Liu J, Wang F, Hong Y, Luo F.",,2024,2024-04-15,,eng,Y,Y,Y,6,yes,https://doi.org/10.1016/j.heliyon.2024.e29266
467,MED,38581478,38581478,PMC11286720,10.1007/s11604-024-01560-0,Volume changes of diseased and normal areas in progressive fibrosing interstitial lung disease on inspiratory and expiratory computed tomography.,"Kobayashi T, Kunihiro Y, Uehara T, Tanabe M, Ito K.",,2024,2024-04-06,,eng,Y,Y,Y,1,yes,https://link.springer.com/content/pdf/10.1007/s11604-024-01560-0.pdf
468,MED,38571437,38571437,,10.1111/his.15179,Presence of focal usual interstitial pneumonia is a key prognostic factor in progressive pulmonary fibrosis.,"Tsushima Y, Okoshi EN, Ishijima S, Bychkov A, Lami K, Morimoto S, Yamano Y, Kataoka K, Johkoh T, Kondoh Y, Fukuoka J.",,2024,2024-04-04,,eng,N,N,N,5,yes,https://onlinelibrary.wiley.com/doi/pdfdirect/10.1111/his.15179
469,MED,38816098,38816098,,10.1016/j.ccm.2024.02.013,Interstitial Lung Abnormalities: Current Understanding.,"Wada N, Hunninghake GM, Hatabu H.",,2024,2024-04-02,,eng,N,N,N,3,yes,https://doi.org/10.1016/j.ccm.2024.02.013
470,MED,37458486,37458486,,10.1093/rheumatology/kead363,Standardized 3D-CT lung volumes for patients with acute exacerbation of rheumatoid arthritis-associated interstitial lung disease.,"Tanaka Y, Suzuki Y, Saku A, Kono M, Hashimoto D, Hasegawa H, Yokomura K, Inoue Y, Hozumi H, Karayama M, Furuhashi K, Enomoto N, Fujisawa T, Inui N, Suda T.",,2024,2024-04-01,,eng,N,N,N,6,yes,https://doi.org/10.1093/rheumatology/kead363
471,PPR,PPR828749,,,10.1101/2024.03.27.586923,Radioproteomics stratifies molecular response to antifibrotic treatment in pulmonary fibrosis,"Lauer D, Magnin CY, Kolly L, Wang H, Brunner M, Charbria M, Cereghetti GM, Gabryś H, Tanadini-Lang S, Uldry A, Heller M, Verleden SE, Klein K, Sarbu A, Funke-Chambour M, Ebner L, Distler O, Maurer B, Gote-Schniering J.",,2024,2024-03-28,,,Y,Y,N,0,no,https://doi.org/10.1101/2024.03.27.586923
472,MED,38571623,38571623,PMC10987991,10.1016/j.heliyon.2024.e28403,Nintedanib in chronic fibrosing interstitial lung diseases. A case series.,"García Sevila R, Arenas Jiménez JJ, Vela Casasempere P, Nofuentes Pérez E, Gayá García-Manso I.",,2024,2024-03-23,,eng,Y,Y,Y,0,yes,https://doi.org/10.1016/j.heliyon.2024.e28403
473,MED,38519110,38519110,PMC10961527,10.1136/rmdopen-2023-003715,Prediction of progressive fibrosing interstitial lung disease in patients with systemic sclerosis: insight from the CRDC cohort study.,"Hui M, Duan X, Zhou J, Li M, Wang Q, Zhao J, Hou Y, Xu D, Zeng X.",,2024,2024-03-22,,eng,Y,Y,Y,2,yes,https://rmdopen.bmj.com/content/rmdopen/10/1/e003715.full.pdf
474,MED,38513874,38513874,,10.1016/j.rmed.2024.107603,Predictive factors for dose reduction and discontinuation of nintedanib in fibrotic interstitial lung diseases: Real life data.,"Costa E, Pedroso AR, Matos R, Cunha Rodrigues M, Padrão E, Sousa-Neves J, Rolo R.",,2024,2024-03-19,,eng,N,N,N,2,yes,https://doi.org/10.1016/j.rmed.2024.107603
475,MED,38534359,38534359,PMC10969066,10.3390/cells13060515,Insights into Disease Progression of Translational Preclinical Rat Model of Interstitial Pulmonary Fibrosis through Endpoint Analysis.,"Kadam AH, Schnitzer JE.",,2024,2024-03-15,,eng,Y,Y,Y,8,yes,https://www.mdpi.com/2073-4409/13/6/515/pdf?version=1710484426
476,MED,38461429,38461429,PMC11009725,10.1007/s00408-024-00685-3,Genetic Testing Goes Beyond Imaging and Histological Evaluation in Pleuroparenchymal Fibroelastosis.,"Alrehaili G, Kemppainen J, Kalra S, Pinto E Vairo F, Moua T, Yi ES, Ferrer A, Patnaik MM, Carmona EM.",,2024,2024-03-10,,eng,Y,Y,Y,1,yes,https://doi.org/10.1007/s00408-024-00685-3
477,MED,38448953,38448953,PMC10919020,10.1186/s12931-024-02731-3,Disease trajectories in interstitial lung diseases - data from the EXCITING-ILD registry.,"Buschulte K, Kabitz HJ, Hagmeyer L, Hammerl P, Esselmann A, Wiederhold C, Skowasch D, Stolpe C, Joest M, Veitshans S, Höffgen M, Maqhuzu P, Schwarzkopf L, Hellmann A, Pfeifer M, Behr J, Karpavicius R, Günther A, Polke M, Höger P, Somogyi V, Lederer C, Markart P, Kreuter M.",,2024,2024-03-06,,eng,Y,Y,Y,21,yes,https://doi.org/10.1186/s12931-024-02731-3
478,PPR,PPR814707,,,10.21203/rs.3.rs-4000353/v1,Treatment patterns and patient journey in progressive pulmonary fibrosis: a cross-sectional survey,"Chaudhuri N, Spagnolo P, Valenzuela C, Amatto VC, Carter O, Lee L, Small M, Kreuter M.",,2024,2024-03-05,,,N,N,N,0,no,https://www.researchsquare.com/article/rs-4000353/latest.pdf
479,MED,38746908,38746908,PMC11091715,10.1183/20734735.0006-2024,Imaging in the diagnosis and management of fibrosing interstitial lung diseases.,"Lederer C, Storman M, Tarnoki AD, Tarnoki DL, Margaritopoulos GA, Prosch H.",,2024,2024-03-01,,eng,Y,Y,Y,17,yes,https://doi.org/10.1183/20734735.0006-2024
480,MED,37294870,37294870,PMC10907814,10.1093/rheumatology/kead280,Effects of nintedanib in patients with limited cutaneous systemic sclerosis and interstitial lung disease.,"Allanore Y, Khanna D, Smith V, Aringer M, Hoffmann-Vold AM, Kuwana M, Merkel PA, Stock C, Sambevski S, Denton CP, SENSCIS Trial Investigators.",,2024,2024-03-01,,eng,Y,Y,Y,10,yes,https://academic.oup.com/rheumatology/advance-article-pdf/doi/10.1093/rheumatology/kead280/50563811/kead280.pdf
481,MED,38505056,38505056,PMC10944769,10.21037/jtd-23-481,Compare three diagnostic criteria of progressive pulmonary fibrosis.,"Chen T, Zeng C.",,2024,2024-02-27,,eng,Y,Y,Y,3,yes,https://doi.org/10.21037/jtd-23-481
482,MED,38403994,38403994,,10.1111/resp.14696,Using change in 6-minute walk distance to predict survival in progressive pulmonary fibrosis: A promising measure in need of precision.,"Holland AE, Dowman L.",,2024,2024-02-25,,eng,N,N,N,1,yes,https://onlinelibrary.wiley.com/doi/pdfdirect/10.1111/resp.14696
483,MED,38540667,38540667,PMC10968628,10.3390/biom14030247,The Role of Lung Microbiome in Fibrotic Interstitial Lung Disease-A Systematic Review.,"Puiu R, Motoc NS, Lucaciu S, Ruta MV, Rajnoveanu RM, Todea DA, Man MA.",,2024,2024-02-20,,eng,Y,Y,Y,7,yes,https://doi.org/10.3390/biom14030247
484,MED,38434573,38434573,PMC10907778,10.1016/j.mtbio.2024.100980,Niclosamide - encapsulated lipid nanoparticles for the reversal of pulmonary fibrosis.,"Yu Y, Liu H, Yuan L, Pan M, Bei Z, Ye T, Qian Z.",,2024,2024-02-16,,eng,Y,Y,Y,7,yes,https://doi.org/10.1016/j.mtbio.2024.100980
485,MED,38349858,38349858,PMC10929820,10.18632/aging.205530,Transcriptomic and network analysis identifies shared and unique pathways and immune changes across fibrotic interstitial lung diseases.,"Liu W, Huang K, Yang XZ, Wang P.",,2024,2024-02-12,,eng,Y,Y,Y,4,yes,https://www.aging-us.com/article/205530/pdf
486,MED,38384414,38384414,PMC10879408,10.3389/fmed.2024.1335758,"Risk factors for progression of pulmonary fibrosis: a single-centered, retrospective study.","Fan JJ, Gu JM, Xiao SY, Jia MY, Han GL.",,2024,2024-02-07,,eng,Y,Y,Y,5,yes,https://doi.org/10.3389/fmed.2024.1335758
487,MED,38331228,38331228,,10.1016/j.rmed.2024.107542,Neutrophil-lymphocyte ratio being associated with mortality risk in patients receiving antifibrotic therapy.,"Takuma S, Suzuki Y, Kono M, Hasegawa H, Hashimoto D, Yokomura K, Mori K, Shimizu M, Inoue Y, Yasui H, Hozumi H, Karayama M, Furuhashi K, Enomoto N, Fujisawa T, Inui N, Suda T.",,2024,2024-02-07,,eng,N,N,N,3,yes,https://doi.org/10.1016/j.rmed.2024.107542
488,MED,38398739,38398739,PMC10890660,10.3390/life14020229,"Targeting Progression in Pulmonary Fibrosis: An Overview of Underlying Mechanisms, Molecular Biomarkers, and Therapeutic Intervention.","D'Agnano V, Mariniello DF, Ruotolo M, Quarcio G, Moriello A, Conte S, Sorrentino A, Sanduzzi Zamparelli S, Bianco A, Perrotta F.",,2024,2024-02-06,,eng,Y,Y,Y,10,yes,https://www.mdpi.com/2075-1729/14/2/229/pdf?version=1707217327
489,MED,38319942,38319942,PMC10846726,10.1371/journal.pone.0286423,Impact of interstitial lung disease on left ventricular myocardial function.,"Stumpf MJ, Wirtz MML, Fleddermann MF, Biener L, Weinhold L, Weber M, Schaefer CA, Nickenig G, Skowasch D, Pizarro C.",,2024,2024-02-06,,eng,Y,Y,Y,3,yes,https://journals.plos.org/plosone/article/file?id=10.1371/journal.pone.0286423&type=printable
490,MED,38774704,38774704,PMC11104760,10.46497/archrheumatol.2024.10105,Progressive pulmonary fibrosis in patients with connective tissue disease-associated interstitial lung disease: An explorative study.,"Höppner J, Wollsching-Strobel M, Schumacher F, Windisch W, Berger M.",,2024,2024-02-02,,eng,Y,Y,Y,2,yes,https://doi.org/10.46497/archrheumatol.2024.10105
491,MED,38655828,38655828,,,[Progressive pulmonary Fibrosis].,"Kleiner R, Pohle S.",,2024,2024-02-01,,ger,N,N,N,0,yes,
492,MED,38358328,38358328,PMC10912896,10.1148/ryct.230135,Thin-Section CT in the Categorization and Management of Pulmonary Fibrosis including Recently Defined Progressive Pulmonary Fibrosis.,"Shah RM, Kolansky AM, Kligerman S.",,2024,2024-02-01,,eng,N,Y,Y,4,yes,https://www.ncbi.nlm.nih.gov/pmc/articles/10912896
493,MED,38356488,38356488,PMC10862105,10.30476/ijms.2023.96535.2868,Chlorogenic Acid Inhibits Progressive Pulmonary Fibrosis in a Diabetic Rat Model.,"Kencana SMS, Arfian N, Yuniartha R, Saputri RLAAW, Munawaroh F, Sari DCR.",,2024,2024-02-01,,eng,Y,Y,Y,2,yes,https://doi.org/10.30476/IJMS.2023.96535.2868
494,MED,38308627,38308627,PMC10839459,10.18553/jmcp.2024.30.2.163,Health care costs and utilization of progressive fibrosing lung disease by underlying interstitial lung disease type.,"Nili M, Steffens A, Anderson A, Brekke L, Grace Johnson M, Veeranki P, Olson AL.",,2024,2024-02-01,,eng,N,Y,Y,3,yes,https://www.ncbi.nlm.nih.gov/pmc/articles/10839459
495,MED,38135442,38135442,PMC10831140,10.1183/13993003.00752-2023,Effects of nintedanib on symptoms in patients with progressive pulmonary fibrosis.,"Wijsenbeek M, Swigris JJ, Inoue Y, Kreuter M, Maher TM, Suda T, Baldwin M, Mueller H, Rohr KB, Flaherty KR, INBUILD Trial Investigators.",,2024,2024-02-01,,eng,Y,Y,Y,36,yes,https://doi.org/10.1183/13993003.00752-2023
496,MED,37696027,37696027,,10.1513/annalsats.202301-084oc,Deep Learning-based Fibrosis Extent on Computed Tomography Predicts Outcome of Fibrosing Interstitial Lung Disease Independent of Visually Assessed Computed Tomography Pattern.,"Oh AS, Lynch DA, Swigris JJ, Baraghoshi D, Dyer DS, Hale VA, Koelsch TL, Marrocchio C, Parker KN, Teague SD, Flaherty KR, Humphries SM.",,2024,2024-02-01,,eng,N,N,N,37,yes,https://doi.org/10.1513/AnnalsATS.202301-084OC
497,MED,38262669,38262669,PMC10806566,10.1136/bmjresp-2023-002053,Effects of indoor air pollution on clinical outcomes in patients with interstitial lung disease: protocol of a multicentre prospective observational study.,"Yoon HY, Kim SY, Song JW.",,2024,2024-01-22,,eng,Y,Y,Y,0,yes,https://bmjopenrespres.bmj.com/content/bmjresp/11/1/e002053.full.pdf
498,MED,40145120,40145120,PMC11935452,10.1016/j.jhlto.2024.100054,Outcomes of lung transplantation in patients with telomere-related forms of progressive fibrosing interstitial lung disease pulmonary fibrosis: A systematic review.,"Bordas-Martinez J, Miedema JR, Mathot BJ, Seghers L, Galjaard RH, Raaijmakers MHGP, Aalbers AM, Wijsenbeek M, Molina-Molina M, Hellemons ME.",,2024,2024-01-17,,eng,Y,Y,Y,7,yes,https://doi.org/10.1016/j.jhlto.2024.100054
499,MED,38232990,38232990,PMC10792439,10.1183/16000617.0127-2023,The evolution of <i>in vitro</i> models of lung fibrosis: promising prospects for drug discovery.,"Kolanko E, Cargnoni A, Papait A, Silini AR, Czekaj P, Parolini O.",,2024,2024-01-17,,eng,Y,Y,Y,37,yes,https://err.ersjournals.com/content/errev/33/171/230127.full.pdf
500,MED,38226064,38226064,PMC10789269,10.1183/23120541.00529-2023,Real-world experience of nintedanib for progressive fibrosing interstitial lung disease in the UK.,"Dixon G, Hague S, Mulholland S, Adamali H, Khin AMN, Thould H, Connon R, Minnis P, Murtagh E, Khan F, Toor S, Lawrence A, Naqvi M, West A, Coker RK, Ward K, Yazbeck L, Hart S, Garfoot T, Newman K, Rivera-Ortega P, Stranks L, Beirne P, Bradley J, Rowan C, Agnew S, Ahmad M, Spencer LG, Aigbirior J, Fahim A, Wilson AM, Butcher E, Chong SG, Saini G, Zulfikar S, Chua F, George PM, Kokosi M, Kouranos V, Molyneaux P, Renzoni E, Vitri B, Wells AU, Nicol LM, Bianchi S, Kular R, Liu H, John A, Barth S, Wickremasinghe M, Forrest IA, Grimes I, Simpson AJ, Fletcher SV, Jones MG, Kinsella E, Naftel J, Wood N, Chalmers J, Crawshaw A, Crowley LE, Dosanjh D, Huntley CC, Walters GI, Gatheral T, Plum C, Bikmalla S, Muthusami R, Stone H, Rodrigues JCL, Tsaneva-Atanasova K, Scotton CJ, Gibbons MA, Barratt SL.",,2024,2024-01-15,,eng,Y,Y,Y,19,yes,https://openres.ersjournals.com/content/erjor/10/1/00529-2023.full.pdf
501,MED,38274458,38274458,PMC10808296,10.3389/fmed.2023.1325082,Progressive pulmonary fibrosis in myositis-specific antibody-positive interstitial pneumonia: a retrospective cohort study.,"Wang H, Wang Y, Sun D, Yu S, Du X, Ye Q.",,2023,2024-01-11,,eng,Y,Y,Y,5,yes,https://doi.org/10.3389/fmed.2023.1325082
502,MED,38218353,38218353,,10.1016/j.phrs.2024.107070,MMP14&lt;sup&gt;high&lt;/sup&gt; macrophages orchestrate progressive pulmonary fibrosis in SR-Ag-induced hypersensitivity pneumonitis.,"Peng D, Li J, Li Y, Bai L, Xiong A, He X, Li X, Ran Q, Zhang L, Jiang M, Wang J, Leung EL, Yang P, Li G.",,2024,2024-01-11,,eng,N,N,N,13,yes,https://doi.org/10.1016/j.phrs.2024.107070
503,MED,38211978,38211978,PMC10952210,10.1111/resp.14656,Treatment of idiopathic pulmonary fibrosis and progressive pulmonary fibrosis: A position statement from the Thoracic Society of Australia and New Zealand 2023 revision.,"Mackintosh JA, Keir G, Troy LK, Holland AE, Grainge C, Chambers DC, Sandford D, Jo HE, Glaspole I, Wilsher M, Goh NSL, Reynolds PN, Chapman S, Mutsaers SE, de Boer S, Webster S, Moodley Y, Corte TJ, Corte TJ.",,2024,2024-01-11,,eng,Y,Y,Y,32,yes,https://onlinelibrary.wiley.com/doi/pdfdirect/10.1111/resp.14656
504,MED,38229429,38229429,PMC10792278,10.4132/jptm.2023.11.17,Diagnosis of interstitial lung diseases: from Averill A. Liebow to artificial intelligence.,"Yi ES, Wawryko P, Ryu JH.",,2024,2024-01-10,,eng,Y,Y,Y,2,yes,https://www.jpatholtm.org/upload/pdf/jptm-2023-11-17.pdf
505,MED,38211385,38211385,,10.1016/j.compbiomed.2024.107947,"Characterization of transient and progressive pulmonary fibrosis by spatially correlated phase contrast microCT, classical histopathology and atomic force microscopy.","D'Amico L, Svetlove A, Longo E, Meyer R, Senigagliesi B, Saccomano G, Nolte P, Wagner WL, Wielpütz MO, Leitz DHW, Duerr J, Mall MA, Casalis L, Köster S, Alves F, Tromba G, Dullin C.",,2024,2024-01-08,,eng,N,N,N,8,yes,https://doi.org/10.1016/j.compbiomed.2024.107947
506,PMC,PMC11150662,,PMC11150662,,Elucidating the interaction between stretch and stiffness using an agent-based spring network model of progressive pulmonary fibrosis,"Hall J, Bates J, Krishnan R, Kim J, Deng Y, Lutchen K, Suki B.",,2024,2024-01-01,,eng,Y,Y,Y,0,no,https://www.ncbi.nlm.nih.gov/pmc/articles/PMC11150662/?tool=EBI
507,MED,39415340,39415340,PMC11489892,10.1177/17534666241288417,Advances in the identification and management of progressive pulmonary fibrosis: perspective from Chinese experts.,"Huang H, Wang Q, Xu Z.",,2024,2024-01-01,,eng,Y,Y,Y,1,yes,https://doi.org/10.1177/17534666241288417
508,MED,39235441,39235441,PMC11378212,10.1177/17534666241276800,Association between acute exacerbation and progressive pulmonary fibrosis in interstitial lung disease: a retrospective cohort study.,"Zhai L, Wang Z, Yu W.",,2024,2024-01-01,,eng,Y,Y,Y,1,yes,https://doi.org/10.1177/17534666241276800
509,MED,39113425,39113425,PMC11311158,10.1177/17534666241266343,Key learnings from the INBUILD trial in patients with progressive pulmonary fibrosis.,"Mira-Avendano I, Kaye M.",,2024,2024-01-01,,eng,Y,Y,Y,1,yes,https://doi.org/10.1177/17534666241266343
510,MED,38414439,38414439,PMC10901065,10.1177/17534666241232561,"Impact of antifibrotic therapy on disease progression, all-cause mortality, and risk of acute exacerbation in non-IPF fibrosing interstitial lung diseases: evidence from a meta-analysis of randomized controlled trials and prospective controlled studies.","Li DY, Liu X, Huang JY, Hang WL, Yu GR, Xu Y.",,2024,2024-01-01,,eng,Y,Y,Y,8,yes,https://doi.org/10.1177/17534666241232561
511,MED,38062694,38062694,,10.3760/cma.j.cn112147-20231021-00252,[Update in interstitial lung disease 2023].,Huang H.,,2024,2024-01-01,,chi,N,N,N,4,yes,https://doi.org/10.3760/cma.j.cn112147-20231021-00252
512,MED,38056824,38056824,,10.1016/j.chest.2023.11.037,Pictorial Review of Fibrotic Interstitial Lung Disease on High-Resolution CT Scan and Updated Classification.,"Brixey AG, Oh AS, Alsamarraie A, Chung JH.",,2024,2024-01-01,,eng,N,N,N,18,yes,https://doi.org/10.1016/j.chest.2023.11.037
513,MED,38154291,38154291,,10.1016/j.resinv.2023.12.007,Long-term nintedanib treatment for progressive pulmonary fibrosis associated with Hermansky-Pudlak syndrome type 1 followed by lung transplantation.,"Itoh T, Kawasaki T, Kaiho T, Shikano K, Naito A, Abe M, Suzuki H, Ota M, Yoshino I, Suzuki T.",,2024,2023-12-27,,eng,N,N,N,5,yes,https://doi.org/10.1016/j.resinv.2023.12.007
514,MED,38111100,38111100,PMC10990610,10.4046/trd.2023.0119,Progressive Pulmonary Fibrosis: Where Are We Now?,"Kang HK, Song JW.",,2024,2023-12-18,,eng,Y,Y,Y,6,yes,https://www.e-trd.org/upload/pdf/trd-2023-0119.pdf
515,MED,38085286,38085286,,10.1007/s00330-023-10483-9,Value of CT quantification in progressive fibrosing interstitial lung disease: a deep learning approach.,"Koh SY, Lee JH, Park H, Goo JM.",,2024,2023-12-12,,eng,N,N,N,14,yes,https://doi.org/10.1007/s00330-023-10483-9
516,MED,38072472,38072472,PMC10729112,10.1136/bmjopen-2023-074963,"Effectiveness and safety of nintedanib in prevention of pulmonary fibrosis induced by bleomycin in malignant ovarian germ cell tumour: study protocol for a randomised, double-blind, placebo-controlled trial.","Li S, Zhang X, Yin M, Zhang T, Zhang R, Yang J, Yang J.",,2023,2023-12-10,,eng,Y,Y,Y,0,yes,https://doi.org/10.1136/bmjopen-2023-074963
517,PPR,PPR771691,,,10.1101/2023.12.07.23298650,Focal Usual Interstitial Pneumonia-like Fibrosis is a Core Prognostic Factor in Progressive Pulmonary Fibrosis,"Tsushima Y, Okoshi EN, Ishijima S, Bychkov A, Lami K, Morimoto S, Yamano Y, Kataoka K, Johkoh T, Kondoh Y, Fukuoka J.",,2023,2023-12-09,,,N,N,N,0,no,https://www.medrxiv.org/content/medrxiv/early/2023/12/28/2023.12.07.23298650.full.pdf
518,PPR,PPR767874,,,10.21203/rs.3.rs-3647278/v1,Assessing the Impact of Triiodothyronine Treatment on the Lung Microbiome of Mice with Pulmonary Fibrosis,"Guo X, Xu K, Wang Q, Han Z, Yu G.",,2023,2023-12-02,,,N,N,N,0,no,https://www.researchsquare.com/article/rs-3647278/latest.pdf
519,MED,37989522,37989522,,10.3760/cma.j.cn112147-20230726-00030,[Chinese expert consensus on multidisciplinary discussion of interstitial lung disease].,"Chinese Thoracic Society, Chinese Medical Association, Chinese Association of Chest Physician, Chinese Medical Doctor Association.",,2023,2023-12-01,,chi,N,N,N,4,yes,https://doi.org/10.3760/cma.j.cn112147-20230726-00030
520,MED,37985534,37985534,,10.1007/s10238-023-01250-7,Correction to: Diagnosis of interstitial lung disease (ILD) secondary to systemic sclerosis (SSc) and rheumatoid arthritis (RA) and identification of 'progressive pulmonary fibrosis' using chest CT: a narrative review.,"Poerio A, Carlicchi E, Zompatori M.",,2023,2023-12-01,,eng,N,N,N,1,yes,https://doi.org/10.1007/s10238-023-01250-7
521,MED,37676933,37676933,PMC12392296,10.1513/annalsats.202303-208oc,Predicting New-onset Exertional and Resting Hypoxemia in Fibrotic Interstitial Lung Disease.,"Saleem F, Ryerson CJ, Sarma N, Johannson K, Marcoux V, Fisher J, Assayag D, Manganas H, Khalil N, Morisset J, Glaspole IN, Goh N, Oldham JM, Cox G, Fell C, Gershon AS, Halayko A, Hambly N, Lok SD, Shapera S, To T, Wilcox PG, Wong AW, Kolb M, Khor YH.",,2023,2023-12-01,,eng,N,Y,Y,8,yes,https://doi.org/10.1513/AnnalsATS.202303-208OC
522,AGR,IND608564101,,,,Factors associated with rapid progression in fibrotic interstitial lung disease,"Chen X, Ji Q, Yao Q, Zhou Y.",,2023,2023-12-01,,eng,N,N,N,0,no,
523,MED,38046148,38046148,PMC10686856,10.1016/j.heliyon.2023.e22565,Factors associated with rapid progression in fibrotic interstitial lung disease.,"Chen X, Ji Q, Yao Q, Zhou Y.",,2023,2023-11-20,,eng,Y,Y,Y,1,yes,http://www.cell.com/article/S2405844023097736/pdf
524,MED,37973629,37973629,,10.1208/s12249-023-02690-w,Inhalation Lenalidomide-Loaded Liposome for Bleomycin-Induced Pulmonary Fibrosis Improvement.,"Luo Z, Ji L, Liu H, Sun Y, Zhao C, Xu X, Gu X, Ai X, Yang C.",,2023,2023-11-16,,eng,N,N,N,4,yes,https://doi.org/10.1208/s12249-023-02690-w
525,MED,37972706,37972706,,10.1016/j.pupt.2023.102267,Anti-fibrotic effects of nintedanib on lung fibroblasts derived from patients with Progressive Fibrosing Interstitial Lung Diseases (PF-ILDs).,"Joannes A, Voisin T, Morzadec C, Letellier A, Gutierrez FL, Chiforeanu DC, Le Naoures C, Guillot S, De Latour BR, Rouze S, Jaillet M, Crestani B, Wollin L, Jouneau S, Vernhet L.",,2023,2023-11-15,,eng,N,N,N,10,yes,https://doi.org/10.1016/j.pupt.2023.102267
526,MED,38002655,38002655,,10.3390/jcm12227041,Fibrosing Progressive Interstitial Lung Disease in Rheumatoid Arthritis: A Multicentre Italian Study.,"Sebastiani M, Venerito V, Laurino E, Gentileschi S, Atzeni F, Canofari C, Andrisani D, Cassone G, Lavista M, D'Alessandro F, Vacchi C, Scardapane A, Frediani B, Cazzato M, Salvarani C, Iannone F, Manfredi A.",,2023,2023-11-11,,eng,N,N,N,9,yes,https://www.mdpi.com/2077-0383/12/22/7041/pdf?version=1699681575
527,MED,38004009,38004009,PMC10673512,10.3390/medicina59111960,Successful Treatment of a Patient with Drug-Refractory Rheumatoid Arthritis-Associated Interstitial Lung Disease with Upadacitinib: A Case Report.,"Nishii Y, Okamoto M, Zaizen Y, Kojima T, Nouno T, Naitou-Nishida Y, Matsuo N, Takeoka H, Ishida M, Nakamura M, Masuda T, Tanaka T, Miyamura T, Hoshino T.",,2023,2023-11-06,,eng,Y,Y,Y,6,yes,https://doi.org/10.3390/medicina59111960
528,MED,38141579,38141579,,10.1016/j.resmer.2023.101058,U-net convolutional neural network applied to progressive fibrotic interstitial lung disease: Is progression at CT scan associated with a clinical outcome?,"Guerra X, Rennotte S, Fetita C, Boubaya M, Debray MP, Israël-Biet D, Bernaudin JF, Valeyre D, Cadranel J, Naccache JM, Nunes H, Brillet PY.",,2024,2023-11-02,,eng,N,N,N,2,yes,https://doi.org/10.1016/j.resmer.2023.101058
529,MED,37940340,37940340,PMC10632935,10.1136/rmdopen-2023-003426,"Heterogeneity of determining disease severity, clinical course and outcomes in systemic sclerosis-associated interstitial lung disease: a systematic literature review.","Petelytska L, Bonomi F, Cannistrà C, Fiorentini E, Peretti S, Torracchi S, Bernardini P, Coccia C, De Luca R, Economou A, Levani J, Matucci-Cerinic M, Distler O, Bruni C.",,2023,2023-11-01,,eng,Y,Y,Y,17,yes,https://rmdopen.bmj.com/content/rmdopen/9/4/e003426.full.pdf
530,MED,37914987,37914987,PMC10621076,10.1186/s12890-023-02735-7,Cluster features in fibrosing interstitial lung disease and associations with prognosis.,"Wang Y, Sun D, Wang J, Yu S, Wu N, Ye Q.",,2023,2023-11-01,,eng,Y,Y,Y,0,yes,https://doi.org/10.1186/s12890-023-02735-7
531,MED,37703324,37703324,PMC10870862,10.1164/rccm.202308-1523ed,"To Progress or Not to Progress, That Is the Question! Progression in Fibrotic Interstitial Lung Disease.",Behr J.,,2023,2023-11-01,,eng,Y,Y,Y,0,yes,https://doi.org/10.1164/rccm.202308-1523ed
532,MED,37884953,37884953,PMC10605223,10.1186/s12890-023-02714-y,Searching for airways biomarkers useful to identify progressive pulmonary fibrosis.,"Soccio P, Moriondo G, Scioscia G, Leo V, Tondo P, Salerno L, Palange P, Barbaro MPF, Lacedonia D.",,2023,2023-10-26,,eng,Y,Y,Y,6,yes,https://doi.org/10.1186/s12890-023-02714-y
533,MED,37892818,37892818,PMC10607647,10.3390/jcm12206680,The Impact of Progressive Pulmonary Fibrosis in Systemic Sclerosis-Associated Interstitial Lung Disease.,"Martín-López M, Carreira PE.",,2023,2023-10-23,,eng,Y,Y,Y,4,yes,https://www.mdpi.com/2077-0383/12/20/6680/pdf?version=1698066634
534,MED,37848575,37848575,PMC10582016,10.1038/s41598-023-45027-0,Outcomes and prognosis of progressive pulmonary fibrosis in patients with antineutrophil cytoplasmic antibody-positive interstitial lung disease.,"Sakamoto S, Suzuki A, Homma S, Usui Y, Shimizu H, Sekiya M, Miyoshi S, Nakamura Y, Urabe N, Isshiki T, Kurosaki A, Kishi K.",,2023,2023-10-17,,eng,Y,Y,Y,18,yes,https://www.nature.com/articles/s41598-023-45027-0.pdf
535,MED,37893169,37893169,PMC10604739,10.3390/biomedicines11102796,Molecular and Genetic Biomarkers in Idiopathic Pulmonary Fibrosis: Where Are We Now?,"Tomos I, Roussis I, Matthaiou AM, Dimakou K.",,2023,2023-10-16,,eng,Y,Y,Y,20,yes,https://doi.org/10.3390/biomedicines11102796
536,MED,37837527,37837527,PMC10611590,10.1007/s12325-023-02701-z,Burden of Disease and Productivity Loss in the European Economic Area in Patients Affected by Fibrosing Interstitial Lung Disease.,"Løkke A, Castello L, Pinheiro Martins P, Soulard S, Hilberg O.",,2023,2023-10-14,,eng,Y,Y,Y,9,yes,https://doi.org/10.1007/s12325-023-02701-z
537,MED,37831431,37831431,PMC10725328,10.1007/s10238-023-01212-z,Clinical effect of progressive pulmonary fibrosis on patients with connective tissue disease-associated interstitial lung disease: a single center retrospective cohort study.,"Lee JK, Ahn Y, Noh HN, Lee SM, Yoo B, Lee CK, Kim YG, Hong S, Ahn SM, Kim HC.",,2023,2023-10-13,,eng,Y,Y,Y,20,yes,https://link.springer.com/content/pdf/10.1007/s10238-023-01212-z.pdf
538,MED,37817229,37817229,PMC10566143,10.1186/s12931-023-02536-w,Bronchial epithelial gene expression and interstitial lung abnormalities.,"Menon AA, Lee M, Ke X, Putman RK, Hino T, Rose JA, Duan F, Ash SY, Cho MH, O'Connor GT, Dupuis J, Hatabu H, Lenburg ME, Billatos ES, Hunninghake GM, DECAMP Investigators.",,2023,2023-10-10,,eng,Y,Y,Y,3,yes,https://respiratory-research.biomedcentral.com/counter/pdf/10.1186/s12931-023-02536-w
539,MED,37812383,37812383,PMC10767799,10.32074/1591-951x-920,Up-regulation by overexpression of c-MET in fibroblastic foci of usual interstitial pneumonia.,"Melocchi L, Cervi G, Sartori G, Gandolfi L, Jocollé G, Cavazza A, Rossi G.",,2023,2023-10-09,,eng,Y,Y,Y,1,yes,https://doi.org/10.32074/1591-951X-920
540,MED,37803100,37803100,,10.1007/s10238-023-01202-1,Diagnosis of interstitial lung disease (ILD) secondary to systemic sclerosis (SSc) and rheumatoid arthritis (RA) and identification of 'progressive pulmonary fibrosis' using chest CT: a narrative review.,"Poerio A, Carlicchi E, Zompatori M.",,2023,2023-10-06,,eng,N,N,N,11,yes,https://doi.org/10.1007/s10238-023-01202-1
541,MED,37867940,37867940,PMC10585397,10.1016/j.isci.2023.108133,An interleukin 6 responsive plasma cell signature is associated with disease progression in systemic sclerosis interstitial lung disease.,"Jia G, Ramalingam TR, Heiden JV, Gao X, DePianto D, Morshead KB, Modrusan Z, Ramamoorthi N, Wolters P, Lin C, Khanna D, Arron JR.",,2023,2023-10-05,,eng,Y,Y,Y,17,yes,https://doi.org/10.1016/j.isci.2023.108133
542,MED,37660683,37660683,PMC10607396,10.1259/bjr.20221160,Histogram-based analysis in progressive pulmonary fibrosis: relationships between pulmonary functional tests and HRCT indexes.,"Palmucci S, Tiralongo F, Galioto F, Toscano S, Reali L, Scavone C, Fazio G, Ferlito A, Sambataro G, Vancheri A, Sciacca E, Vignigni G, Spadaro C, Mauro LA, Foti PV, Vancheri C, Basile A.",,2023,2023-10-03,,eng,Y,Y,Y,7,yes,https://doi.org/10.1259/bjr.20221160
543,MED,37758275,37758275,PMC10523156,10.1183/16000617.0085-2023,Sarcoidosis-associated pulmonary fibrosis: joining the dots.,"Bandyopadhyay D, Mirsaeidi MS.",,2023,2023-09-27,,eng,Y,Y,Y,20,yes,https://err.ersjournals.com/content/errev/32/169/230085.full.pdf
544,MED,37751022,37751022,PMC10611817,10.1007/s12325-023-02668-x,Effect of Nintedanib in Patients with Progressive Pulmonary Fibrosis in Subgroups with Differing Baseline Characteristics.,"Kolb M, Flaherty KR, Silva RS, Prasse A, Vancheri C, Mueller H, Sroka-Saidi K, Wells AU, INBUILD trial investigators.",,2023,2023-09-26,,eng,Y,Y,Y,12,yes,https://link.springer.com/content/pdf/10.1007/s12325-023-02668-x.pdf
545,MED,37763335,37763335,PMC10532531,10.3390/life13091932,Anti-Inflammatory and Antifibrotic Potential of Longidaze in Bleomycin-Induced Pulmonary Fibrosis.,"Pakhomova A, Pershina O, Bochkov P, Ermakova N, Pan E, Sandrikina L, Dagil Y, Kogai L, Grimm WD, Zhukova M, Avdeev S.",,2023,2023-09-19,,eng,Y,Y,Y,4,yes,https://www.mdpi.com/2075-1729/13/9/1932/pdf?version=1695085827
546,MED,37719243,37719243,PMC10501708,10.1183/20734735.0101-2023,Holistic management of patients with progressive pulmonary fibrosis.,"Oliveira A, Fabbri G, Gille T, Bargagli E, Duchemann B, Evans R, Pinnock H, Holland AE, Renzoni E, Ekström M, Jones S, Wijsenbeek M, Dinh-Xuan AT, Vagheggini G.",,2023,2023-09-12,,eng,Y,Y,Y,15,yes,https://breathe.ersjournals.com/content/breathe/19/3/230101.full.pdf
547,MED,37719242,37719242,PMC10501707,10.1183/20734735.0090-2023,"Add-on therapy for pulmonary fibrosis, a forthcoming era with implications for practice: the BI 101550 and RELIEF trials.","Planas-Cerezales L, Fabbri L, Pearmain L.",,2023,2023-09-12,,eng,Y,Y,Y,3,yes,https://doi.org/10.1183/20734735.0090-2023
548,MED,37703957,37703957,,10.1016/j.ijpharm.2023.123405,Cyclodextrin MOFs modified dry powder inhalers quadruple bioavailability of luteolin to ameliorate fibrosing interstitial lung disease.,"Ren X, Yang T, Zhang K, Liu Y, Wang C, Wu L, Zhang J.",,2023,2023-09-11,,eng,N,N,N,18,yes,https://doi.org/10.1016/j.ijpharm.2023.123405
549,MED,37690785,37690785,,10.1183/13993003.00577-2023,The ERS PROFILE.net Clinical Research Collaboration is dedicated to the set-up of an academic network to enhance imaging-based management of progressive pulmonary fibrosis.,"Guiot J, Walsh SLF.",,2023,2023-09-09,,eng,N,N,N,4,yes,https://erj.ersjournals.com/content/erj/62/3/2300577.full.pdf
550,MED,37689630,37689630,PMC10492374,10.1186/s12890-023-02637-8,Impact of chronic fibrosing interstitial lung disease on healthcare use: association between fvc decline and inpatient hospitalization.,"Singer D, Chastek B, Sargent A, Johnson JC, Shetty S, Conoscenti C, Bernstein EJ.",,2023,2023-09-09,,eng,Y,Y,Y,4,yes,https://doi.org/10.1186/s12890-023-02637-8
551,MED,38245370,38245370,,10.1016/j.ccm.2023.08.002,Monitoring of Sarcoidosis.,"Kouranos V, Wells AU.",,2024,2023-09-04,,eng,N,N,N,2,yes,https://doi.org/10.1016/j.ccm.2023.08.002
552,MED,37667402,37667402,PMC10476305,10.1186/s13075-023-03141-4,Anti-Ro52 positivity is associated with progressive interstitial lung disease in systemic sclerosis-an exploratory study.,"Hamberg V, Sohrabian A, Volkmann ER, Wildt M, Löfdahl A, Wuttge DM, Hesselstrand R, Dellgren G, Westergren-Thorsson G, Rönnelid J, Andréasson K.",,2023,2023-09-04,,eng,Y,Y,Y,18,yes,https://doi.org/10.1186/s13075-023-03141-4
553,MED,37727756,37727756,PMC10505784,10.3389/fmed.2023.1277909,Editorial: Progressive fibrosing interstitial lung disease: from bench to bedside.,"Guiot J, Njock MS.",,2023,2023-09-01,,eng,Y,Y,Y,1,yes,https://doi.org/10.3389/fmed.2023.1277909
554,MED,37709661,37709661,PMC10503394,10.1136/bmjresp-2022-001580,"Design of a phase III, double-blind, randomised, placebo-controlled trial of BI 1015550 in patients with progressive pulmonary fibrosis (FIBRONEER-ILD).","Maher TM, Assassi S, Azuma A, Cottin V, Hoffmann-Vold AM, Kreuter M, Oldham JM, Richeldi L, Valenzuela C, Wijsenbeek MS, Coeck C, Schlecker C, Voss F, Wachtlin D, Martinez FJ.",,2023,2023-09-01,,eng,Y,Y,Y,23,yes,https://doi.org/10.1136/bmjresp-2022-001580
555,MED,39238598,39238598,PMC11376317,10.1016/j.rcreu.2023.06.002,"Screening, diagnosis, and monitoring of interstitial lung disease in autoimmune rheumatic diseases: A narrative review.","Good SD, Sparks JA, Volkmann ER.",,2024,2023-08-26,,eng,N,Y,Y,5,yes,https://www.ncbi.nlm.nih.gov/pmc/articles/11376317
556,PPR,PPR709186,,,10.21203/rs.3.rs-3184270/v1,Usefulness of transbronchial lung cryobiopsy when choosing treatment for chronic fibrosing interstitial lung disease: Descriptive research,"Takatsuka M, Yamakawa H, Takemura T, Sato S, Ohta H, Kusano K, Oba T, Kawabe R, Akasaka K, Sasaki H, Amano M, Araya J, Matsushima H.",,2023,2023-08-25,,,N,N,N,0,no,https://www.researchsquare.com/article/rs-3184270/latest.pdf
557,MED,37619546,37619546,,10.1159/000533312,Acute Exacerbation and Proposed Criteria for Progressive Pulmonary Fibrosis in Patients with Fibrotic Hypersensitivity Pneumonitis and Idiopathic Pulmonary Fibrosis.,"Okuda R, Takemura T, Misumi T, Nagasawa R, Iwasawa T, Baba T, Hagiwara E, Ogura T.",,2023,2023-08-24,,eng,N,N,N,10,yes,https://doi.org/10.1159/000533312
558,MED,37612608,37612608,PMC10463468,10.1186/s12931-023-02503-5,Lung function trajectories in patients with idiopathic pulmonary fibrosis.,"Neely ML, Hellkamp AS, Bender S, Todd JL, Liesching T, Luckhardt TR, Oldham JM, Raj R, White ES, Palmer SM.",,2023,2023-08-24,,eng,Y,Y,Y,24,yes,https://respiratory-research.biomedcentral.com/counter/pdf/10.1186/s12931-023-02503-5
559,MED,37610955,37610955,PMC10578905,10.36416/1806-3756/e20230098,Progressive fibrotic interstitial lung disease.,"Pereira CAC, Cordero S, Resende AC.",,2023,2023-08-21,,eng,Y,Y,Y,2,yes,https://doi.org/10.36416/1806-3756/e20230098
560,MED,37592449,37592449,PMC10570669,10.1002/acr2.11598,Combining Clinical and Biological Data to Predict Progressive Pulmonary Fibrosis in Patients With Systemic Sclerosis Despite Immunomodulatory Therapy.,"Volkmann ER, Wilhalme H, Assassi S, Kim GHJ, Goldin J, Kuwana M, Tashkin DP, Roth MD.",,2023,2023-08-17,,eng,Y,Y,Y,11,yes,https://escholarship.org/uc/item/2zb3f0v1
561,MED,37586349,37586349,,10.1159/000531945,Krebs von den Lungen-6 as a Potential Predictive Biomarker in Fibrosing Interstitial Lung Diseases.,"Lederer C, Mayer K, Somogyi V, Kriegsmann K, Kriegsmann M, Buschulte K, Polke M, Findeisen P, Herth F, Kreuter M.",,2023,2023-08-16,,eng,N,N,N,7,yes,https://doi.org/10.1159/000531945
562,MED,37541742,37541742,PMC10407351,10.1136/rmdopen-2023-003121,Interstitial lung disease with and without progressive fibrosing phenotype in patients with idiopathic inflammatory myopathies: data from a large multicentric cohort.,"Zanatta E, Cocconcelli E, Castelli G, Giraudo C, Fraia AS, De Zorzi E, Gatto M, Ienna L, Treppo E, Malandrino D, Cereser L, Emmi G, Giannelli F, Bellani S, Martini A, Moccaldi B, Ghirardello A, Avouac J, Quartuccio L, Allanore Y, Doria A, Spagnolo P, Balestro E, Iaccarino L.",,2023,2023-08-01,,eng,Y,Y,Y,32,yes,https://rmdopen.bmj.com/content/rmdopen/9/3/e003121.full.pdf
563,MED,37126595,37126595,PMC10399144,10.1165/rcmb.2022-0431tr,Vascular Contribution to Lung Repair and Fibrosis.,"Caporarello N, Ligresti G.",,2023,2023-08-01,,eng,N,Y,Y,25,yes,https://doi.org/10.1165/rcmb.2022-0431TR
564,MED,37568398,37568398,PMC10419359,10.3390/jcm12154996,Impact of ILD-Specific Therapies on Perioperative Course in Patients with Progressive Interstitial Lung Disease Undergoing Lung Transplantation.,"Munker D, Arnold P, Leuschner G, Irlbeck M, Michel S, Kauke T, Meiser B, Behr J, Kneidinger N, Veit T.",,2023,2023-07-29,,eng,Y,Y,Y,2,yes,https://www.mdpi.com/2077-0383/12/15/4996/pdf?version=1690621888
565,PPR,PPR696035,,,10.20944/preprints202307.1440.v1,Anti-inflammatory and Antifibrotic Potential of Longidaza in the Bleomycin-induced Pulmonary Fibrosis,"Pakhomova A, Pershina O, Bochkov P, Ermakova N, Pan E, Sandrikina L, Dagil Y, Kogai L, Grimm W, Zhukova M, Avdeev S.",,2023,2023-07-21,,,N,N,N,0,no,https://www.preprints.org/manuscript/202307.1440/v1/download
566,MED,37821196,37821196,PMC10866555,10.1016/j.rdc.2023.06.005,COPA Syndrome from Diagnosis to Treatment: A Clinician's Guide.,"Simchoni N, Vogel TP, Shum AK.",,2023,2023-07-21,,eng,N,Y,Y,12,yes,https://doi.org/10.1016/j.rdc.2023.06.005
567,PPR,PPR694911,,,10.21203/rs.3.rs-3171136/v1,Expression profiles of nintedanib-targeting molecules in progressive fibrotic interstitial lung diseases (non-IPF-PF) and IPF,"Zhang L, Wang P, Mo Y, Zhang Y, Tong X, Zhang X, Li S.",,2023,2023-07-20,,,N,N,N,0,no,https://www.researchsquare.com/article/rs-3171136/latest.pdf
568,MED,37468847,37468847,PMC10357686,10.1186/s12890-023-02562-w,Clinical outcomes and risk factors of progressive pulmonary fibrosis in primary Sjögren's syndrome-associated interstitial lung disease.,"Chen YH, Lee TJ, Hsieh HJ, Hsieh SC, Wang HC, Chang YC, Yu CJ, Chien JY.",,2023,2023-07-19,,eng,Y,Y,Y,15,yes,https://doi.org/10.1186/s12890-023-02562-w
569,MED,37429071,37429071,,10.1016/j.resinv.2023.05.006,Anti-UBE2T antibody: A novel biomarker of progressive-fibrosing interstitial lung disease.,"Ujike-Hikichi M, Gon Y, Ooki T, Morisawa T, Mizumura K, Kozu Y, Hiranuma H, Nakagawa Y, Shimizu T, Maruoka S.",,2023,2023-07-08,,eng,N,N,N,0,yes,https://doi.org/10.1016/j.resinv.2023.05.006
570,MED,37423616,37423616,,10.1097/rti.0000000000000723,Diagnostic Guidelines for Usual Interstitial Pneumonia and Progressive Pulmonary Fibrosis.,"Oh AS, Lynch DA.",,2023,2023-07-07,,eng,N,N,N,0,yes,https://doi.org/10.1097/RTI.0000000000000723
571,MED,37417940,37417940,,10.1097/mcp.0000000000000981,Patterns of progression in non-IPF fibrotic interstitial lung disease.,Wells AU.,,2023,2023-07-07,,eng,N,N,N,3,yes,https://doi.org/10.1097/MCP.0000000000000981
572,MED,37468400,37468400,,10.1016/j.arbres.2023.06.009,Peripheral Immune Cell Profiling Reveals Distinct Immune Hallmarks in Progressive Pulmonary Fibrosis.,"Hernandez-Gonzalez F, Mendoza N, Casas-Recasens S, Cruz T, Albacar N, López-Saiz G, Alsina-Restoy X, Rojas M, Agusti A, Sellarés J, Faner R.",,2023,2023-07-04,,eng,N,N,N,1,yes,https://doi.org/10.1016/j.arbres.2023.06.009
573,MED,37419519,37419519,,10.1136/bmjresp-2022-001546,"Is it time to include oxygen needs as an endpoint in clinical trials in patients with fibrosing interstitial lung disease? If so, how?","Aronson K, Jacobs SS, Repola D, Swigris JJ.",,2023,2023-07-01,,eng,N,N,N,1,yes,https://bmjopenrespres.bmj.com/content/bmjresp/10/1/e001546.full.pdf
574,MED,37417080,37417080,PMC10401986,10.4103/lungindia.lungindia_378_22,Moving from PF-ILD to PPF.,Bhattacharyya P.,,2023,2023-07-01,,eng,Y,Y,Y,0,yes,https://doi.org/10.4103/lungindia.lungindia_378_22
575,MED,37393200,37393200,,10.1007/s10067-023-06689-3,Real world experience with nintedanib in connective tissue disease-related interstitial lung disease: a retrospective cohort study.,"Barešić M, Novak S, Perković D, Karanović B, Mirić F, Radić M, Radić M, Anić B.",,2023,2023-07-01,,eng,N,N,N,6,yes,https://doi.org/10.1007/s10067-023-06689-3
576,MED,37393107,37393107,PMC10415539,10.18632/aging.204825,Human senescent fibroblasts trigger progressive lung fibrosis in mice.,"Hernandez-Gonzalez F, Prats N, Ramponi V, López-Domínguez JA, Meyer K, Aguilera M, Muñoz Martín MI, Martínez D, Agusti A, Faner R, Sellarés J, Pietrocola F, Serrano M.",,2023,2023-07-01,,eng,Y,Y,Y,20,yes,https://doi.org/10.18632/aging.204825
577,MED,36971920,36971920,PMC10267250,10.1007/s10067-023-06583-y,Correction to: Prediction of progressive pulmonary fibrosis in patients with anti-synthetase syndrome-associated interstitial lung disease.,"Fu H, Zheng Z, Zhang Z, Yang Y, Cui J, Wang Z, Xue J, Chi S, Cao M, Chen J.",,2023,2023-07-01,,eng,Y,Y,Y,1,yes,https://link.springer.com/content/pdf/10.1007/s10067-023-06583-y.pdf
578,MED,36927333,36927333,PMC10324043,10.1165/rcmb.2022-0292oc,Multiple Fibroblast Subtypes Contribute to Matrix Deposition in Pulmonary Fibrosis.,"Liu X, Dai K, Zhang X, Huang G, Lynn H, Rabata A, Liang J, Noble PW, Jiang D.",,2023,2023-07-01,,eng,Y,Y,Y,68,yes,https://doi.org/10.1165/rcmb.2022-0292OC
579,MED,37457568,37457568,,10.3389/fmed.2023.1067149,Changes in patient-reported outcomes in patients with non-idiopathic pulmonary fibrosis fibrotic interstitial lung disease and progressive pulmonary fibrosis.,"Takei R, Matsuda T, Fukihara J, Sasano H, Yamano Y, Yokoyama T, Kataoka K, Kimura T, Suzuki A, Suzuki A, Furukawa T, Fukuoka J, Johkoh T, Kondoh Y.",,2023,2023-06-30,,eng,N,N,N,9,yes,https://doi.org/10.3389/fmed.2023.1067149
580,PPR,PPR683907,,,10.21203/rs.3.rs-3107761/v1,Anti-Ro52 positivity is associated with progressive interstitial lung disease in systemic sclerosis - an exploratory study,"Hamberg V, Sohrabian A, Volkmann ER, Wildt M, Löfdahl A, Wuttge DM, Hesselstrand R, Dellgren G, Westergren-Thorsson G, Rönnelid J, Andréasson K.",,2023,2023-06-29,,,N,N,N,0,no,https://www.researchsquare.com/article/rs-3107761/latest.pdf
581,MED,37307296,37307296,,10.1021/acs.molpharmaceut.3c00232,SPECT Imaging of Lysyl Oxidase-like 2 in a Model of Idiopathic Pulmonary Fibrosis.,"Vizier R, Garnier AR, Dias A, Moreau M, Claron M, Collin B, Denat F, Bellaye PS, Goncalves V.",,2023,2023-06-12,,eng,N,N,N,4,yes,https://hal.science/hal-04183933
582,MED,37291485,37291485,PMC10249548,10.1186/s12890-023-02455-y,An observational cohort study of interstitial lung abnormalities (ILAs) in a large Japanese health screening population (Kumamoto ILA study in Japan: KILA-J).,"Ichikado K, Ichiyasu H, Iyonaga K, Kawamura K, Higashi N, Johkoh T, Fujimoto K, Morinaga J, Yoshida M, Mitsuzaki K, Suga M, Tanabe N, Handa T, Hirai T, Sakagami T.",,2023,2023-06-08,,eng,Y,Y,Y,4,yes,https://doi.org/10.1186/s12890-023-02455-y
583,MED,37297982,37297982,PMC10253976,10.3390/jcm12113787,Clinical Impact of Physical Activity and Cough on Disease Progression in Fibrotic Interstitial Lung Disease.,"Veit T, Barnikel M, Kneidinger N, Munker D, Arnold P, Barton J, Crispin A, Milger K, Behr J, Neurohr C, Leuschner G.",,2023,2023-05-31,,eng,Y,Y,Y,10,yes,https://doi.org/10.3390/jcm12113787
584,MED,37218142,37218142,,10.23736/s2724-5691.23.09948-3,Correlation between high-resolution computed tomography appearance and histopathological features in the diagnosis of interstitial lung diseases. A real-life study.,"Lyberis P, Verri G, Solidoro P, Femia F, Perotti C, Limerutti G, Delsedime L, Della Beffa E, Papotti MG, Ruffini E, Albera C, Guerrera F.",,2024,2023-05-23,,eng,N,N,N,2,yes,https://doi.org/10.23736/S2724-5691.23.09948-3
585,MED,37209188,37209188,PMC10412475,10.1007/s10067-023-06623-7,Effect of nintedanib in patients with progressive pulmonary fibrosis associated with rheumatoid arthritis: data from the INBUILD trial.,"Matteson EL, Aringer M, Burmester GR, Mueller H, Moros L, Kolb M.",,2023,2023-05-20,,eng,Y,Y,Y,39,yes,https://doi.org/10.1007/s10067-023-06623-7
586,MED,37183228,37183228,,10.1007/s10067-023-06615-7,Anti-synthetase syndrome and the risk of progressive pulmonary fibrosis: weighting of concomitant anti-Ro/SSA antibodies.,"Bernal-Bello D, Rodríguez-Rodríguez J, Duarte-Millán MÁ, Frutos-Pérez B.",,2023,2023-05-15,,eng,N,N,N,1,yes,https://doi.org/10.1007/s10067-023-06615-7
587,MED,37187434,37187434,,10.1016/j.chest.2023.05.013,Nocturnal Hypoxemia Associates With Symptom Progression and Mortality in Patients With Progressive Fibrotic Interstitial Lung Disease.,"Myall KJ, West AG, Martinovic JL, Lam JL, Roque D, Wu Z, Maher TM, Molyneaux PL, Suh ES, Kent BD.",,2023,2023-05-13,,eng,N,N,N,19,yes,https://doi.org/10.1016/j.chest.2023.05.013
588,MED,37238199,37238199,PMC10217155,10.3390/diagnostics13101715,CCL18 as a Biomarker of Interstitial Lung Disease (ILD) and Progressive Fibrosing ILD in Patients with Idiopathic Inflammatory Myopathies.,"Zanatta E, Martini A, Depascale R, Gamba A, Tonello M, Gatto M, Giraudo C, Balestro E, Doria A, Iaccarino L.",,2023,2023-05-12,,eng,Y,Y,Y,8,yes,https://doi.org/10.3390/diagnostics13101715
589,PPR,PPR658313,,,10.1101/2023.05.08.23289640,Antigenic responses are hallmarks of fibrotic interstitial lung diseases independent of underlying etiologies,"Yoon Ym, Velez TE, Upadhyay V, Vazquez SE, Lee CT, Selvan KC, Law CS, Blaine KM, Hollinger MK, Decker DC, Clark MR, Strek ME, Guzy RD, Adegunsoye A, Noth I, Wolters PJ, Anderson M, DeRisi JL, Shum AK, Sperling AI.",,2023,2023-05-11,,,N,N,N,0,no,https://doi.org/10.1101/2023.05.08.23289640
590,MED,36922030,36922030,PMC10040898,10.1183/13993003.02226-2022,Monocyte migration profiles define disease severity in acute COVID-19 and unique features of long COVID.,"Scott NA, Pearmain L, Knight SB, Brand O, Morgan DJ, Jagger C, Harbach S, Khan S, Shuwa HA, Franklin M, Kästele V, Williams T, Prise I, McClure FA, Hackney P, Smith L, Menon M, Konkel JE, Lawless C, Wilson J, Mathioudakis AG, Stanel SC, Ustianowski A, Lindergard G, Brij S, Diar Bakerly N, Dark P, Brightling C, Rivera-Ortega P, Lord GM, Horsley A, CIRCO, Piper Hanley K, Felton T, Simpson A, Grainger JR, Hussell T, Mann ER.",,2023,2023-05-11,,eng,Y,Y,Y,37,yes,https://erj.ersjournals.com/content/erj/61/5/2202226.full.pdf
591,MED,37172428,37172428,,10.1016/j.resinv.2023.04.002,A retrospective study of crossover ambulatory oxygen walk testing in patients with fibrotic lung disease.,"Cartlidge MK, Wilkie H, Li F, Macleod J, Nicol L, Stewart G, Rabinovich RA, Linton K, McNamara S, Przybylski A, Hirani N.",,2023,2023-05-10,,eng,N,N,N,0,yes,https://doi.org/10.1016/j.resinv.2023.04.002
592,MED,37164667,37164667,PMC10824656,10.2169/internalmedicine.1802-23,Desquamative Interstitial Pneumonia with Progressive Pulmonary Fibrosis.,"Utsunomiya T, Kinoshita Y, Yoshimura M, Koide Y, Wada K, Ueda Y, Yoshida Y, Kushima H, Nimura S, Ishii H.",,2024,2023-05-10,,eng,Y,Y,Y,1,yes,https://doi.org/10.2169/internalmedicine.1802-23
593,MED,37143232,37143232,,10.5588/ijtld.22.0604,Mediastinal lymph node enlargement predicts progressive pulmonary fibrosis.,"Zhai LY, Gong HH, Yu WC.",,2023,2023-05-01,,eng,N,N,N,2,yes,https://doi.org/10.5588/ijtld.22.0604
594,MED,36746177,36746177,,10.1513/annalsats.202211-924cme,Summary for Clinicians: Idiopathic Pulmonary Fibrosis (an Update) and Progressive Pulmonary Fibrosis in Adults.,"Herman DD, Ghazipura M, Raghu G, Richeldi L, Remy-Jardin M, Ruminjo JK, Thomson CC.",,2023,2023-05-01,,eng,N,N,N,5,yes,https://doi.org/10.1513/AnnalsATS.202211-924CME
595,MED,36111858,36111858,PMC10152288,10.1093/rheumatology/keac535,Extent of fibrosis and lung function decline in patients with systemic sclerosis and interstitial lung disease: data from the SENSCIS trial.,"Denton CP, Goh NS, Humphries SM, Maher TM, Spiera R, Devaraj A, Ho L, Stock C, Erhardt E, Alves M, Wells AU.",,2023,2023-05-01,,eng,Y,Y,Y,25,yes,https://doi.org/10.1093/rheumatology/keac535
596,MED,37181377,37181377,PMC10172674,10.3389/fmed.2023.1152211,Idiopathic pulmonary fibrosis and the role of genetics in the era of precision medicine.,"Alonso-Gonzalez A, Tosco-Herrera E, Molina-Molina M, Flores C.",,2023,2023-04-27,,eng,Y,Y,Y,17,yes,https://doi.org/10.3389/fmed.2023.1152211
597,MED,37167144,37167144,,10.26442/00403660.2023.03.202073,Possibilities of non-invasive diagnosis of fibrotic phenotype of interstitial lung diseases.,"Shchepikhin EI, Shmelev EI, Ergeshov AE, Zaytseva AS, Shergina EA, Adamovskaya E.",,2023,2023-04-26,,eng,N,N,N,0,yes,https://doi.org/10.26442/00403660.2023.03.202073
598,MED,37175556,37175556,PMC10178294,10.3390/ijms24097849,Efficacy of Pirfenidone and Nintedanib in Interstitial Lung Diseases Other than Idiopathic Pulmonary Fibrosis: A Systematic Review.,"Amati F, Stainer A, Polelli V, Mantero M, Gramegna A, Blasi F, Aliberti S.",,2023,2023-04-25,,eng,Y,Y,Y,45,yes,https://doi.org/10.3390/ijms24097849
599,MED,37095673,37095673,,10.2214/ajr.23.29119,"Imaging of Pulmonary Fibrosis: An Update, From the <i>AJR</i> Special Series on Imaging of Fibrosis.","Lee KS, Han J, Wada N, Hata A, Lee HY, Yi C, Hino T, Doyle TJ, Franquet T, Hatabu H.",,2024,2023-04-12,,eng,N,N,N,9,yes,https://doi.org/10.2214/AJR.23.29119
600,MED,37045907,37045907,PMC10092917,10.1038/s41598-023-32915-8,A novel corpus of molecular to higher-order events that facilitates the understanding of the pathogenic mechanisms of idiopathic pulmonary fibrosis.,"Nagano N, Tokunaga N, Ikeda M, Inoura H, Khoa DA, Miwa M, Sohrab MG, Topić G, Nogami-Itoh M, Takamura H.",,2023,2023-04-12,,eng,Y,Y,Y,0,yes,https://www.nature.com/articles/s41598-023-32915-8.pdf
601,MED,37031806,37031806,,10.1016/j.rmed.2023.107242,Comparison of the diagnostic criteria for progressive pulmonary fibrosis in connective tissue disease related interstitial lung disease.,"Lee J, Kim K, Jo YS.",,2023,2023-04-07,,eng,N,N,N,9,yes,https://doi.org/10.1016/j.rmed.2023.107242
602,MED,36862017,36862017,,10.1111/imcb.12637,Myeloid-specific deletion of activating transcription factor 6 alpha increases CD11b<sup>+</sup> macrophage subpopulations and aggravates lung fibrosis.,"Mekhael O, Revill SD, Hayat AI, Cass SP, MacDonald K, Vierhout M, Ayoub A, Reihani A, Padwal M, Imani J, Ayaub E, Yousof T, Dvorkin-Gheva A, Rullo A, Hirota JA, Richards CD, Bridgewater D, Stämpfli MR, Hambly N, Naqvi A, Kolb MR, Ask K.",,2023,2023-04-04,,eng,N,N,N,3,yes,https://doi.org/10.1111/imcb.12637
603,MED,37065010,37065010,PMC10097451,10.1093/rap/rkad037,Nintedanib for progressive fibrosing interstitial lung disease: how many meet criteria in a UK district general hospital systemic sclerosis cohort?,"Ho GN, Douglas KMJ.",,2023,2023-04-03,,eng,Y,Y,Y,0,yes,https://academic.oup.com/rheumap/article-pdf/7/2/rkad037/49871913/rkad037.pdf
604,MED,37003616,37003616,,10.1183/13993003.00019-2023,What could explain the high prevalence of progressive fibrosing interstitial lung disease in a patient registry?,"Moran-Mendoza O, Al-Jarallah A, Alqahtani S, Paredes C.",,2023,2023-04-01,,eng,N,N,N,0,yes,https://doi.org/10.1183/13993003.00019-2023
605,MED,37003612,37003612,,10.1183/13993003.00208-2023,Design considerations and implications of findings on progressive pulmonary fibrosis from the prospective Canadian Registry for Pulmonary Fibrosis.,"Ryerson CJ, Hambly N, Kolb M.",,2023,2023-04-01,,eng,N,N,N,0,yes,https://doi.org/10.1183/13993003.00208-2023
606,MED,36473455,36473455,PMC10112421,10.1165/rcmb.2022-0203ma,Chronic Expression of a Clinical <i>SFTPC</i> Mutation Causes Murine Lung Fibrosis with Idiopathic Pulmonary Fibrosis Features.,"Rodriguez L, Tomer Y, Carson P, Dimopoulos T, Zhao M, Chavez K, Iyer S, Huang L, Ebert C, Sereda L, Murthy A, Trujillo G, Beers MF, Katzen J.",,2023,2023-04-01,,eng,N,Y,Y,20,yes,https://doi.org/10.1165/rcmb.2022-0203MA
607,MED,36063462,36063462,,10.1093/rheumatology/keac508,Anti-PM-Scl antibodies-positive patients encompass three different groups with distinct prognoses.,"Breillat P, Mariampillai K, Legendre P, Martins P, Dunogue B, Charuel JL, Miyara M, Goulvestre C, Paule R, Vanquaethem H, Ackermann F, Benveniste O, Nunes H, Mouthon L, Allenbach Y, Uzunhan Y.",,2023,2023-04-01,,eng,N,N,N,9,yes,https://doi.org/10.1093/rheumatology/keac508
608,MED,37005131,37005131,,10.1016/j.reumae.2023.03.003,Progressive pulmonary fibrosis in systemic autoimmune diseases. A real life study.,"Durán Barata D, Jaureguizar Oriol A, Loarce Martos J, Morell Hita JL, de la Puente Bujidos C, Rigual Bobillo J.",,2023,2023-03-31,,eng,N,N,N,0,yes,https://doi.org/10.1016/j.reumae.2023.03.003
609,MED,36517177,36517177,PMC10060665,10.1183/13993003.03187-2021,Progressive pulmonary fibrosis: an expert group consensus statement.,"Rajan SK, Cottin V, Dhar R, Danoff S, Flaherty KR, Brown KK, Mohan A, Renzoni E, Mohan M, Udwadia Z, Shenoy P, Currow D, Devraj A, Jankharia B, Kulshrestha R, Jones S, Ravaglia C, Quadrelli S, Iyer R, Dhooria S, Kolb M, Wells AU.",,2023,2023-03-30,,eng,Y,Y,Y,172,yes,https://doi.org/10.1183/13993003.03187-2021
610,MED,36974466,36974466,,10.1024/0301-1526/a001068,High prevalence of peripheral and carotid artery disease in patients with interstitial lung diseases.,"Stumpf MJ, Fleddermann MF, Wirtz MML, Biener L, Weinhold L, Schahab N, Weber M, Nickenig G, Skowasch D, Schaefer CA, Pizarro C.",,2023,2023-03-28,,eng,N,N,N,3,yes,https://doi.org/10.1024/0301-1526/a001068
611,MED,36949407,36949407,PMC10035232,10.1186/s12890-023-02373-z,Nationwide epidemiologic study for fibrosing interstitial lung disease (F-ILD) in South Korea: a population-based study.,"Joung KI, Park H, Park S, Shin JY, Kim YH.",,2023,2023-03-22,,eng,Y,Y,Y,14,yes,https://bmcpulmmed.biomedcentral.com/counter/pdf/10.1186/s12890-023-02373-z
612,MED,36949962,36949962,PMC10026008,10.1183/23120541.00423-2022,Nintedanib for non-IPF progressive pulmonary fibrosis: 12-month outcome data from a real-world multicentre observational study.,"Raman L, Stewart I, Barratt SL, Chua F, Chaudhuri N, Crawshaw A, Gibbons M, Hogben C, Hoyles R, Kouranos V, Martinovic J, Mulholland S, Myall KJ, Naqvi M, Renzoni EA, Saunders P, Steward M, Suresh D, Thillai M, Wells AU, West A, Mitchell JA, George PM.",,2023,2023-03-20,,eng,Y,Y,Y,28,yes,https://doi.org/10.1183/23120541.00423-2022
613,MED,36938815,36938815,,10.1111/1756-185x.14664,Predictive factors for progressive fibrosing interstitial lung disease in anti-synthetase syndrome.,"Zhao Y, Zhang C, Su H, Yin X, Liu X, Hou H, Wang G, Li D, Zhang N, Wei W.",,2023,2023-03-20,,eng,N,N,N,4,yes,https://doi.org/10.1111/1756-185X.14664
614,MED,36930615,36930615,PMC10022771,10.1371/journal.pone.0283288,Diagnostic and prognostic biomarkers for progressive fibrosing interstitial lung disease.,"Watase M, Mochimaru T, Kawase H, Shinohara H, Sagawa S, Ikeda T, Yagi S, Yamamura H, Matsuyama E, Kaji M, Kurihara M, Sato M, Horiuchi K, Watanabe R, Nukaga S, Irisa K, Satomi R, Oyamada Y.",,2023,2023-03-17,,eng,Y,Y,Y,17,yes,https://journals.plos.org/plosone/article/file?id=10.1371/journal.pone.0283288&type=printable
615,MED,36929316,36929316,PMC10266998,10.1007/s10067-023-06570-3,Prediction of progressive pulmonary fibrosis in patients with anti-synthetase syndrome-associated interstitial lung disease.,"Fu H, Zheng Z, Zhang Z, Yang Y, Cui J, Wang Z, Xue J, Chi S, Cao M, Chen J.",,2023,2023-03-17,,eng,Y,Y,Y,11,yes,https://doi.org/10.1007/s10067-023-06570-3
616,MED,37007784,37007784,PMC10061022,10.3389/fmed.2023.1068402,"Interstitial lung disease associated with inflammatory myositis: Autoantibodies, clinical phenotypes, and progressive fibrosis.","Ceribelli A, Tonutti A, Isailovic N, De Santis M, Selmi C.",,2023,2023-03-16,,eng,Y,Y,Y,9,yes,https://doi.org/10.3389/fmed.2023.1068402
617,MED,36928494,36928494,PMC10129989,10.1007/s12325-023-02454-9,A Narrative Review of Real-World Data on the Safety of Nintedanib in Patients with Idiopathic Pulmonary Fibrosis.,"Podolanczuk AJ, Cottin V.",,2023,2023-03-16,,eng,Y,Y,Y,22,yes,https://link.springer.com/content/pdf/10.1007/s12325-023-02454-9.pdf
618,MED,37065288,37065288,PMC10103810,10.7759/cureus.36204,Interstitial Lung Disease in Mixed Connective Tissue Disease: An Advanced Search.,"Santacruz JC, Mantilla MJ, Rodriguez-Salas G, Rueda I, Pulido S, Varela DC, Londono J.",,2023,2023-03-15,,eng,Y,Y,Y,6,yes,https://assets.cureus.com/uploads/review_article/pdf/141277/20230316-20281-8z7b5s.pdf
619,MED,36894966,36894966,PMC9999543,10.1186/s12931-023-02371-z,Weight loss and outcomes in subjects with progressive pulmonary fibrosis: data from the INBUILD trial.,"Kreuter M, Bendstrup E, Jouneau S, Maher TM, Inoue Y, Miede C, Lievens D, Crestani B.",,2023,2023-03-09,,eng,Y,Y,Y,11,yes,https://doi.org/10.1186/s12931-023-02371-z
620,MED,37055085,37055085,,10.1016/j.iac.2023.01.010,Idiopathic Pulmonary Fibrosis and Progressive Pulmonary Fibrosis.,"Strykowski R, Adegunsoye A.",,2023,2023-03-03,,eng,N,N,N,18,yes,https://doi.org/10.1016/j.iac.2023.01.010
621,MED,36923009,36923009,PMC10008854,10.3389/fmed.2023.1106560,Prognostication of progressive pulmonary fibrosis in connective tissue disease-associated interstitial lung diseases: A cohort study.,"Chiu YH, Koops MFM, Voortman M, van Es HW, Langezaal LCM, Welsing PMJ, Jamnitski A, Wind AE, van Laar JM, Grutters JC, Spierings J.",,2023,2023-02-27,,eng,Y,Y,Y,9,yes,https://doi.org/10.3389/fmed.2023.1106560
622,MED,36810971,36810971,,10.1007/s10142-023-00988-3,Qi-Long-Tian capsule alleviates pulmonary fibrosis development by modulating inflammatory response and gut microbiota.,"Zhang Q, Luo T, Yuan D, Liu J, Fu Y, Yuan J.",,2023,2023-02-22,,eng,N,N,N,9,yes,https://doi.org/10.1007/s10142-023-00988-3
623,MED,36983755,36983755,PMC10055741,10.3390/life13030599,Diagnosis and Pharmacologic Management of Fibrotic Interstitial Lung Disease.,"Berger K, Kaner RJ.",,2023,2023-02-21,,eng,Y,Y,Y,4,yes,https://www.mdpi.com/2075-1729/13/3/599/pdf?version=1676962906
624,MED,36813290,36813290,PMC9949383,10.1183/16000617.0206-2022,Phosphodiesterase 4B inhibition: a potential novel strategy for treating pulmonary fibrosis.,"Kolb M, Crestani B, Maher TM.",,2023,2023-02-21,,eng,Y,Y,Y,57,yes,https://err.ersjournals.com/content/errev/32/167/220206.full.pdf
625,MED,36873896,36873896,PMC9975385,10.3389/fmed.2023.1114722,Present and future perspectives in early diagnosis and monitoring for progressive fibrosing interstitial lung diseases.,"Stanel SC, Rivera-Ortega P.",,2023,2023-02-15,,eng,Y,Y,Y,4,yes,https://www.frontiersin.org/articles/10.3389/fmed.2023.1114722/pdf
626,MED,36791790,36791790,,10.1055/a-1983-6796,[Pharmacological treatment of idiopathic pulmonary fibrosis (update) and progressive pulmonary fibrosis - S2k Guideline of the German Respiratory Society].,"Behr J, Bonella F, Frye BC, Günther A, Hagmeyer L, Henes J, Klemm P, Koschel D, Kreuter M, Leuschner G, Nowak D, Prasse A, Quadder B, Sitter H, Costabel U.",,2023,2023-02-15,,ger,N,N,N,8,yes,https://doi.org/10.1055/a-1983-6796
627,MED,36835236,36835236,PMC9965428,10.3390/ijms24043818,Exogenous Thymosin Beta 4 Suppresses IPF-Lung Cancer in Mice: Possibly Associated with Its Inhibitory Effect on the JAK2/STAT3 Signaling Pathway.,"Yu R, Gao D, Bao J, Sun R, Cui M, Mao Y, Li K, Hu E, Zhai Y, Liu Y, Gao Y, Xiao T, Zhou H, Yang C, Xu J.",,2023,2023-02-14,,eng,Y,Y,Y,5,yes,https://doi.org/10.3390/ijms24043818
628,MED,36786822,36786822,PMC9926427,10.1007/s00108-023-01476-3,"[Interstitial lung diseases : Classification, differential diagnosis and treatment approaches in a heterogeneous group of chronic lung disorders].","Lederer C, Buschulte K, Hellmich B, Heußel CP, Kriegsmann M, Polke M, Kreuter M.",,2023,2023-02-14,,ger,Y,Y,Y,5,yes,https://link.springer.com/content/pdf/10.1007/s00108-023-01476-3.pdf
629,MED,36774483,36774483,PMC9922453,10.1186/s12890-023-02333-7,"Investigating significant health trends in progressive fibrosing interstitial lung disease (INSIGHTS-ILD): rationale, aims and design of a nationwide prospective registry.","Behr J, Bonella F, Günther A, Koschel D, Prasse A, Pittrow D, Klotsche J, Kreuter M, INSIGHTS-ILD Study Group.",,2023,2023-02-11,,eng,Y,Y,Y,2,yes,https://bmcpulmmed.biomedcentral.com/counter/pdf/10.1186/s12890-023-02333-7
630,MED,36773130,36773130,PMC10203082,10.1007/s41030-023-00216-0,Early Diagnosis and Treatment of Idiopathic Pulmonary Fibrosis: A Narrative Review.,"Alsomali H, Palmer E, Aujayeb A, Funston W.",,2023,2023-02-11,,eng,Y,Y,Y,37,yes,https://link.springer.com/content/pdf/10.1007/s41030-023-00216-0.pdf
631,MED,36836843,36836843,PMC9963632,10.3390/life13020486,Trials and Treatments: An Update on Pharmacotherapy for Idiopathic Pulmonary Fibrosis.,"Thong L, McElduff EJ, Henry MT.",,2023,2023-02-10,,eng,Y,Y,Y,17,yes,https://doi.org/10.3390/life13020486
632,MED,36836825,36836825,PMC9965638,10.3390/life13020467,Predictors of Progression and Mortality in Patients with Chronic Hypersensitivity Pneumonitis: Retrospective Analysis of Registry of Fibrosing Interstitial Lung Diseases.,"Trushenko NV, Suvorova OA, Pershina ES, Nekludova GV, Chikina SY, Levina IA, Chernyaev AL, Samsonova MV, Tyurin IE, Mustafina MK, Yaroshetskiy AI, Nadtochiy NB, Merzhoeva ZM, Proshkina AA, Avdeev SN.",,2023,2023-02-08,,eng,Y,Y,Y,13,yes,https://www.mdpi.com/2075-1729/13/2/467/pdf?version=1675840831
633,MED,36752201,36752201,PMC9977433,10.1172/jci.insight.163762,"Inhibition of antiapoptotic BCL-2 proteins with ABT-263 induces fibroblast apoptosis, reversing persistent pulmonary fibrosis.","Cooley JC, Javkhlan N, Wilson JA, Foster DG, Edelman BL, Ortiz LA, Schwartz DA, Riches DW, Redente EF.",,2023,2023-02-08,,eng,Y,Y,Y,60,yes,https://doi.org/10.1172/jci.insight.163762
634,MED,36837496,36837496,PMC9962949,10.3390/medicina59020296,Decreased Survival and Lung Function in Progressive Pulmonary Fibrosis.,"Platenburg MGJP, van der Vis JJ, Grutters JC, van Moorsel CHM.",,2023,2023-02-05,,eng,Y,Y,Y,5,yes,https://doi.org/10.3390/medicina59020296
635,MED,36858353,36858353,,10.1055/a-2043-4482,[Pharmacological treatment of idiopathic pulmonary fibrosis (update) and progressive pulmonary fibrosis - S2k Guideline of the German Respiratory Society].,"Behr J, Bonella F, Frye BC, Günther A, Hagmeyer L, Henes J, Klemm P, Koschel D, Kreuter M, Leuschner G, Nowak D, Prasse A, Quadder B, Sitter H, Costabel U.",,2023,2023-02-01,,ger,N,N,N,1,yes,https://doi.org/10.1055/a-2043-4482
636,MED,36769819,36769819,PMC9917700,10.3390/jcm12031173,Serum KL-6 as a Biomarker of Progression at Any Time in Fibrotic Interstitial Lung Disease.,"Jehn LB, Costabel U, Boerner E, Wälscher J, Theegarten D, Taube C, Bonella F.",,2023,2023-02-01,,eng,Y,Y,Y,19,yes,https://www.mdpi.com/2077-0383/12/3/1173/pdf?version=1675409047
637,MED,36227848,36227848,,10.1165/rcmb.2022-0056oc,Adenovirus-mediated Overexpression of FcγRIIB Attenuates Pulmonary Inflammation and Fibrosis.,"Zhang Z, Cao Z, Hou L, Song M, Zhou Y, Chen Y, Hu H, Hou Y, Liu Y, Li B, Song X, Ge W, Li B, Jiang X, Yang J, Song D, Zhang X, Pang J, Zhang T, Zhang H, Yang P, Wang J, Wang C.",,2023,2023-02-01,,eng,N,N,N,3,yes,https://doi.org/10.1165/rcmb.2022-0056OC
638,MED,36174219,36174219,PMC9896650,10.1164/rccm.202209-1772le,Functional Criteria to Define Progressive Pulmonary Fibrosis: Searching for the Holy Grail.,"Noboa-Sevilla M, Hernández-González F, Alsina-Restoy X, Pérez-Rodas N, Sellarés J.",,2023,2023-02-01,,eng,Y,Y,Y,1,yes,https://doi.org/10.1164/rccm.202209-1772le
639,MED,36837481,36837481,PMC9961403,10.3390/medicina59020281,Clinical Characteristics and Disease Course of Fibrosing Interstitial Lung Disease Patients in a Real-World Setting.,"Kilpeläinen M, Hirvonen T, Perkonoja K, Hirsjärvi S.",,2023,2023-01-31,,eng,Y,Y,Y,3,yes,https://doi.org/10.3390/medicina59020281
640,MED,36760404,36760404,PMC9905836,10.3389/fmed.2023.1052129,"New prognostic scoring system for mortality in idiopathic pulmonary fibrosis by modifying the gender, age, and physiology model with desaturation during the six-minute walk test.","Lee JH, Jang JH, Jang HJ, Kim SY, Chung MP, Yoo H, Jeong SH, Song JW, Lee HL, Choi SM, Kim YW, Kim YH, Park SW, Park JS, Jegal Y, Lee J, Uh ST, Kim TH, Kim YH, Shin B, Lee HK, Yang SH, Lee H, Kim SH, Lee EJ, Choi HS, Kang HK, Heo EY, Lee WY, Park MS.",,2023,2023-01-25,,eng,Y,Y,Y,9,yes,https://doi.org/10.3389/fmed.2023.1052129
641,MED,36766744,36766744,PMC9913327,10.3390/cells12030402,Interstitial Macrophages Lead Early Stages of Bleomycin-Induced Lung Fibrosis and Induce Fibroblasts Activation.,"Libório-Ramos S, Barbosa-Matos C, Fernandes R, Borges-Pereira C, Costa S.",,2023,2023-01-24,,eng,Y,Y,Y,15,yes,https://doi.org/10.3390/cells12030402
642,MED,36642519,36642519,PMC10518537,10.2169/internalmedicine.0980-22,Interstitial Lung Disease in Adulthood Associated with Surfactant Protein C Gene Mutation in a Patient with a History of Lipoid Pneumonia in Infancy.,"Furukawa T, Akaike K, Iyama S, Masunaga A, Tomita Y, Saeki S, Ichiyasu H, Sakagami T.",,2023,2023-01-15,,eng,Y,Y,Y,1,yes,https://doi.org/10.2169/internalmedicine.0980-22
643,MED,36642509,36642509,,10.1111/resp.14452,Nintedanib in Asian patients with progressive fibrosing interstitial lung diseases: Results from the INBUILD trial.,"Inoue Y, Wells AU, Song JW, Xu Z, Kitamura H, Suda T, Okamoto M, Müller H, Coeck C, Rohr KB, Kolb M, Brown KK.",,2023,2023-01-15,,eng,N,N,N,7,yes,https://onlinelibrary.wiley.com/doi/pdfdirect/10.1111/resp.14452
644,MED,36675583,36675583,PMC9865259,10.3390/jcm12020655,Impact of Antifibrotic Treatment on Postoperative Complications in Patients with Interstitial Lung Diseases Undergoing Lung Transplantation: A Systematic Review and Meta-Analysis.,"Taweesedt P, Lertjitbanjong P, Eksombatchai D, Charoenpong P, Moua T, Thongprayoon C, Tangpanithandee S, Petnak T.",,2023,2023-01-13,,eng,Y,Y,Y,2,yes,https://www.mdpi.com/2077-0383/12/2/655/pdf?version=1673611776
645,MED,36728336,36728336,PMC10290571,10.1097/hcr.0000000000000766,Home-Based Pulmonary Rehabilitation and Health Coaching in Fibrotic Interstitial Lung Disease: IMPLEMENTATION AND QUALITATIVE ASSESSMENT OF A PILOT TELEHEALTH PROGRAM.,"Duke JD, Moua T, Ridgeway JL, Roy M, Benzo M, Hoult J, Benzo R.",,2023,2023-01-12,,eng,N,Y,Y,8,yes,https://www.ncbi.nlm.nih.gov/pmc/articles/PMC10290571
646,MED,36676161,36676161,PMC9861544,10.3390/life13010212,Pulmonary Fibrosis and Progressive Pulmonary Fibrosis in a Prospective Registry of Interstitial Lung Diseases in Eastern Siberia.,"Nashatyreva MS, Trofimenko IN, Chernyak BA, Avdeev SN.",,2023,2023-01-11,,eng,Y,Y,Y,8,yes,https://doi.org/10.3390/life13010212
647,MED,36624431,36624431,PMC9830797,10.1186/s12931-022-02292-3,Expert consensus on the management of systemic sclerosis-associated interstitial lung disease.,"Rahaghi FF, Hsu VM, Kaner RJ, Mayes MD, Rosas IO, Saggar R, Steen VD, Strek ME, Bernstein EJ, Bhatt N, Castelino FV, Chung L, Domsic RT, Flaherty KR, Gupta N, Kahaleh B, Martinez FJ, Morrow LE, Moua T, Patel N, Shlobin OA, Southern BD, Volkmann ER, Khanna D.",,2023,2023-01-09,,eng,Y,Y,Y,92,yes,https://doi.org/10.1186/s12931-022-02292-3
648,PPR,PPR592845,,,10.1101/2023.01.04.23284128,An Aetiological and Observational Cohort study of Interstitial Lung Abnormalities (ILAs) Including Progressive Fibrosing Phenotype Interstitial Lung Diseases in a Large General Medical Check-up Population (Kumamoto ILA study in Japan) (KILA-J),"Ichikado K, Ichiyasu H, Iyonaga K, Kawamura K, Higashi N, Johkoh T, Fujimoto K, Morinaga J, Yoshida M, Mitsuzaki K, Suga M, Tanabe N, Handa T, Hirai T, Sakagami T.",,2023,2023-01-05,,,N,N,N,0,no,https://www.medrxiv.org/content/medrxiv/early/2023/01/05/2023.01.04.23284128.full.pdf
649,MED,37991015,37991015,PMC10666675,10.1177/17534666231212301,Factors for progressive pulmonary fibrosis in connective tissue disease-related interstitial lung disease.,"Kim K, Lee J, Jo YS.",,2023,2023-01-01,,eng,Y,Y,Y,10,yes,https://doi.org/10.1177/17534666231212301
650,MED,37197388,37197388,PMC10184176,10.4081/mrm.2023.890,Management of interstitial lung disease in patients with autoimmune disease-related interstitial lung disease.,"Dsouza KG, Alexander AS, Watts JR, Kulkarni T.",,2023,2023-01-01,,eng,Y,Y,Y,5,yes,https://mrmjournal.org/mrm/article/download/890/1403
651,MED,37072274,37072274,,,Current possibilities of histopathologic separation of idiopathic pulmonary fibrosis from fibrotic hypersensitivity pneumonitis. How to do it?,Matěj R.,,2023,2023-01-01,,eng,N,N,N,1,yes,
652,MED,36872912,36872912,PMC9989416,10.1177/17534666231158279,Pulmonary sarcoidosis complicated by rheumatoid arthritis in a patient presenting with progressive fibrosing interstitial lung disease and treated with nintedanib: a case report and literature review.,"Suzuki A, Kamio K, Takeno M, Terasaki Y, Taniuchi N, Sato J, Nishijima N, Saito Y, Seike M, Gemma A, Azuma A.",,2023,2023-01-01,,eng,Y,Y,Y,0,yes,https://doi.org/10.1177/17534666231158279
653,MED,36690385,36690385,PMC9872509,10.1136/rmdopen-2022-002667,Real-world impact of antifibrotics on prognosis in patients with progressive fibrosing interstitial lung disease.,"Niitsu T, Fukushima K, Komukai S, Takata S, Abe Y, Nii T, Kuge T, Iwakoshi S, Shiroyama T, Miyake K, Tujino K, Tanizaki S, Iwahori K, Hirata H, Miki K, Yanagawa M, Takeuchi N, Takeda Y, Kida H, Kumanogoh A.",,2023,2023-01-01,,eng,Y,Y,Y,8,yes,https://rmdopen.bmj.com/content/rmdopen/9/1/e002667.full.pdf
654,MED,36066856,36066856,PMC9952875,10.1164/rccm.202208-1639ed,Criteria for Progressive Pulmonary Fibrosis: Getting the Horse Ready for the Cart.,Cottin V.,,2023,2023-01-01,,eng,Y,Y,Y,9,yes,https://doi.org/10.1164/rccm.202208-1639ED
655,MED,35943866,35943866,PMC9952866,10.1164/rccm.202201-0124oc,Validation of Proposed Criteria for Progressive Pulmonary Fibrosis.,"Pugashetti JV, Adegunsoye A, Wu Z, Lee CT, Srikrishnan A, Ghodrati S, Vo V, Renzoni EA, Wells AU, Garcia CK, Chua F, Newton CA, Molyneaux PL, Oldham JM.",,2023,2023-01-01,,eng,N,Y,Y,99,yes,https://www.ncbi.nlm.nih.gov/pmc/articles/9952866
656,MED,35943331,35943331,PMC9952865,10.1164/rccm.202205-0910le,Patient Characteristics and Survival for Progressive Pulmonary Fibrosis Using Different Definitions.,"Khor YH, Farooqi M, Hambly N, Kolb M, Ryerson CJ, Austin ILD Registry and CARE-PF Investigators.",,2023,2023-01-01,,eng,Y,Y,Y,48,yes,https://doi.org/10.1164/rccm.202205-0910LE
657,MED,36539821,36539821,PMC9768944,10.1186/s12931-022-02291-4,Clusters of comorbidities in fibrotic hypersensitivity pneumonitis.,"Prior TS, Wälscher J, Gross B, Bendstrup E, Kreuter M.",,2022,2022-12-21,,eng,Y,Y,Y,4,yes,https://respiratory-research.biomedcentral.com/counter/pdf/10.1186/s12931-022-02291-4
658,MED,36817315,36817315,PMC9929648,10.7196/ajtccm.2022.v28i4.250,Criteria for progressive fibrotic hypersensitivity pneumonitis in a Portuguese patient cohort.,"Seixas E, Ferreira M, Serra P, Aguiar R, Cunha I, Ferreira PG.",,2022,2022-12-19,,eng,Y,Y,Y,5,yes,https://doi.org/10.7196/AJTCCM.2022.v28i4.250
659,MED,36493681,36493681,,10.1016/j.clinimag.2022.11.022,CT predictors of outcomes in patients with connective tissue disease and progressive lung fibrosis.,"Shou AY, Salvatore MM.",,2023,2022-12-05,,eng,N,N,N,4,yes,https://doi.org/10.1016/j.clinimag.2022.11.022
660,MED,36537095,36537095,,10.5578/tt.20229609,Progressive pulmonary fibrosis (PPF).,Duman D.,,2022,2022-12-01,,eng,N,N,N,3,yes,https://doi.org/10.5578/tt.20229609
661,MED,36251286,36251286,PMC9577882,10.1001/jamainternmed.2022.4696,Association of Particulate Matter Exposure With Lung Function and Mortality Among Patients With Fibrotic Interstitial Lung Disease.,"Goobie GC, Carlsten C, Johannson KA, Khalil N, Marcoux V, Assayag D, Manganas H, Fisher JH, Kolb MRJ, Lindell KO, Fabisiak JP, Chen X, Gibson KF, Zhang Y, Kass DJ, Ryerson CJ, Nouraie SM.",,2022,2022-12-01,,eng,Y,Y,Y,80,yes,https://doi.org/10.1001/jamainternmed.2022.4696
662,MED,36530900,36530900,PMC9748274,10.3389/fmed.2022.1024298,Progressive fibrosing interstitial lung disease in rheumatoid arthritis: A retrospective study.,"Denis A, Henket M, Ernst M, Maes N, Thys M, Regnier C, Malaise O, Frix AN, Gester F, Desir C, Meunier P, Louis R, Malaise M, Guiot J.",,2022,2022-11-30,,eng,Y,Y,Y,12,yes,https://doi.org/10.3389/fmed.2022.1024298
663,MED,36462497,36462497,,10.1016/j.resmer.2022.100946,Clinical and molecular analysis of lung cancers associated with fibrosing interstitial lung disease.,"Héluain V, Prévot G, Cabarrou B, Calvayrac O, Taranchon-Clermont E, Didier A, Tabourier-Gouin S, Milia J, Mazières J.",,2023,2022-11-30,,eng,N,N,N,2,yes,https://cnrs.hal.science/hal-04308863
664,MED,36424379,36424379,PMC9691700,10.1038/s41392-022-01230-5,CD147 contributes to SARS-CoV-2-induced pulmonary fibrosis.,"Wu J, Chen L, Qin C, Huo F, Liang X, Yang X, Zhang K, Lin P, Liu J, Feng Z, Zhou J, Pei Z, Wang Y, Sun XX, Wang K, Geng J, Zheng Z, Fu X, Liu M, Wang Q, Zhang Z, Bian H, Zhu P, Chen ZN.",,2022,2022-11-25,,eng,Y,Y,Y,54,yes,https://doi.org/10.1038/s41392-022-01230-5
665,PPR,PPR575584,,,10.21203/rs.3.rs-2292514/v1,Compare three diagnostic criteria of progressive pulmonary fibrosis,"Tao C, Chunfang Z.",,2022,2022-11-23,,,N,N,N,0,no,https://www.researchsquare.com/article/rs-2292514/latest.pdf
666,MED,36465895,36465895,PMC9709148,10.3389/fmed.2022.1043720,"Clinical, imaging, and blood biomarkers to assess 1-year progression risk in fibrotic interstitial lung diseases-Development and validation of the honeycombing, traction bronchiectasis, and monocyte (HTM)-score.","Shao G, Hawle P, Akbari K, Horner A, Hintenberger R, Kaiser B, Lamprecht B, Lang D.",,2022,2022-11-16,,eng,Y,Y,Y,9,yes,https://doi.org/10.3389/fmed.2022.1043720
667,MED,36580379,36580379,,10.1016/j.resinv.2022.08.009,Design and rationale of the Japanese Idiopathic Interstitial Pneumonias (JIPS) Registry.,"Okuda R, Ogura T, Hisata S, Baba T, Kondoh Y, Suda T, Johkoh T, Iwasawa T, Tomioka H, Bando M, Azuma A, Inoue Y, Arai T, Nakamura Y, Miyamoto A, Miyazaki Y, Chiba H, Ishii H, Hamada N, Terasaki Y, Kuwahira I, Sato S, Kato S, Suzuki T, Sakamoto S, Nishioka Y, Hattori N, Hashimoto N, Morita S, Ichihara N, Miyata H, Hagiwara K, Nukiwa T, Kobayashi K.",,2023,2022-11-15,,eng,N,N,N,4,yes,https://doi.org/10.1016/j.resinv.2022.08.009
668,MED,36380088,36380088,PMC9666512,10.1038/s41598-022-24011-0,Lung CCR6<sup>-</sup>CXCR3<sup>-</sup> type 2 helper T cells as an indicator of progressive fibrosing interstitial lung diseases.,"Tsukuda TK, Ohnishi H, Fujimoto M, Nakatani Y, Takamatsu K, Naka T, Yokoyama A.",,2022,2022-11-15,,eng,Y,Y,Y,5,yes,https://www.nature.com/articles/s41598-022-24011-0.pdf
669,MED,36371191,36371191,PMC9652794,10.1186/s12967-022-03740-w,Targeted delivery of ZNF416 siRNA-loaded liposomes attenuates experimental pulmonary fibrosis.,"Cheng D, Li Z, Wang Y, Xiong H, Sun W, Zhou S, Liu Y, Ni C.",,2022,2022-11-12,,eng,Y,Y,Y,8,yes,https://translational-medicine.biomedcentral.com/counter/pdf/10.1186/s12967-022-03740-w
670,MED,36375321,36375321,,10.1016/j.intimp.2022.109427,Entrectinib ameliorates bleomycin-induced pulmonary fibrosis in mice by inhibiting TGF-β1 signaling pathway.,"Miao Y, Li X, Yang Y, Zhang J, Chen L, Zhang Q, Li W, Liu Y, Zhang X, Gu R, Yang C.",,2022,2022-11-11,,eng,N,N,N,7,yes,https://doi.org/10.1016/j.intimp.2022.109427
671,MED,36370864,36370864,,10.1016/j.chest.2022.11.002,Progressive Disease With Low Survival in Adult Patients With Pulmonary Fibrosis Carrying Surfactant-Related Gene Mutations: An Observational Study.,"Klay D, Grutters JC, van der Vis JJ, Platenburg MGJP, Kelder JC, Tromp E, van Moorsel CHM.",,2023,2022-11-09,,eng,N,N,N,17,yes,https://doi.org/10.1016/j.chest.2022.11.002
672,MED,36523303,36523303,PMC9745352,10.21037/tcr-22-1526,Immunotherapy for combined pulmonary fibrosis and emphysema with advanced lung cancer: two case reports and a concise review.,"Tan X, Tang X, Jiang Y.",,2022,2022-11-01,,eng,Y,Y,Y,4,yes,https://doi.org/10.21037/tcr-22-1526
673,MED,36336784,36336784,PMC9637652,10.1002/ctm2.1099,Blockade of the pentraxin 3/CD44 interaction attenuates lung injury-induced fibrosis.,"Chi JY, Hsiao YW, Liang HY, Huang TH, Chen FW, Chen CY, Ko CY, Cheng CC, Wang JM.",,2022,2022-11-01,,eng,Y,Y,Y,22,yes,https://doi.org/10.1002/ctm2.1099
674,MED,35868031,35868031,PMC9746832,10.1164/rccm.202206-1166le,Progressive Pulmonary Fibrosis: Putting the Cart Before the Horse.,"Johannson KA, Kolb M, Fisher JH, Walsh SLF.",,2022,2022-11-01,,eng,Y,Y,Y,9,yes,https://doi.org/10.1164/rccm.202206-1166LE
675,MED,35868030,35868030,PMC9746839,10.1164/rccm.202207-1260le,Comment on Idiopathic Pulmonary Fibrosis (an Update) and Progressive Pulmonary Fibrosis in Adults.,"Scholand MB, Wells AU.",,2022,2022-11-01,,eng,Y,Y,Y,7,yes,https://doi.org/10.1164/rccm.202207-1260le
676,MED,35868029,35868029,PMC9746830,10.1164/rccm.202206-1143le,Progressive Pulmonary Fibrosis: Should the Timelines Be Taken Out of the Definition?,"Cottin V, Brown KK, Flaherty KR, Wells AU.",,2022,2022-11-01,,eng,Y,Y,Y,15,yes,https://doi.org/10.1164/rccm.202206-1143LE
677,MED,36307108,36307108,,10.1055/s-0042-1755563,High-Resolution Computed Tomography of Fibrotic Interstitial Lung Disease.,"Rodriguez K, Ashby CL, Varela VR, Sharma A.",,2022,2022-10-28,,eng,N,N,N,9,yes,https://doi.org/10.1055/s-0042-1755563
678,MED,36359778,36359778,PMC9654438,10.3390/cells11213379,A New Model of Acute Exacerbation of Experimental Pulmonary Fibrosis in Mice.,"Yegen CH, Haine L, Da Costa Ferreira K, Marchant D, Bernaudin JF, Planès C, Voituron N, Boncoeur E.",,2022,2022-10-26,,eng,Y,Y,Y,12,yes,https://doi.org/10.3390/cells11213379
679,MED,36289542,36289542,PMC9608932,10.1186/s12890-022-02197-3,"Frequency, proportion of PF-ILD, and prognostic factors in patients with acute exacerbation of ILD related to systemic autoimmune diseases.","Enomoto N, Naoi H, Mochizuka Y, Isayama T, Tanaka Y, Fukada A, Aono Y, Katsumata M, Yasui H, Mori K, Karayama M, Hozumi H, Suzuki Y, Furuhashi K, Fujisawa T, Inui N, Nakamura Y, Suda T.",,2022,2022-10-26,,eng,Y,Y,Y,13,yes,https://bmcpulmmed.biomedcentral.com/counter/pdf/10.1186/s12890-022-02197-3
680,MED,36388923,36388923,PMC9640603,10.3389/fmed.2022.1012827,"Biochemical and genomic identification of novel biomarkers in progressive sarcoidosis: HBEGF, eNAMPT, and ANG-2.","Casanova NG, Reyes-Hernon V, Gregory T, Sun B, Bermudez T, Hufford MK, Oita RC, Camp SM, Hernandez-Molina G, Serrano JR, Sun X, Fimbres J, Mirsaeidi M, Sammani S, Bime C, Garcia JGN.",,2022,2022-10-25,,eng,Y,Y,Y,12,yes,https://www.frontiersin.org/articles/10.3389/fmed.2022.1012827/pdf
681,MED,36279864,36279864,,10.1055/a-1825-4967,[Use of antifibrotic drugs in interstitial lung disease].,"Kreutz CP, Gesierich W, Behr J, Kneidinger N.",,2022,2022-10-24,,ger,N,N,N,0,yes,https://doi.org/10.1055/a-1825-4967
682,MED,36319518,36319518,,10.1016/j.arbres.2022.09.020,Highlights for the Clinical Practice in Idiopathic Pulmonary Fibrosis and Progressive Pulmonary Fibrosis: From the ATS/ERS/ALAT/JRS 2022 Guideline.,"Vicens-Zygmunt V, Molina-Molina M, Raghu G.",,2023,2022-10-13,,eng,N,N,N,2,yes,https://doi.org/10.1016/j.arbres.2022.09.020
683,MED,36202405,36202405,,10.1183/13993003.01449-2022,Progressive pulmonary fibrosis: all roads lead to Rome (but not all at the same speed).,"Cottin V, Valenzuela C.",,2022,2022-10-06,,eng,N,N,N,4,yes,https://erj.ersjournals.com/content/erj/60/4/2201449.full.pdf
684,MED,35273032,35273032,,10.1183/13993003.02571-2021,Prevalence and characteristics of progressive fibrosing interstitial lung disease in a prospective registry.,"Hambly N, Farooqi MM, Dvorkin-Gheva A, Donohoe K, Garlick K, Scallan C, Chong SG, MacIsaac S, Assayag D, Johannson KA, Fell CD, Marcoux V, Manganas H, Morisset J, Comes A, Fisher JH, Shapera S, Gershon AS, To T, Wong AW, Sadatsafavi M, Wilcox PG, Halayko AJ, Khalil N, Cox G, Richeldi L, Ryerson CJ, Kolb M.",,2022,2022-10-06,,eng,N,N,N,136,yes,https://publicatt.unicatt.it/bitstream/10807/203448/1/prevalence.pdf
685,MED,39734875,39734875,PMC11670577,10.1016/j.mjafi.2022.08.004,Factors associated with interstitial lung disease and the progressive fibrosing phenotype in rheumatoid arthritis-related interstitial lung disease.,"Dhooria S, Babu V, Dhir V, Sehgal IS, Prasad KT, Muthu V, Bal A, Debi U, Garg M, Agarwal R, Aggarwal AN.",,2024,2022-10-04,,eng,N,Y,Y,1,yes,https://doi.org/10.1016/j.mjafi.2022.08.004
686,MED,36285980,36285980,PMC9717335,10.3390/arm90050052,Guidelines of the Polish Respiratory Society on the Diagnosis and Treatment of Progressive Fibrosing Interstitial Lung Diseases Other than Idiopathic Pulmonary Fibrosis.,"Piotrowski WJ, Martusewicz-Boros MM, Białas AJ, Barczyk A, Batko B, Błasińska K, Boros PW, Górska K, Grzanka P, Jassem E, Jastrzębski D, Kaczyńska J, Kowal-Bielecka O, Kucharz E, Kuś J, Kuźnar-Kamińska B, Kwiatkowska B, Langfort R, Lewandowska K, Mackiewicz B, Majewski S, Makowska J, Miłkowska-Dymanowska J, Puścińska E, Siemińska A, Sobiecka M, Soroka-Dąda RA, Szołkowska M, Wiatr E, Ziora D, Śliwiński P.",,2022,2022-10-04,,eng,Y,Y,Y,11,yes,https://doi.org/10.3390/arm90050052
687,MED,38265966,38265966,,10.1016/s2665-9913(22)00215-6,Safety and tolerability of nintedanib in patients with interstitial lung diseases in subgroups by sex: a post-hoc analysis of pooled data from four randomised controlled trials.,"Hoffmann-Vold AM, Volkmann ER, Allanore Y, Assassi S, de Vries-Bouwstra JK, Smith V, Tschoepe I, Loaiza L, Kanakapura M, Distler O.",,2022,2022-10-01,,eng,N,N,N,19,yes,https://doi.org/10.1016/S2665-9913(22)00215-6
688,MED,36089070,36089070,,10.1016/j.chest.2022.08.2233,Trajectories and Prognostic Significance of 6-Minute Walk Test Parameters in Fibrotic Interstitial Lung Disease: A Multicenter Study.,"Khor YH, Farooqi M, Hambly N, Johannson KA, Marcoux V, Fisher JH, Assayag D, Manganas H, Khalil N, Kolb M, Ryerson CJ, Austin ILD Registry and CARE-PF Investigators.",,2023,2022-09-08,,eng,N,N,N,16,yes,https://doi.org/10.1016/j.chest.2022.08.2233
689,MED,38743511,38743511,PMC9724802,10.1183/16000617.0003-2022,Multidisciplinary teams in the clinical care of fibrotic interstitial lung disease: current perspectives.,"Cottin V, Martinez FJ, Smith V, Walsh SLF.",,2022,2022-09-07,,eng,Y,Y,Y,36,yes,https://err.ersjournals.com/content/errev/31/165/220003.full.pdf
690,MED,36267722,36267722,PMC9577718,10.21037/atm-22-4042,Elevated serum human epididymis protein 4 is associated with disease severity and worse survival in idiopathic pulmonary fibrosis: a cohort study.,"Tian M, Meng K, Gao Y, Zhang J, Xie M, Tian Y, Liu X, Ma M, Cai Y, Wu H, Ding J, Chen J, Cai H.",,2022,2022-09-01,,eng,Y,Y,Y,12,yes,https://atm.amegroups.com/article/viewFile/101712/pdf
691,MED,35938201,35938201,,10.1097/mcp.0000000000000908,Epidemiology and real-life experience in progressive pulmonary fibrosis.,"Valenzuela C, Cottin V.",,2022,2022-09-01,,eng,N,N,N,32,yes,https://doi.org/10.1097/MCP.0000000000000908
692,MED,36140231,36140231,PMC9495755,10.3390/biomedicines10092129,Clinical Predictors of Lung-Function Decline in Systemic-Sclerosis-Associated Interstitial Lung Disease Patients with Normal Spirometry.,"Nagy T, Toth NM, Palmer E, Polivka L, Csoma B, Nagy A, Eszes N, Vincze K, Bárczi E, Bohács A, Tárnoki ÁD, Tárnoki DL, Nagy G, Kiss E, Maurovich-Horvát P, Müller V.",,2022,2022-08-31,,eng,Y,Y,Y,10,yes,https://www.mdpi.com/2227-9059/10/9/2129/pdf?version=1661928003
693,MED,36059455,36059455,PMC9434111,10.3389/fimmu.2022.935114,Senescence of alveolar epithelial cells impacts initiation and chronic phases of murine fibrosing interstitial lung disease.,"Yamada Z, Nishio J, Motomura K, Mizutani S, Yamada S, Mikami T, Nanki T.",,2022,2022-08-18,,eng,Y,Y,Y,30,yes,https://www.frontiersin.org/articles/10.3389/fimmu.2022.935114/pdf
694,PPR,PPR531967,,,10.1101/2022.08.12.503154,CD98 is critical for a conserved inflammatory response to diverse injury stimuli relevant to IPF exacerbations and COVID pneumonitis,"Stylianou P, Rushwan S, Wang W, Miah MA, Darweesh O, Mackinnon A, Roach KM, Hitchman CJ, Gonchar O, Thorpe S, Harris C, Haigh R, Richards DF, Snetkov V, Beasley J, Cleary SJ, Barer M, Ward JP, Rooney C, McCaughan F, Bradding P, Beale R, Knight MM, Sethi T, Gooptu B.",,2022,2022-08-15,,,N,N,N,0,no,https://www.biorxiv.org/content/biorxiv/early/2022/08/15/2022.08.12.503154.full.pdf
695,MED,36009520,36009520,PMC9405731,10.3390/biomedicines10081973,"The Effectiveness of Nintedanib in Patients with Idiopathic Pulmonary Fibrosis, Familial Pulmonary Fibrosis and Progressive Fibrosing Interstitial Lung Diseases: A Real-World Study.","Cameli P, Alonzi V, d'Alessandro M, Bergantini L, Pordon E, Guerrieri M, Refini RM, Sestini P, Bargagli E.",,2022,2022-08-15,,eng,Y,Y,Y,18,yes,https://doi.org/10.3390/biomedicines10081973
696,MED,35964085,35964085,PMC9375339,10.1186/s12931-022-02129-z,NHLRC2 expression is increased in idiopathic pulmonary fibrosis.,"Kreus M, Lehtonen S, Hinttala R, Salonen J, Porvari K, Kaarteenaho R.",,2022,2022-08-13,,eng,Y,Y,Y,5,yes,https://doi.org/10.1186/s12931-022-02129-z
697,MED,36034858,36034858,PMC9403513,10.3389/fphar.2022.928933,Roles of exosomes and exosome-derived miRNAs in pulmonary fibrosis.,"Yang Y, Huang H, Li Y.",,2022,2022-08-11,,eng,Y,Y,Y,20,yes,https://www.frontiersin.org/articles/10.3389/fphar.2022.928933/pdf
698,MED,35964592,35964592,,10.1016/s0140-6736(22)01052-2,Interstitial lung diseases.,"Wijsenbeek M, Suzuki A, Suzuki A, Maher TM.",,2022,2022-08-11,,eng,N,N,N,397,yes,https://doi.org/10.1016/S0140-6736(22)01052-2
699,MED,35927409,35927409,PMC9440187,10.1007/s41669-022-00354-2,Cost-Effectiveness of Nintedanib for Patients with Progressive Fibrosing Interstitial Lung Disease (PF-ILD).,"Westerink L, Nicolai JLJ, Postma MJ, van Boven JFM, Boersma C.",,2022,2022-08-04,,eng,Y,Y,Y,4,yes,https://doi.org/10.1007/s41669-022-00354-2
700,MED,36013224,36013224,PMC9410230,10.3390/jpm12081275,Towards Treatable Traits for Pulmonary Fibrosis.,"Hoffman TW, Grutters JC.",,2022,2022-08-03,,eng,Y,Y,Y,7,yes,https://www.mdpi.com/2075-4426/12/8/1275/pdf?version=1659585734
701,MED,35969190,35969190,PMC7615200,10.1164/rccm.202206-1041st,Syndrome of Combined Pulmonary Fibrosis and Emphysema: An Official ATS/ERS/JRS/ALAT Research Statement.,"Cottin V, Selman M, Inoue Y, Wong AW, Corte TJ, Flaherty KR, Han MK, Jacob J, Johannson KA, Kitaichi M, Lee JS, Agusti A, Antoniou KM, Bianchi P, Caro F, Florenzano M, Galvin L, Iwasawa T, Martinez FJ, Morgan RL, Myers JL, Nicholson AG, Occhipinti M, Poletti V, Salisbury ML, Sin DD, Sverzellati N, Tonia T, Valenzuela C, Ryerson CJ, Wells AU.",,2022,2022-08-01,,eng,Y,Y,Y,147,yes,https://doi.org/10.1164/rccm.202206-1041ST
702,MED,35927208,35927208,,10.1016/j.resinv.2022.06.009,Effects of nintedanib on disease progression and safety in Japanese patients with progressive fibrosing interstitial lung diseases: Further subset analysis from the whole INBUILD trial.,"Ogura T, Suda T, Inase N, Nishioka Y, Azuma A, Okamoto M, Takizawa A, Ito T, Rohr KB, Inoue Y.",,2022,2022-08-01,,eng,N,N,N,4,yes,https://doi.org/10.1016/j.resinv.2022.06.009
703,MED,35912833,35912833,,10.1017/s0266462322000459,A multi-criteria decision analysis on the value of nintedanib for interstitial lung diseases.,"Zozaya N, Arrizubieta Basterrechea MI, Bollo E, Castellví I, Espín J, Ortego N, Poveda-Andrés JL, Rodríguez Portal JA, Rivero A, Marcos-Rodríguez JA, Verde L.",,2022,2022-08-01,,eng,N,N,N,3,yes,https://doi.org/10.1017/S0266462322000459
704,MED,35876293,35876293,PMC10373037,10.18553/jmcp.2022.28.8.871,Burden of illness in progressive fibrosing interstitial lung disease.,"Singer D, Bengtson LGS, Conoscenti CS, Anderson AJ, Brekke L, Shetty SS, Brown KK.",,2022,2022-08-01,,eng,N,Y,Y,3,yes,https://www.ncbi.nlm.nih.gov/pmc/articles/10373037
705,MED,34919668,34919668,,10.1093/rheumatology/keab931,Outcomes in patients with systemic sclerosis undergoing early vs delayed intervention with potential disease-modifying therapies.,"Yomono K, Kuwana M.",,2022,2022-08-01,,eng,N,N,N,8,yes,https://doi.org/10.1093/rheumatology/keab931
706,MED,35880988,35880988,,10.1148/radiol.221381,"Hyperpolarized Xenon MRI, Further Evidence of Its Use in Progressive Pulmonary Fibrosis?","Gleeson F, Fraser E.",,2022,2022-07-26,,eng,N,N,N,2,yes,https://doi.org/10.1148/radiol.221381
707,MED,35875881,35875881,PMC9796832,10.1111/resp.14333,Quantitative computed tomography predicts outcomes in idiopathic pulmonary fibrosis.,"Humphries SM, Mackintosh JA, Jo HE, Walsh SLF, Silva M, Calandriello L, Chapman S, Ellis S, Glaspole I, Goh N, Grainge C, Hopkins PMA, Keir GJ, Moodley Y, Reynolds PN, Walters EH, Baraghoshi D, Wells AU, Lynch DA, Corte TJ, Corte TJ.",,2022,2022-07-25,,eng,Y,Y,Y,55,yes,https://onlinelibrary.wiley.com/doi/pdfdirect/10.1111/resp.14333
708,MED,35908986,35908986,,10.1016/j.arbres.2022.07.003,Relative Versus Absolute Decline in Forced Vital Capacity in Progressive Pulmonary Fibrosis.,"Castro HM, Maritano Furcada J, Enghelmayer JI.",,2022,2022-07-20,,eng,N,N,N,2,yes,https://doi.org/10.1016/j.arbres.2022.07.003
709,MED,35855575,35855575,,10.1097/mcp.0000000000000907,Pleuroparenchymal fibroelastosis.,"Cottin V, Si-Mohamed S, Diesler R, Bonniaud P, Valenzuela C.",,2022,2022-07-18,,eng,N,N,N,31,yes,https://doi.org/10.1097/MCP.0000000000000907
710,MED,35842487,35842487,PMC9288451,10.1038/s41598-022-16344-7,Time and phenotype-dependent transcriptome analysis in AAV-TGFβ1 and Bleomycin-induced lung fibrosis models.,"Strobel B, Klein H, Leparc G, Stierstorfer BE, Gantner F, Kreuz S.",,2022,2022-07-16,,eng,Y,Y,Y,27,yes,https://www.nature.com/articles/s41598-022-16344-7.pdf
711,PPR,PPR513948,,,10.21203/rs.3.rs-1768337/v1,Clusters of comorbidities in fibrotic hypersensitivity pneumonitis,"Prior TS, Wälscher J, Gross B, Bendstrup E, Kreuter M.",,2022,2022-07-06,,,N,N,N,0,no,https://www.researchsquare.com/article/rs-1768337/latest.pdf
712,MED,35965810,35965810,PMC9372699,10.21037/atm-22-3215,Soluble ST2 in serum predicts the prognosis of idiopathic pulmonary fibrosis: a retrospective study.,"Yu YZ, Gui XH, Yu M, Huang W, Peng LY, Dai JH, Xu QQ, Zhao TT, Xie WP, Xiao YL, Yuan P, Li Y.",,2022,2022-07-01,,eng,Y,Y,Y,4,yes,https://atm.amegroups.com/article/viewFile/98722/pdf
713,MED,35928611,35928611,PMC9344411,10.21037/jtd-22-40,Cluster phenotypes in a non-idiopathic pulmonary fibrosis fibrotic interstitial lung diseases cohort in Singapore.,"Kam MLW, Tiew PY, Chai HZ, Low SY.",,2022,2022-07-01,,eng,Y,Y,Y,2,yes,https://jtd.amegroups.com/article/viewFile/64385/pdf
714,MED,35912842,35912842,,10.1080/17476348.2022.2107508,Management of progressive pulmonary fibrosis associated with connective tissue disease.,"Molina-Molina M, Castellví I, Valenzuela C, Ramirez J, Rodríguez Portal JA, Franquet T, Narváez J.",,2022,2022-07-01,,eng,N,N,N,15,yes,https://doi.org/10.1080/17476348.2022.2107508
715,MED,35847019,35847019,PMC9283576,10.3389/fphar.2022.924754,Prognostic Predictive Characteristics in Patients With Fibrosing Interstitial Lung Disease: A Retrospective Cohort Study.,"Wang Y, Guo Z, Ma R, Wang J, Wu N, Fan Y, Ye Q.",,2022,2022-07-01,,eng,Y,Y,Y,15,yes,https://doi.org/10.3389/fphar.2022.924754
716,MED,35772099,35772099,PMC9278643,10.1513/annalsats.202203-276ed,Works in Progress: Using Administrative Data to Estimate the Prevalence of Progressive Fibrosing Interstitial Lung Disease.,"Bowman WS, Dempsey T.",,2022,2022-07-01,,eng,Y,Y,Y,0,yes,https://doi.org/10.1513/AnnalsATS.202203-276ED
717,MED,35015982,35015982,PMC9278640,10.1513/annalsats.202102-222oc,Claims-based Prevalence of Disease Progression among Patients with Fibrosing Interstitial Lung Disease Other than Idiopathic Pulmonary Fibrosis in the United States.,"Singer D, Bengtson LGS, Conoscenti CS, Laouri M, Shetty SS, Anderson AJ, Brown KK.",,2022,2022-07-01,,eng,Y,Y,Y,7,yes,https://repository.publisso.de/resource/frl:6435595
718,MED,36946547,36946547,,10.1136/bmj-2021-066354,Advances in the management of idiopathic pulmonary fibrosis and progressive pulmonary fibrosis.,"Liu GY, Budinger GRS, Dematte JE.",,2022,2022-06-29,,eng,N,N,N,69,yes,https://doi.org/10.1136/bmj-2021-066354
719,MED,35752806,35752806,PMC9233403,10.1186/s12931-022-02094-7,Characterization of the PF-ILD phenotype in patients with advanced pulmonary sarcoidosis.,"Schimmelpennink MC, Meek DB, Vorselaars ADM, Langezaal LCM, van Moorsel CHM, van der Vis JJ, Veltkamp M, Grutters JC.",,2022,2022-06-25,,eng,Y,Y,Y,21,yes,https://respiratory-research.biomedcentral.com/counter/pdf/10.1186/s12931-022-02094-7
720,MED,35760077,35760077,,10.1016/s2213-2600(22)00223-5,2022 update on clinical practice guidelines for idiopathic pulmonary fibrosis and progressive pulmonary fibrosis.,"Tzilas V, Tzouvelekis A, Ryu JH, Bouros D.",,2022,2022-06-24,,eng,N,N,N,19,yes,https://doi.org/10.1016/S2213-2600(22)00223-5
721,MED,35714115,35714115,PMC9205484,10.1371/journal.pone.0270056,Nintedanib induces gene expression changes in the lung of induced-rheumatoid arthritis-associated interstitial lung disease mice.,"Mikami S, Miura Y, Kondo S, Sakai K, Nishimura H, Kyoyama H, Moriyama G, Koyama N, Noguchi H, Ohkubo H, Kanazawa S, Uematsu K.",,2022,2022-06-17,,eng,Y,Y,Y,5,yes,https://journals.plos.org/plosone/article/file?id=10.1371/journal.pone.0270056&type=printable
722,MED,34737223,34737223,PMC10039317,10.1183/13993003.01396-2021,Lung function trajectory in progressive fibrosing interstitial lung disease.,"Oldham JM, Lee CT, Wu Z, Bowman WS, Pugashetti JV, Dao N, Tonkin J, Seede H, Echt G, Adegunsoye A, Chua F, Maher TM, Garcia CK, Strek ME, Newton CA, Molyneaux PL.",,2022,2022-06-16,,eng,N,Y,Y,94,yes,https://doi.org/10.1183/13993003.01396-2021
723,MED,35698166,35698166,PMC9189802,10.1186/s40246-022-00393-0,From COVID to fibrosis: lessons from single-cell analyses of the human lung.,"Justet A, Zhao AY, Kaminski N.",,2022,2022-06-13,,eng,Y,Y,Y,12,yes,https://humgenomics.biomedcentral.com/counter/pdf/10.1186/s40246-022-00393-0
724,MED,35694777,35694777,PMC9446428,10.1177/02692163221101753,When should palliative care be introduced for people with progressive fibrotic interstitial lung disease? A meta-ethnography of the experiences of people with end-stage interstitial lung disease and their family carers.,"Palmer E, Kavanagh E, Visram S, Bourke AM, Forrest I, Exley C.",,2022,2022-06-11,,eng,Y,Y,Y,7,yes,https://doi.org/10.1177/02692163221101753
725,MED,35652240,35652240,,10.1111/resp.14301,Clinical relevance of rheumatoid factor and anti-citrullinated peptides in fibrotic interstitial lung disease.,"Zheng B, Donohoe K, Hambly N, Johannson KA, Assayag D, Fisher JH, Manganas H, Marcoux V, Khalil N, Kolb M, Ryerson CJ, CARE-PF Investigators.",,2022,2022-06-02,,eng,N,N,N,4,yes,https://doi.org/10.1111/resp.14301
726,MED,34764181,34764181,PMC9160394,10.1183/13993003.01790-2021,The psychometric properties of the King's Brief Interstitial Lung Disease questionnaire and thresholds for meaningful treatment response in patients with progressive fibrosing interstitial lung diseases.,"Birring SS, Bushnell DM, Baldwin M, Mueller H, Male N, Rohr KB, Inoue Y.",,2022,2022-06-02,,eng,Y,Y,Y,9,yes,https://erj.ersjournals.com/content/erj/59/6/2101790.full.pdf
727,MED,35499854,35499854,,10.1513/annalsats.202103-343oc,Nintedanib in Progressive Pulmonary Fibrosis: A Systematic Review and Meta-Analysis.,"Ghazipura M, Mammen MJ, Herman DD, Hon SM, Bissell BD, Macrea M, Kheir F, Khor YH, Knight SL, Raghu G, Wilson KC, Hossain T.",,2022,2022-06-01,,eng,N,N,N,41,yes,https://doi.org/10.1513/AnnalsATS.202103-343OC
728,MED,35499847,35499847,,10.1513/annalsats.202103-342oc,Pirfenidone in Progressive Pulmonary Fibrosis: A Systematic Review and Meta-Analysis.,"Ghazipura M, Mammen MJ, Bissell BD, Macrea M, Herman DD, Hon SM, Kheir F, Khor YH, Knight SL, Raghu G, Wilson KC, Hossain T.",,2022,2022-06-01,,eng,N,N,N,57,yes,https://doi.org/10.1513/AnnalsATS.202103-342OC
729,MED,35576048,35576048,PMC9239974,10.1007/s12325-022-02145-x,Meta-Analysis of Effect of Nintedanib on Reducing FVC Decline Across Interstitial Lung Diseases.,"Bonella F, Cottin V, Valenzuela C, Wijsenbeek M, Voss F, Rohr KB, Stowasser S, Maher TM.",,2022,2022-05-14,,eng,Y,Y,Y,16,yes,https://link.springer.com/content/pdf/10.1007/s12325-022-02145-x.pdf
730,MED,35646972,35646972,PMC9133476,10.3389/fmed.2022.871898,Harnessing PM2.5 Exposure Data to Predict Progression of Fibrotic Interstitial Lung Diseases Based on Telomere Length.,"Shull JG, Planas-Cerezales L, Lara Compte C, Perona R, Molina-Molina M.",,2022,2022-05-12,,eng,Y,Y,Y,3,yes,https://doi.org/10.3389/fmed.2022.871898
731,MED,35601499,35601499,PMC9117717,10.3389/fgene.2022.870192,"Case Report: Hereditary Fibrosing Poikiloderma With Tendon Contractures, Myopathy, and Pulmonary Fibrosis (POIKTMP) Presenting With Liver Cirrhosis and Steroid-Responsive Interstitial Pneumonia.","Takimoto-Sato M, Miyauchi T, Suzuki M, Ujiie H, Nomura T, Ikari T, Nakamura T, Takahashi K, Matsumoto-Sasaki M, Kimura H, Kimura H, Matsui Y, Kitagataya T, Yamada R, Suzuki K, Nakamura A, Nakai M, Sho T, Ogawa K, Sakamoto N, Yamaguchi N, Otsuka N, Tomaru U, Konno S.",,2022,2022-05-05,,eng,Y,Y,Y,10,yes,https://doi.org/10.3389/fgene.2022.870192
732,MED,35509004,35509004,PMC9066931,10.1186/s12931-022-02002-z,Progressive pulmonary fibrosis in a murine model of Hermansky-Pudlak syndrome.,"Abudi-Sinreich S, Bodine SP, Yokoyama T, Tolman NJ, Tyrlik M, Testa LC, Han CG, Dorward HM, Wincovitch SM, Anikster Y, Gahl WA, Cinar R, Gochuico BR, Malicdan MCV.",,2022,2022-05-04,,eng,Y,Y,Y,7,yes,https://respiratory-research.biomedcentral.com/track/pdf/10.1186/s12931-022-02002-z
733,MED,35199968,35199968,PMC9321107,10.1002/art.42075,Nintedanib in Patients With Autoimmune Disease-Related Progressive Fibrosing Interstitial Lung Diseases: Subgroup Analysis of the INBUILD Trial.,"Matteson EL, Kelly C, Distler JHW, Hoffmann-Vold AM, Seibold JR, Mittoo S, Dellaripa PF, Aringer M, Pope J, Distler O, James A, Schlenker-Herceg R, Stowasser S, Quaresma M, Flaherty KR, INBUILD Trial Investigators.",,2022,2022-05-02,,eng,Y,Y,Y,79,yes,https://doi.org/10.1002/art.42075
734,MED,35695895,35695895,,10.1080/17476348.2022.2089116,Pulmonary fibrosis associated with rheumatoid arthritis: from pathophysiology to treatment strategies.,"Diesler R, Cottin V.",,2022,2022-05-01,,eng,N,N,N,26,yes,https://doi.org/10.1080/17476348.2022.2089116
735,MED,35599011,35599011,PMC9127759,10.3779/j.issn.1009-3419.2022.102.13,[Successful Rescue of Acute Exacerbation of Idiopathic Pulmonary Fibrosis after Surgery for Lung Cancer: Case Report].,"Huang C, Wu Q, Ma C, Jiao P, Sun Y, Tong H.",,2022,2022-05-01,,chi,Y,Y,Y,0,yes,https://doi.org/10.3779/j.issn.1009-3419.2022.102.13
736,MED,35486072,35486072,PMC9851481,10.1164/rccm.202202-0399st,Idiopathic Pulmonary Fibrosis (an Update) and Progressive Pulmonary Fibrosis in Adults: An Official ATS/ERS/JRS/ALAT Clinical Practice Guideline.,"Raghu G, Remy-Jardin M, Richeldi L, Thomson CC, Inoue Y, Johkoh T, Kreuter M, Lynch DA, Maher TM, Martinez FJ, Molina-Molina M, Myers JL, Nicholson AG, Ryerson CJ, Strek ME, Troy LK, Wijsenbeek M, Mammen MJ, Hossain T, Bissell BD, Herman DD, Hon SM, Kheir F, Khor YH, Macrea M, Antoniou KM, Bouros D, Buendia-Roldan I, Caro F, Crestani B, Ho L, Morisset J, Olson AL, Podolanczuk A, Poletti V, Selman M, Ewing T, Jones S, Knight SL, Ghazipura M, Wilson KC.",,2022,2022-05-01,,eng,Y,Y,Y,1988,yes,https://www.ncbi.nlm.nih.gov/pmc/articles/PMC9851481
737,MED,35484838,35484838,PMC9850391,10.1177/10499091221096416,"A Retrospective, Descriptive Study of Dyspnea Management in a Multidisciplinary Interstitial Lung Disease Clinic.","van den Bosch L, Wang T, Bakal JA, Richman-Eisenstat J, Kalluri M.",,2023,2022-04-28,,eng,Y,Y,Y,5,yes,https://doi.org/10.1177/10499091221096416
738,MED,35459138,35459138,PMC9034591,10.1186/s12890-022-01953-9,Care patterns of patients with chronic fibrosing interstitial lung disease (ILD) with a progressive phenotype.,"Nili M, Singer D, Hanna M.",,2022,2022-04-23,,eng,Y,Y,Y,1,yes,https://bmcpulmmed.biomedcentral.com/track/pdf/10.1186/s12890-022-01953-9
739,MED,35431170,35431170,,10.1016/j.resinv.2022.03.004,Current perspective of progressive-fibrosing interstitial lung disease.,Kishaba T.,,2022,2022-04-15,,eng,N,N,N,12,yes,https://doi.org/10.1016/j.resinv.2022.03.004
740,MED,35415191,35415191,PMC8995540,10.1183/23120541.00683-2021,Serum autotaxin levels in chronic disease and acute exacerbation of fibrosing interstitial lung disease.,"Isshiki T, Shimizu H, Sakamoto S, Yamasaki A, Miyoshi S, Nakamura Y, Homma S, Kishi K.",,2022,2022-04-11,,eng,Y,Y,Y,6,yes,http://openres.ersjournals.com/content/erjor/8/2/00683-2021.full.pdf
741,MED,35410260,35410260,PMC8996531,10.1186/s12931-022-02006-9,Combined obstructive airflow limitation associated with interstitial lung diseases (O-ILD): the bad phenotype ?,"Guiot J, Henket M, Frix AN, Gester F, Thys M, Giltay L, Desir C, Moermans C, Njock MS, Meunier P, Corhay JL, Louis R.",,2022,2022-04-11,,eng,Y,Y,Y,9,yes,https://doi.org/10.1186/s12931-022-02006-9
742,MED,35400618,35400618,,10.1016/j.resinv.2022.02.009,Lung function decline in sarcoidosis.,"Tanizawa K, Handa T, Nagai S, Ikezoe K, Kubo T, Yokomatsu T, Ueda S, Fushimi Y, Ogino S, Watanabe K, Nakatsuka Y, Hirai T, Izumi T.",,2022,2022-04-07,,eng,N,N,N,6,yes,https://doi.org/10.1016/j.resinv.2022.02.009
743,MED,35392908,35392908,PMC8991727,10.1186/s12931-022-01974-2,Safety and tolerability of nintedanib in patients with progressive fibrosing interstitial lung diseases: data from the randomized controlled INBUILD trial.,"Cottin V, Martinez FJ, Jenkins RG, Belperio JA, Kitamura H, Molina-Molina M, Tschoepe I, Coeck C, Lievens D, Costabel U.",,2022,2022-04-07,,eng,Y,Y,Y,36,yes,https://respiratory-research.biomedcentral.com/track/pdf/10.1186/s12931-022-01974-2
744,MED,35392870,35392870,PMC8991662,10.1186/s12890-022-01927-x,Clustering of lung diseases in the family of interstitial lung disease patients.,"Terwiel M, Grutters JC, van Moorsel CHM.",,2022,2022-04-07,,eng,Y,Y,Y,7,yes,https://bmcpulmmed.biomedcentral.com/track/pdf/10.1186/s12890-022-01927-x
745,MED,35747227,35747227,PMC9209850,10.1183/23120541.00115-2022,Lung cancer in patients with fibrosing interstitial lung diseases: an overview of current knowledge and challenges.,"Kewalramani N, Machahua C, Poletti V, Cadranel J, Wells AU, Funke-Chambour M.",,2022,2022-04-01,,eng,Y,Y,Y,25,yes,https://doi.org/10.1183/23120541.00115-2022
746,MED,35509443,35509443,PMC9062300,10.1183/23120541.00681-2021,Developing a conceptual model of symptoms and impacts in progressive fibrosing interstitial lung disease to evaluate patient-reported outcome measures.,"Wijsenbeek M, Molina-Molina M, Chassany O, Fox J, Galvin L, Geissler K, Hammitt KM, Kreuter M, Moua T, O'Brien EC, Slagle AF, Krasnow A, Reaney M, Baldwin M, Male N, Rohr KB, Swigris J, Antoniou K.",,2022,2022-04-01,,eng,Y,Y,Y,13,yes,https://doi.org/10.1183/23120541.00681-2021
747,MED,34475231,34475231,PMC8927709,10.1183/13993003.04538-2020,Nintedanib in progressive interstitial lung diseases: data from the whole INBUILD trial.,"Flaherty KR, Wells AU, Cottin V, Devaraj A, Inoue Y, Richeldi L, Walsh SLF, Kolb M, Koschel D, Moua T, Stowasser S, Goeldner RG, Schlenker-Herceg R, Brown KK, INBUILD Trial Investigators.",,2022,2022-03-17,,eng,Y,Y,Y,64,yes,https://doi.org/10.1183/13993003.04538-2020
748,MED,35342636,35342636,PMC8926900,10.1002/rcr2.934,Progressive pulmonary fibrosis due to diffuse alveolar damage in a COVID-19-infected autopsy case.,"Tamura A, Imai R, Tomishima Y, Nishimura N.",,2022,2022-03-16,,eng,Y,Y,Y,3,yes,https://doi.org/10.1002/rcr2.934
749,MED,35372405,35372405,PMC8965041,10.3389/fmed.2022.858339,Clinical Overview of Progressive Fibrotic Interstitial Lung Disease.,Case AH.,,2022,2022-03-15,,eng,Y,Y,Y,6,yes,https://doi.org/10.3389/fmed.2022.858339
750,MED,35293077,35293077,,10.1111/resp.14245,Prevalence and prognosis of chronic fibrosing interstitial lung diseases with a progressive phenotype.,"Takei R, Brown KK, Yamano Y, Kataoka K, Yokoyama T, Matsuda T, Kimura T, Suzuki A, Suzuki A, Furukawa T, Fukuoka J, Johkoh T, Goto Y, Kondoh Y.",,2022,2022-03-15,,eng,N,N,N,38,yes,https://doi.org/10.1111/resp.14245
751,MED,35241434,35241434,PMC8896030,10.1136/bmjresp-2021-001167,Responsiveness and meaningful change thresholds of the Living with Pulmonary Fibrosis (L-PF) questionnaire Dyspnoea and Cough scores in patients with progressive fibrosing interstitial lung diseases.,"Swigris JJ, Bushnell DM, Rohr K, Mueller H, Baldwin M, Inoue Y.",,2022,2022-03-01,,eng,Y,Y,Y,20,yes,https://bmjopenrespres.bmj.com/content/bmjresp/9/1/e001167.full.pdf
752,MED,35224814,35224814,PMC9306931,10.1111/resp.14231,Predictors of mortality in subjects with progressive fibrosing interstitial lung diseases.,"Brown KK, Inoue Y, Flaherty KR, Martinez FJ, Cottin V, Bonella F, Cerri S, Danoff SK, Jouneau S, Goeldner RG, Schmidt M, Stowasser S, Schlenker-Herceg R, Wells AU.",,2022,2022-02-27,,eng,Y,Y,Y,37,yes,https://onlinelibrary.wiley.com/doi/pdfdirect/10.1111/resp.14231
753,MED,35221162,35221162,,10.1016/j.rmr.2021.11.003,[Computed tomography lung density and small vessel quantification in pulmonary hypertension associated with progressive fibrosing interstitial lung disease (PF-ILD)].,"Valette K, Bermudez J, Habert P, Puech B, Gaubert JY, Reynaud-Gaubert M, Coiffard B.",,2022,2022-02-24,,fre,N,N,N,0,yes,https://doi.org/10.1016/j.rmr.2021.11.003
754,MED,35199282,35199282,PMC8990938,10.1007/s12325-022-02066-9,Healthcare Resource Utilization and Related Costs in Chronic Fibrosing Interstitial Lung Diseases with a Progressive Phenotype: A US Claims Database Analysis.,"Olson AL, Hartmann N, Patnaik P, Garry EM, Bohn RL, Singer D, Baldwin M, Wallace L.",,2022,2022-02-23,,eng,Y,Y,Y,10,yes,https://doi.org/10.1007/s12325-022-02066-9
755,MED,35211349,35211349,PMC8863484,10.1155/2022/9942432,Challenges in the Diagnosis and Management of Patients with Fibrosing Interstitial Lung Disease.,Tolle LB.,,2022,2022-02-15,,eng,Y,Y,Y,0,yes,https://doi.org/10.1155/2022/9942432
756,MED,35203643,35203643,PMC8962393,10.3390/biomedicines10020434,Treatment and Systemic Sclerosis Interstitial Lung Disease Outcome: The Overweight Paradox.,"Nagy A, Palmer E, Polivka L, Eszes N, Vincze K, Barczi E, Bohacs A, Tarnoki AD, Tarnoki DL, Nagy G, Kiss E, Maurovich-Horvat P, Müller V.",,2022,2022-02-13,,eng,Y,Y,Y,7,yes,https://doi.org/10.3390/biomedicines10020434
757,MED,35203281,35203281,PMC8870588,10.3390/cells11040630,The Role of Extracellular Vesicles in Idiopathic Pulmonary Fibrosis Progression: An Approach on Their Therapeutics Potential.,"Ramírez-Hernández AA, Velázquez-Enríquez JM, Santos-Álvarez JC, López-Martínez A, Reyes-Jiménez E, Carrasco-Torres G, González-García K, Vásquez-Garzón VR, Baltierrez-Hoyos R.",,2022,2022-02-11,,eng,Y,Y,Y,13,yes,https://www.mdpi.com/2073-4409/11/4/630/pdf?version=1644574183
758,MED,34172473,34172473,PMC8828995,10.1183/13993003.03979-2020,Genetically increased circulating FUT3 level leads to reduced risk of idiopathic pulmonary fibrosis: a Mendelian randomisation study.,"Nakanishi T, Cerani A, Forgetta V, Zhou S, Allen RJ, Leavy OC, Koido M, Assayag D, Jenkins RG, Wain LV, Yang IV, Lathrop GM, Wolters PJ, Schwartz DA, Richards JB.",,2022,2022-02-10,,eng,Y,Y,Y,14,yes,https://erj.ersjournals.com/content/erj/59/2/2003979.full.pdf
759,MED,35138571,35138571,,10.1007/s12098-021-04004-z,Fibrosing Interstitial Lung Disease in Children: An HRCT-Based Analysis.,"Bhalla D, Jana M, Naranje P, Bhalla AS, Kabra SK.",,2023,2022-02-09,,eng,N,N,N,1,yes,https://doi.org/10.1007/s12098-021-04004-z
760,MED,35149406,35149406,,10.1016/j.rmed.2022.106760,The detrimental effect of quantity of smoking on survival in progressive fibrosing ILD.,"Platenburg MGJP, van der Vis JJ, Kazemier KM, Grutters JC, van Moorsel CHM.",,2022,2022-02-05,,eng,N,N,N,7,yes,https://doi.org/10.1016/j.rmed.2022.106760
761,MED,35113907,35113907,PMC8812933,10.1371/journal.pone.0262795,Tolerability of nintedanib in the elderly with idiopathic pulmonary fibrosis: A single-center retrospective study.,"Komatsu M, Yamamoto H, Ichiyama T, Kawakami S, Uehara T, Yoshikawa Y, Kitaguchi Y, Ushiki A, Yasuo M, Hanaoka M.",,2022,2022-02-03,,eng,Y,Y,Y,14,yes,https://journals.plos.org/plosone/article/file?id=10.1371/journal.pone.0262795&type=printable
762,MED,34210788,34210788,PMC8812469,10.1183/13993003.04587-2020,Effects of nintedanib by inclusion criteria for progression of interstitial lung disease.,"Maher TM, Brown KK, Kreuter M, Devaraj A, Walsh SLF, Lancaster LH, Belloli EA, Padilla M, Behr J, Goeldner RG, Tetzlaff K, Schlenker-Herceg R, Flaherty KR, INBUILD trial investigators.",,2022,2022-02-03,,eng,Y,Y,Y,27,yes,https://doi.org/10.1183/13993003.04587-2020
763,MED,35178411,35178411,PMC8843847,10.3389/fmed.2022.799912,The Burden of Progressive-Fibrosing Interstitial Lung Diseases.,"Cottin V, Teague R, Nicholson L, Langham S, Baldwin M.",,2022,2022-02-01,,eng,Y,Y,Y,31,yes,https://doi.org/10.3389/fmed.2022.799912
764,MED,34818133,34818133,,10.1164/rccm.202109-2065oc,Neighborhood-Level Disadvantage Impacts on Patients with Fibrotic Interstitial Lung Disease.,"Goobie GC, Ryerson CJ, Johannson KA, Schikowski E, Zou RH, Khalil N, Marcoux V, Assayag D, Manganas H, Fisher JH, Kolb MRJ, Gibson KF, Kass DJ, Zhang Y, Lindell KO, Lindell KO, Nouraie SM.",,2022,2022-02-01,,eng,N,N,N,45,yes,https://doi.org/10.1164/rccm.202109-2065OC
765,MED,35173620,35173620,PMC8841605,10.3389/fphar.2022.823085,Challenges for Clinical Drug Development in Pulmonary Fibrosis.,"White ES, Thomas M, Stowasser S, Tetzlaff K.",,2022,2022-01-31,,eng,Y,Y,Y,38,yes,https://www.frontiersin.org/articles/10.3389/fphar.2022.823085/pdf
766,MED,35083316,35083316,PMC8784757,10.1183/23120541.00597-2021,Epidemiology of interstitial lung diseases and their progressive-fibrosing behaviour in six European countries.,"Hilberg O, Hoffmann-Vold AM, Smith V, Bouros D, Kilpeläinen M, Guiot J, Morais A, Clemente S, Daniil Z, Papakosta D, Fretheim H, Neves S, Alfaro TM, Antoniou KM, Valveny N, Asijee G, Soulard S, Wuyts W.",,2022,2022-01-24,,eng,Y,Y,Y,46,yes,https://doi.org/10.1183/23120541.00597-2021
767,PPR,PPR445112,,,10.21203/rs.3.rs-1271280/v1,Lung CCR6-CXCR3- Th2 Cells as an Indicator of Progressive Fibrosing Interstitial Lung Diseases: A Prospective Observational Study,"Tsukuda TK, Fujimoto M, Ohnishi H, Nakatani Y, Takamatsu K, Naka T, Yokoyama A.",,2022,2022-01-21,,,N,N,N,0,no,https://www.researchsquare.com/article/rs-1271280/latest.pdf
768,MED,35063079,35063079,PMC9177713,10.1016/s2213-2600(21)00503-8,Proteomic biomarkers of progressive fibrosing interstitial lung disease: a multicentre cohort analysis.,"Bowman WS, Newton CA, Linderholm AL, Neely ML, Pugashetti JV, Kaul B, Vo V, Echt GA, Leon W, Shah RJ, Huang Y, Garcia CK, Wolters PJ, Oldham JM.",,2022,2022-01-18,,eng,N,Y,Y,87,yes,https://doi.org/10.1016/S2213-2600(21)00503-8
769,MED,35115749,35115749,PMC8787380,10.36141/svdld.v38i4.11465,Impact of progressive fibrosing interstitial lung disease (ILD) in ILD patients complicated with secondary spontaneous pneumothorax.,"Yamakawa H, Tsukahara Y, Sato S, Ohta H, Kida G, Nakamura T, Nishizawa T, Kawabe R, Oba T, Akasaka K, Amano M, Kuwano K, Sasaki H, Takemura T, Matsushima H.",,2022,2022-01-13,,eng,Y,Y,Y,4,yes,https://doi.org/10.36141/svdld.v38i4.11465
770,MED,35096848,35096848,PMC8792486,10.3389/fmed.2021.679051,The Role of Radiology in Progressive Fibrosing Interstitial Lung Disease.,"Abu Qubo A, Capaccione KM, Bernstein EJ, Padilla M, Salvatore M.",,2021,2022-01-13,,eng,Y,Y,Y,4,yes,https://doi.org/10.3389/fmed.2021.679051
771,MED,35015148,35015148,PMC11075137,10.1007/s00018-021-04094-0,Integrative omics analysis identifies biomarkers of idiopathic pulmonary fibrosis.,"Zheng P, Sun S, Wang J, Cheng ZJ, Lei KC, Xue M, Zhang T, Huang H, Zhang XD, Sun B.",,2022,2022-01-11,,eng,N,Y,Y,20,yes,https://doi.org/10.1007/s00018-021-04094-0
772,MED,35312511,35312511,,10.1016/j.arbres.2021.12.006,Diagnostic and Therapeutic Developments in Progressive Pulmonary Fibrosis.,"Molina-Molina M, Buendia-Roldan I, Castillo D, Caro F, Valenzuela C, Selman M.",,2022,2022-01-05,,eng,N,N,N,13,yes,https://doi.org/10.1016/j.arbres.2021.12.006
773,MED,34998715,34998715,,10.1016/j.resinv.2021.12.003,Role of serum surfactant protein-D as a prognostic predictor in fibrotic hypersensitivity pneumonitis.,"Ejima M, Okamoto T, Suzuki T, Miyazaki Y.",,2022,2022-01-05,,eng,N,N,N,7,yes,https://doi.org/10.1016/j.resinv.2021.12.003
774,MED,36220417,36220417,,10.36290/vnl.2022.045,Antifibrotic therapy and its indications for interstitial pulmonary fibrosis.,Doubková M.,,2022,2022-01-01,,cze,N,N,N,0,yes,https://doi.org/10.36290/vnl.2022.045
775,MED,35350273,35350273,PMC8943284,10.1183/23120541.00571-2021,Vascular remodelling in idiopathic pulmonary fibrosis patients and its detrimental effect on lung physiology: potential role of endothelial-to-mesenchymal transition.,"Gaikwad AV, Lu W, Dey S, Bhattarai P, Chia C, Larby J, Haug G, Myers S, Jaffar J, Westall G, Singhera GK, Hackett TL, Markos J, Eapen MS, Sohal SS.",,2022,2022-01-01,,eng,Y,Y,Y,35,yes,https://doi.org/10.1183/23120541.00571-2021
776,MED,35058236,35058236,PMC8783810,10.1136/bmjresp-2021-001060,"CC-90001, a c-Jun N-terminal kinase (JNK) inhibitor, in patients with pulmonary fibrosis: design of a phase 2, randomised, placebo-controlled trial.","Popmihajlov Z, Sutherland DJ, Horan GS, Ghosh A, Lynch DA, Noble PW, Richeldi L, Reiss TF, Greenberg S.",,2022,2022-01-01,,eng,Y,Y,Y,30,yes,https://bmjopenrespres.bmj.com/content/bmjresp/9/1/e001060.full.pdf
777,MED,35000313,35000313,,10.3760/cma.j.cn112147-20211020-00729,[Update in interstitial lung disease 2021].,Huang H.,,2022,2022-01-01,,chi,N,N,N,0,yes,https://doi.org/10.3760/cma.j.cn112147-20211020-00729
778,MED,34976211,34976211,PMC8692903,10.7150/thno.65828,Nintedanib enhances the efficacy of PD-L1 blockade by upregulating MHC-I and PD-L1 expression in tumor cells.,"Tu J, Xu H, Ma L, Li C, Qin W, Chen X, Yi M, Sun L, Liu B, Yuan X.",,2022,2022-01-01,,eng,Y,Y,Y,72,yes,https://doi.org/10.7150/thno.65828
779,MED,34608488,34608488,PMC8881211,10.1093/ajhp/zxab375,Management of patients with fibrosing interstitial lung diseases.,"Morrow LE, Hilleman D, Malesker MA.",,2022,2022-01-01,,eng,Y,Y,Y,6,yes,https://doi.org/10.1093/ajhp/zxab375
780,MED,34957531,34957531,PMC8866289,10.1007/s12325-021-02014-z,Using Data on Survival with Idiopathic Pulmonary Fibrosis to Estimate Survival with Other Types of Progressive Fibrosis Interstitial Lung Disease: A Bayesian Framework.,"Langford B, Diamantopoulos A, Maher TM, Inoue Y, Rohr KB, Baldwin M.",,2022,2021-12-27,,eng,Y,Y,Y,7,yes,https://doi.org/10.1007/s12325-021-02014-z
781,MED,35002713,35002713,PMC8727590,10.3389/fphar.2021.778649,Autoimmune Progressive Fibrosing Interstitial Lung Disease: Predictors of Fast Decline.,"Nagy A, Nagy T, Kolonics-Farkas AM, Eszes N, Vincze K, Barczi E, Tarnoki AD, Tarnoki DL, Nagy G, Kiss E, Maurovich-Horvat P, Bohacs A, Müller V.",,2021,2021-12-22,,eng,Y,Y,Y,11,yes,https://doi.org/10.3389/fphar.2021.778649
782,MED,34975486,34975486,PMC8718675,10.3389/fphar.2021.790204,Outcomes and Incidence of PF-ILD According to Different Definitions in a Real-World Setting.,"Torrisi SE, Kahn N, Wälscher J, Polke M, Lee JS, Molyneaux PL, Sambataro FM, Heussel CP, Vancheri C, Kreuter M.",,2021,2021-12-17,,eng,Y,Y,Y,16,yes,https://www.frontiersin.org/articles/10.3389/fphar.2021.790204/pdf
783,MED,34907821,34907821,,10.1080/14656566.2021.2016697,Advances with pharmacotherapy for the treatment of interstitial lung disease.,"Comes A, Sgalla G, Perrotta A, Richeldi L.",,2022,2021-12-15,,eng,N,N,N,0,yes,https://doi.org/10.1080/14656566.2021.2016697
784,MED,34907290,34907290,PMC8671400,10.1038/s41598-021-03481-8,Real-life prevalence of progressive fibrosing interstitial lung diseases.,"Gagliardi M, Berg DV, Heylen CE, Koenig S, Hoton D, Tamirou F, Pieters T, Ghaye B, Froidure A.",,2021,2021-12-14,,eng,Y,Y,Y,22,yes,https://www.nature.com/articles/s41598-021-03481-8.pdf
785,MED,34895203,34895203,PMC8666028,10.1186/s12890-021-01783-1,"Efficacy of antifibrotic drugs, nintedanib and pirfenidone, in treatment of progressive pulmonary fibrosis in both idiopathic pulmonary fibrosis (IPF) and non-IPF: a systematic review and meta-analysis.","Finnerty JP, Ponnuswamy A, Dutta P, Abdelaziz A, Kamil H.",,2021,2021-12-11,,eng,Y,Y,Y,142,yes,https://bmcpulmmed.biomedcentral.com/counter/pdf/10.1186/s12890-021-01783-1
786,MED,34917177,34917177,PMC8669869,10.1177/1759720x211060907,Role of antifibrotics in the management of idiopathic inflammatory myopathy associated interstitial lung disease.,"Wilfong EM, Aggarwal R.",,2021,2021-12-09,,eng,Y,Y,Y,13,yes,https://journals.sagepub.com/doi/pdf/10.1177/1759720X211060907
787,MED,34969771,34969771,PMC8718498,10.1136/bmjresp-2021-001026,"Phase 2 trial design of BMS-986278, a lysophosphatidic acid receptor 1 (LPA&lt;sub&gt;1&lt;/sub&gt;) antagonist, in patients with idiopathic pulmonary fibrosis (IPF) or progressive fibrotic interstitial lung disease (PF-ILD).","Corte TJ, Lancaster L, Swigris JJ, Maher TM, Goldin JG, Palmer SM, Suda T, Ogura T, Minnich A, Zhan X, Tirucherai GS, Elpers B, Xiao H, Watanabe H, Smith RA, Charles ED, Fischer A.",,2021,2021-12-01,,eng,Y,Y,Y,48,yes,https://bmjopenrespres.bmj.com/content/bmjresp/8/1/e001026.full.pdf
788,MED,34848676,34848676,PMC8650386,10.12659/ajcr.933458,Progressive Pulmonary Fibrosis After Non-Critical COVID-19: A Case Report.,"Doane JJ, Hirsch KS, Baldwin JO, Wurfel MM, Pipavath SN, West TE.",,2021,2021-12-01,,eng,Y,Y,Y,6,yes,https://doi.org/10.12659/ajcr.933458
789,PPR,PPR426184,,,10.1101/2021.11.28.470269,COVID-19 lung disease shares driver AT2 cytopathic features with Idiopathic pulmonary fibrosis,"Sinha S, Castillo V, Espinoza CR, Tindle C, Fonseca AG, Dan JM, Katkar GD, Das S, Sahoo D, Ghosh P.",,2021,2021-11-30,,,N,N,N,0,no,https://www.biorxiv.org/content/biorxiv/early/2022/07/18/2021.11.28.470269.full.pdf
790,MED,34758677,34758677,,10.1080/17476348.2021.2001331,The emerging role of mycophenolate mofetil in interstitial lung diseases.,"Brown KK, Rajan SK, Shenoy P, Mehta M, Lopez M, Hegde RS, Gogtay J.",,2021,2021-11-29,,eng,N,N,N,6,yes,https://doi.org/10.1080/17476348.2021.2001331
791,MED,34801109,34801109,,10.1016/s2213-2600(21)00517-8,Nintedanib for treating progressive fibrosing interstitial lung diseases.,"Adler AI, Guo Y, Thiam A, Elliot N, Patel S.",,2021,2021-11-18,,eng,N,N,N,7,yes,https://doi.org/10.1016/S2213-2600(21)00517-8
792,MED,40811592,40811592,,,Nintedanib for treating progressive fibrosing interstitial lung diseases,,,2021,2021-11-17,,eng,N,Y,Y,0,yes,http://europepmc.org/books/NBK616947
793,MED,34867934,34867934,PMC8635798,10.3389/fimmu.2021.645548,Collagen 1a1 Expression by Airway Macrophages Increases In Fibrotic ILDs and Is Associated With FVC Decline and Increased Mortality.,"Tsitoura E, Trachalaki A, Vasarmidi E, Mastrodemou S, Margaritopoulos GA, Kokosi M, Fanidis D, Galaris A, Aidinis V, Renzoni E, Tzanakis N, Wells AU, Antoniou KM.",,2021,2021-11-17,,eng,Y,Y,Y,30,yes,https://doi.org/10.3389/fimmu.2021.645548
794,MED,34830058,34830058,PMC8624248,10.3390/ijms222212179,Molecular Mechanisms and Cellular Contribution from Lung Fibrosis to Lung Cancer Development.,"Samarelli AV, Masciale V, Aramini B, Coló GP, Tonelli R, Marchioni A, Bruzzi G, Gozzi F, Andrisani D, Castaniere I, Manicardi L, Moretti A, Tabbì L, Guaitoli G, Cerri S, Dominici M, Clini E.",,2021,2021-11-10,,eng,Y,Y,Y,71,yes,https://www.mdpi.com/1422-0067/22/22/12179/pdf?version=1636683719
795,MED,34741930,34741930,,10.1016/j.ecoenv.2021.112938,Long non-coding RNA SNHG1 promotes fibroblast-to-myofibroblast transition during the development of pulmonary fibrosis induced by silica particles exposure.,"Wu Q, Jiao B, Gui W, Zhang Q, Wang F, Han L.",,2021,2021-11-03,,eng,N,N,N,12,yes,https://doi.org/10.1016/j.ecoenv.2021.112938
796,MED,34719401,34719401,PMC8559348,10.1186/s12931-021-01879-6,Progressive fibrosing interstitial lung disease: prevalence and clinical outcome.,"Kwon BS, Choe J, Chae EJ, Hwang HS, Kim YG, Song JW.",,2021,2021-10-31,,eng,Y,Y,Y,57,yes,https://respiratory-research.biomedcentral.com/track/pdf/10.1186/s12931-021-01879-6
797,PPR,PPR409367,,,10.21203/rs.3.rs-961630/v1,Anti-UBE2T antibody: a novel biomarker of progressive-fibrosing interstitial lung disease,"Hikichi M, Gon Y, Mizumura K, Hashimoto S, Ph.D MMS.",,2021,2021-10-19,,,N,N,N,0,no,https://www.researchsquare.com/article/rs-961630/latest.pdf
798,MED,34722582,34722582,PMC8548364,10.3389/fmed.2021.743977,Management of Progressive Fibrosing Interstitial Lung Diseases (PF-ILD).,"Copeland CR, Lancaster LH.",,2021,2021-10-13,,eng,Y,Y,Y,22,yes,https://doi.org/10.3389/fmed.2021.743977
799,MED,34643171,34643171,,10.1080/03009742.2021.1972519,Tocilizumab and rituximab for anti-MDA-5 positive amyopathic dermatomyositis complicated with macrophage activation syndrome and progressive fibrosing interstitial lung disease.,"Su CF, Liao HT, Tsai CY.",,2022,2021-10-13,,eng,N,N,N,9,yes,https://doi.org/10.1080/03009742.2021.1972519
800,MED,34712141,34712141,PMC8546258,10.3389/fphar.2021.754851,Predictors of Mortality in Progressive Fibrosing Interstitial Lung Diseases.,"Chen X, Guo J, Yu D, Jie B, Zhou Y.",,2021,2021-10-12,,eng,Y,Y,Y,24,yes,https://doi.org/10.3389/fphar.2021.754851
801,MED,34671628,34671628,PMC8520933,10.3389/fmed.2021.752316,The Role of Hippo/YAP Signaling in Alveolar Repair and Pulmonary Fibrosis.,"Gokey JJ, Patel SD, Kropski JA.",,2021,2021-10-04,,eng,Y,Y,Y,33,yes,https://www.frontiersin.org/articles/10.3389/fmed.2021.752316/pdf
802,MED,34627007,34627007,,10.1016/j.rmed.2021.106626,Defining and predicting progression in non-IPF interstitial lung disease.,"Goos T, De Sadeleer LJ, Yserbyt J, De Langhe E, Dubbeldam A, Verbeken EK, Verleden GM, Vermant M, Verschakelen J, Vos R, Weynand B, Verleden SE, Wuyts WA.",,2021,2021-10-01,,eng,N,N,N,7,yes,https://doi.org/10.1016/j.rmed.2021.106626
803,MED,34638790,34638790,PMC8509020,10.3390/ijms221910447,The Crucial Role of NLRP3 Inflammasome in Viral Infection-Associated Fibrosing Interstitial Lung Diseases.,"Effendi WI, Nagano T.",,2021,2021-09-28,,eng,Y,Y,Y,17,yes,https://www.mdpi.com/1422-0067/22/19/10447/pdf?version=1632887398
804,MED,34405699,34405699,,10.1089/hum.2021.008,Adenoviral Transduction of <i>Dickkopf-1</i> Alleviates Silica-Induced Silicosis Development in Lungs of Mice.,"Cai Q, Ma J, Wang J, Wang J, Cui J, Wu S, Wang Z, Wang N, Wang J, Yang D, Yang J, Xue J, Li F, Chen J, Liu X.",,2022,2021-09-28,,eng,N,N,N,5,yes,https://doi.org/10.1089/hum.2021.008
805,MED,34572422,34572422,PMC8465039,10.3390/biomedicines9091237,Progressive Fibrosing Interstitial Lung Diseases: A Current Perspective.,"Albera C, Verri G, Sciarrone F, Sitia E, Mangiapia M, Solidoro P.",,2021,2021-09-16,,eng,Y,Y,Y,10,yes,https://doi.org/10.3390/biomedicines9091237
806,MED,34529707,34529707,PMC8445472,10.1371/journal.pone.0257281,GED-0507 attenuates lung fibrosis by counteracting myofibroblast transdifferentiation in vivo and in vitro.,"Speca S, Dubuquoy C, Rousseaux C, Chavatte P, Desreumaux P, Spagnolo P.",,2021,2021-09-16,,eng,Y,Y,Y,11,yes,https://doi.org/10.1371/journal.pone.0257281
807,MED,33542060,33542060,,10.1183/13993003.04507-2020,When things go wrong: exploring possible mechanisms driving the progressive fibrosis phenotype in interstitial lung diseases.,"Selman M, Pardo A.",,2021,2021-09-09,,eng,N,N,N,58,yes,https://doi.org/10.1183/13993003.04507-2020
808,MED,34499872,34499872,,10.1016/s2213-2600(21)00375-1,Moving beyond usual interstitial pneumonia to define progressive fibrotic interstitial lung disease.,"Podolanczuk AJ, Martinez FJ.",,2021,2021-09-06,,eng,N,N,N,0,yes,https://doi.org/10.1016/S2213-2600(21)00375-1
809,MED,34499866,34499866,,10.1016/s0140-6736(21)01826-2,Treatment of fibrotic interstitial lung disease: current approaches and future directions.,"Johannson KA, Chaudhuri N, Adegunsoye A, Wolters PJ.",,2021,2021-09-06,,eng,N,N,N,67,yes,https://doi.org/10.1016/S0140-6736(21)01826-2
810,MED,34499865,34499865,,10.1016/s0140-6736(21)01961-9,Disease pathology in fibrotic interstitial lung disease: is it all about usual interstitial pneumonia?,"Renzoni EA, Poletti V, Mackintosh JA.",,2021,2021-09-06,,eng,N,N,N,46,yes,https://doi.org/10.1016/S0140-6736(21)01961-9
811,MED,34481903,34481903,,10.1016/j.tox.2021.152925,miR-138 inhibits epithelial-mesenchymal transition in silica-induced pulmonary fibrosis by regulating ZEB2.,"Wu Q, Gui W, Jiao B, Han L, Wang F.",,2021,2021-09-02,,eng,N,N,N,15,yes,https://doi.org/10.1016/j.tox.2021.152925
812,MED,34467827,34467827,,10.1080/1744666x.2021.1968832,"An IPF-like disease course in disorders other than IPF: how can this be anticipated, recognized, and managed?","Wells AU, Kouranos V.",,2021,2021-09-01,,eng,N,N,N,6,yes,https://doi.org/10.1080/1744666X.2021.1968832
813,MED,34397611,34397611,,10.1097/mcp.0000000000000810,Biopsy in interstitial lung disease: specific diagnosis and the identification of the progressive fibrotic phenotype.,"Ravaglia C, Nicholson AG.",,2021,2021-09-01,,eng,N,N,N,11,yes,https://doi.org/10.1097/MCP.0000000000000810
814,MED,34231535,34231535,,10.1097/mcp.0000000000000805,The progressive fibrotic phenotype in current clinical practice.,"Wells AU, Brown KK, Cottin V.",,2021,2021-09-01,,eng,N,N,N,10,yes,https://doi.org/10.1097/MCP.0000000000000805
815,MED,34231534,34231534,,10.1097/mcp.0000000000000803,The justification for the progressive fibrotic phenotype.,"Kolb MR, Flaherty KR.",,2021,2021-09-01,,eng,N,N,N,8,yes,https://doi.org/10.1097/MCP.0000000000000803
816,MED,34224434,34224434,,10.1097/mcp.0000000000000804,Thoracic computed tomography in the progressive fibrotic phenotype.,"Devaraj A, Milanese G, Sverzellati N.",,2021,2021-09-01,,eng,N,N,N,8,yes,https://doi.org/10.1097/MCP.0000000000000804
817,MED,34175861,34175861,,10.1097/mcp.0000000000000799,Chronic hypersensitivity pneumonitis: real world diagnostic criteria.,"Sharma A, Ferraro V, Renzoni EA, Morisset J.",,2021,2021-09-01,,eng,N,N,N,3,yes,https://doi.org/10.1097/MCP.0000000000000799
818,MED,34172623,34172623,,10.1097/mcp.0000000000000801,"Unclassifiable, or simply unclassified interstitial lung disease?","O'Callaghan M, Bonella F, McCarthy C.",,2021,2021-09-01,,eng,N,N,N,6,yes,https://doi.org/10.1097/MCP.0000000000000801
819,MED,34502225,34502225,PMC8430559,10.3390/ijms22179316,Extracellular Heat Shock Proteins as Therapeutic Targets and Biomarkers in Fibrosing Interstitial Lung Diseases.,"Tanguy J, Pommerolle L, Garrido C, Kolb M, Bonniaud P, Goirand F, Bellaye PS.",,2021,2021-08-27,,eng,Y,Y,Y,19,yes,https://www.mdpi.com/1422-0067/22/17/9316/pdf?version=1630462513
820,MED,34451916,34451916,PMC8400767,10.3390/ph14080819,Pharmacological Interactions of Nintedanib and Pirfenidone in Patients with Idiopathic Pulmonary Fibrosis in Times of COVID-19 Pandemic.,"Serra López-Matencio JM, Gómez M, Vicente-Rabaneda EF, González-Gay MA, Ancochea J, Castañeda S.",,2021,2021-08-20,,eng,Y,Y,Y,23,yes,https://doi.org/10.3390/ph14080819
821,MED,34418410,34418410,PMC8373594,10.1016/j.chest.2021.08.041,Lung Transplantation for Patients With COVID-19.,"King CS, Mannem H, Kukreja J, Aryal S, Tang D, Singer JP, Bharat A, Behr J, Nathan SD.",,2022,2021-08-19,,eng,Y,Y,Y,59,yes,http://journal.chestnet.org/article/S0012369221036680/pdf
822,MED,34438351,34438351,,10.1016/j.rmed.2021.106579,Predictors for progressive fibrosis in patients with connective tissue disease associated interstitial lung diseases.,"Chiu YH, Spierings J, de Jong PA, Hoesein FM, Grutters JC, van Laar JM, Voortman M.",,2021,2021-08-18,,eng,N,N,N,38,yes,https://doi.org/10.1016/j.rmed.2021.106579
823,MED,34564020,34564020,,10.1016/j.rmed.2021.106574,"Efficacy and safety of nintedanib in Japanese patients with progressive fibrosing interstitial lung diseases: Subgroup analysis of the randomised, double-blind, placebo-controlled, phase 3 INBUILD trial.","Inoue Y, Suda T, Kitamura H, Okamoto M, Azuma A, Inase N, Kuwana M, Makino S, Nishioka Y, Ogura T, Takizawa A, Ugai H, Stowasser S, Schlenker-Herceg R, Takeuchi T.",,2021,2021-08-12,,eng,N,N,N,9,yes,https://doi.org/10.1016/j.rmed.2021.106574
824,MED,34348979,34348979,PMC9488499,10.1183/16000617.0017-2021,Lung transplantation for interstitial lung disease.,"Kapnadak SG, Raghu G.",,2021,2021-08-03,,eng,Y,Y,Y,60,yes,https://doi.org/10.1183/16000617.0017-2021
825,MED,34344376,34344376,PMC8335870,10.1186/s12931-021-01807-8,Cost drivers in the pharmacological treatment of interstitial lung disease.,"Maqhuzu PN, Kreuter M, Bahmer T, Kahn N, Claussen M, Holle R, Schwarzkopf L.",,2021,2021-08-03,,eng,Y,Y,Y,9,yes,https://respiratory-research.biomedcentral.com/track/pdf/10.1186/s12931-021-01807-8
826,PPR,PPR377499,,,10.21203/rs.3.rs-729282/v1,Integration of Transcriptomic and Proteomic Profiles Identifies Potential Biomarkers in Idiopathic Pulmonary Fibrosis,"Zheng P, Sun S, Wang J, Cheng ZJ, Lei KC, Xue M, Zhang T, Huang H, Zhang XD, Sun B.",,2021,2021-08-02,,,N,N,N,0,no,https://www.researchsquare.com/article/rs-729282/v1.pdf?c=1631901626000
827,MED,34446559,34446559,PMC8536316,10.1073/pnas.2106685118,LRRK2 plays essential roles in maintaining lung homeostasis and preventing the development of pulmonary fibrosis.,"Tian Y, Lv J, Su Z, Wu T, Li X, Hu X, Zhang J, Wu L.",,2021,2021-08-01,,eng,N,Y,Y,60,yes,https://doi.org/10.1073/pnas.2106685118
828,MED,34318695,34318695,,10.1152/ajplung.00310.2021,From pulmonary fibrosis to progressive pulmonary fibrosis: a lethal pathobiological jump.,"Selman M, Pardo A.",,2021,2021-07-28,,eng,N,N,N,13,yes,https://doi.org/10.1152/ajplung.00310.2021
829,PPR,PPR375303,,,10.21203/rs.3.rs-713223/v1,Periostin: A Biomarker Useful in Treating Patients with Progressive Fibrosing Interstitial Lung Diseases,"Takai M, Ono J, Okamoto M, Fujimoto K, Kamei A, Nunomura S, Nanri Y, Ohta S, Hoshino T, Azuma A, Izuhara K.",,2021,2021-07-27,,,N,N,N,0,no,https://www.researchsquare.com/article/rs-713223/latest.pdf
830,MED,34289823,34289823,PMC8293560,10.1186/s12890-021-01598-0,Exposure-safety analyses of nintedanib in patients with chronic fibrosing interstitial lung disease.,"Schmid U, Weber B, Sarr C, Freiwald M.",,2021,2021-07-21,,eng,Y,Y,Y,17,yes,https://bmcpulmmed.biomedcentral.com/counter/pdf/10.1186/s12890-021-01598-0
831,MED,34251197,34251197,PMC8300879,10.1021/acs.jmedchem.1c00184,"Harnessing the Role of HDAC6 in Idiopathic Pulmonary Fibrosis: Design, Synthesis, Structural Analysis, and Biological Evaluation of Potent Inhibitors.","Campiani G, Cavella C, Osko JD, Brindisi M, Relitti N, Brogi S, Saraswati AP, Federico S, Chemi G, Maramai S, Carullo G, Jaeger B, Carleo A, Benedetti R, Sarno F, Lamponi S, Rottoli P, Bargagli E, Bertucci C, Tedesco D, Herp D, Senger J, Ruberti G, Saccoccia F, Saponara S, Gorelli B, Valoti M, Kennedy B, Sundaramurthi H, Butini S, Jung M, Roach KM, Altucci L, Bradding P, Christianson DW, Gemma S, Prasse A.",,2021,2021-07-12,,eng,N,Y,Y,46,yes,https://doi.org/10.1021/acs.jmedchem.1c00184
832,MED,33678609,33678609,PMC8264777,10.1183/13993003.00221-2021,The burden of progressive fibrotic interstitial lung disease across the UK.,"Simpson T, Barratt SL, Beirne P, Chaudhuri N, Crawshaw A, Crowley LE, Fletcher S, Gibbons MA, Hallchurch P, Horgan L, Jakaityte I, Lewis T, McLellan T, Myall KJ, Miller R, Smith DJF, Stanel S, Thillai M, Thompson F, Wallis T, Wu Z, Molyneaux PL, West AG.",,2021,2021-07-08,,eng,Y,Y,Y,56,yes,https://doi.org/10.1183/13993003.00221-2021
833,MED,34217681,34217681,,10.1016/j.chest.2021.06.049,Impact of Antifibrotic Therapy on Mortality and Acute Exacerbation in Idiopathic Pulmonary Fibrosis: A Systematic Review and Meta-Analysis.,"Petnak T, Lertjitbanjong P, Thongprayoon C, Moua T.",,2021,2021-07-02,,eng,N,N,N,149,yes,https://doi.org/10.1016/j.chest.2021.06.049
834,MED,34256008,34256008,PMC8437123,10.1164/rccm.v204erratum1,Erratum: Senescence of Alveolar Type 2 Cells Drives Progressive Pulmonary Fibrosis.,,,2021,2021-07-01,,eng,Y,Y,Y,3,yes,https://doi.org/10.1164/rccm.v204erratum1
835,MED,34138813,34138813,PMC8213001,10.1097/01.npr.0000743332.64602.aa,Management and support of patients with fibrosing interstitial lung diseases.,"Barbera T, Davila L, Patel NM.",,2021,2021-07-01,,eng,Y,Y,Y,4,yes,https://journals.lww.com/tnpj/Fulltext/2021/07000/Management_and_support_of_patients_with_fibrosing.9.aspx
836,MED,34209809,34209809,PMC8267738,10.3390/ijms22137012,Cellular Senescence in Lung Fibrosis.,"Hernandez-Gonzalez F, Faner R, Rojas M, Agustí A, Serrano M, Sellarés J, Sellarés J.",,2021,2021-06-29,,eng,Y,Y,Y,61,yes,https://www.mdpi.com/1422-0067/22/13/7012/pdf?version=1625112611
837,MED,34156606,34156606,PMC8279991,10.1007/s12325-021-01786-8,Prevalence and Incidence of Chronic Fibrosing Interstitial Lung Diseases with a Progressive Phenotype in the United States Estimated in a Large Claims Database Analysis.,"Olson AL, Patnaik P, Hartmann N, Bohn RL, Garry EM, Wallace L.",,2021,2021-06-17,,eng,Y,Y,Y,35,yes,https://doi.org/10.1007/s12325-021-01786-8
838,MED,34118430,34118430,,10.1016/j.jbspin.2021.105237,Fibrosing interstitial lung disease in primary Sjogren syndrome.,"Manfredi A, Vacchi C, DellaCasa G, Cerri S, Cassone G, Di Cecco G, Luppi F, Salvarani C, Sebastiani M.",,2021,2021-06-09,,eng,N,N,N,12,yes,https://doi.org/10.1016/j.jbspin.2021.105237
839,MED,34141436,34141436,PMC8180387,10.1002/rcr2.800,"Dyspnoea with progressive ""idiopathic"" pulmonary fibrosis.","Puri C, Harish V, Rhee K, Slack DF.",,2021,2021-06-06,,eng,Y,Y,Y,2,yes,https://doi.org/10.1002/rcr2.800
840,MED,34415849,34415849,PMC9488241,10.1183/16000617.0050-2021,Antifibrotic drugs in lung transplantation and chronic lung allograft dysfunction: a review.,"Bos S, De Sadeleer LJ, Vanstapel A, Beeckmans H, Sacreas A, Yserbyt J, Wuyts WA, Vos R.",,2021,2021-06-01,,eng,Y,Y,Y,14,yes,https://doi.org/10.1183/16000617.0050-2021
841,MED,34062592,34062592,,10.1055/a-1334-7479,[Lung involvement in rheumatic diseases].,"Bastian H, Krause A.",,2021,2021-06-01,,ger,N,N,N,0,yes,https://doi.org/10.1055/a-1334-7479
842,MED,34044517,34044517,,10.3760/cma.j.cn112137-2020831-02514,[Interstitial lung disease revisited].,"Jiang HD, Chen B.",,2021,2021-06-01,,chi,N,N,N,1,yes,https://doi.org/10.3760/cma.j.cn112137-2020831-02514
843,MED,34024407,34024407,,10.1016/j.ccm.2021.03.008,Diagnosis and Management of Fibrotic Interstitial Lung Diseases.,"Collins BF, Luppi F.",,2021,2021-06-01,,eng,N,N,N,15,yes,https://doi.org/10.1016/j.ccm.2021.03.008
844,MED,33406369,33406369,PMC8456888,10.1165/rcmb.2020-0542ma,"Persistent, Progressive Pulmonary Fibrosis and Epithelial Remodeling in Mice.","Redente EF, Black BP, Backos DS, Bahadur AN, Humphries SM, Lynch DA, Tuder RM, Zemans RL, Riches DWH.",,2021,2021-06-01,,eng,N,Y,Y,94,yes,https://doi.org/10.1165/rcmb.2020-0542MA
845,MED,34076172,34076172,PMC8332714,10.36416/1806-3756/e20200096,Importance of chest HRCT in the diagnostic evaluation of fibrosing interstitial lung diseases.,"Torres PPTES, Rabahi MF, Moreira MADC, Escuissato DL, Meirelles GSP, Marchiori E.",,2021,2021-05-31,,eng,Y,Y,Y,16,yes,https://doi.org/10.36416/1806-3756/e20200096
846,MED,34070297,34070297,PMC8197477,10.3390/jcm10112285,Antifibrotic Therapies and Progressive Fibrosing Interstitial Lung Disease (PF-ILD): Building on INBUILD.,"Shumar JN, Chandel A, King CS.",,2021,2021-05-25,,eng,Y,Y,Y,23,yes,https://www.mdpi.com/2077-0383/10/11/2285/pdf?version=1621927421
847,MED,34030695,34030695,PMC8147348,10.1186/s12931-021-01749-1,"Estimates of epidemiology, mortality and disease burden associated with progressive fibrosing interstitial lung disease in France (the PROGRESS study).","Nasser M, Larrieu S, Boussel L, Si-Mohamed S, Bazin F, Marque S, Massol J, Thivolet-Bejui F, Chalabreysse L, Maucort-Boulch D, Hachulla E, Jouneau S, Le Lay K, Cottin V.",,2021,2021-05-24,,eng,Y,Y,Y,59,yes,https://respiratory-research.biomedcentral.com/track/pdf/10.1186/s12931-021-01749-1
848,MED,33989328,33989328,PMC8121296,10.1371/journal.pone.0251636,The safety of nintedanib for the treatment of interstitial lung disease: A systematic review and meta-analysis of randomized controlled trials.,"Chen CH, Lin HC, Wang YH, Wang CY, Lin YS, Lai CC.",,2021,2021-05-14,,eng,Y,Y,Y,23,yes,https://doi.org/10.1371/journal.pone.0251636
849,MED,33965510,33965510,PMC8217286,10.1016/j.phrs.2021.105605,Repurposing Nintedanib for pathological cardiac remodeling and dysfunction.,"Umbarkar P, Singh AP, Tousif S, Zhang Q, Sethu P, Lal H.",,2021,2021-05-13,,eng,N,Y,Y,19,yes,https://doi.org/10.1016/j.phrs.2021.105605
850,MED,33975369,33975369,,10.1055/a-1482-2403,[Metastatic Pulmonary Calcification: A Rare Entity in the Differential Diagnosis Examination of Interstitial Lung Diseases].,"Groß T, Woziwodski A, Simka S.",,2021,2021-05-11,,ger,N,N,N,0,yes,https://doi.org/10.1055/a-1482-2403
851,MED,34041256,34041256,PMC8141562,10.3389/fmed.2021.680997,"Biomarkers in Progressive Fibrosing Interstitial Lung Disease: Optimizing Diagnosis, Prognosis, and Treatment Response.","Bowman WS, Echt GA, Oldham JM.",,2021,2021-05-10,,eng,Y,Y,Y,51,yes,https://www.frontiersin.org/articles/10.3389/fmed.2021.680997/pdf
852,MED,34003618,34003618,,10.37765/ajmc.2021.88657,The spectrum of progressive fibrosis interstitial lung disease: clinical and managed care considerations.,"Hamblin MJ, Kaner RJ, Owens GM.",,2021,2021-05-01,,eng,N,N,N,1,yes,https://doi.org/10.37765/ajmc.2021.88657
853,MED,33965125,33965125,,10.1016/j.chest.2021.02.027,A Comprehensive Family Health History and Genetic Analyses Are Complementary in the Detection of Risk for Progressive Pulmonary Fibrosis.,"Terwiel M, van Moorsel CHM.",,2021,2021-05-01,,eng,N,N,N,0,yes,https://doi.org/10.1016/j.chest.2021.02.027
854,MED,33885986,33885986,PMC8060905,10.1007/s00508-021-01874-3,"Consensus-Statement der Österreichischen Gesellschaften für Pneumologie und Rheumatologie zur Definition, Evaluation und Therapie von progredient fibrosierenden interstitiellen Lungenerkrankungen (pfILD).","Lang D, Moazedi-Fürst F, Sautner J, Prosch H, Handzhiev S, Hackner K, Tancevski I, Flick H, Koller H, Kiener HP, Prior C, Lamprecht B.",,2021,2021-05-01,,ger,Y,Y,Y,0,yes,https://link.springer.com/content/pdf/10.1007/s00508-021-01874-3.pdf
855,MED,33905679,33905679,,10.1016/j.chest.2021.04.037,Incidence and Prognostic Significance of Hypoxemia in Fibrotic Interstitial Lung Disease: An International Cohort Study.,"Khor YH, Gutman L, Abu Hussein N, Johannson KA, Glaspole IN, Guler SA, Funke-Chambour M, Geiser T, Goh NSL, Ryerson CJ.",,2021,2021-04-24,,eng,N,N,N,38,yes,https://doi.org/10.1016/j.chest.2021.04.037
856,MED,33922858,33922858,PMC8146750,10.3390/diagnostics11050762,Evaluation of Correlations between Genetic Variants and High-Resolution Computed Tomography Patterns in Idiopathic Pulmonary Fibrosis.,"Baratella E, Ruaro B, Giudici F, Wade B, Santagiuliana M, Salton F, Confalonieri P, Simbolo M, Scarpa A, Tollot S, Marrocchio C, Cova MA, Confalonieri M.",,2021,2021-04-23,,eng,Y,Y,Y,54,yes,https://www.mdpi.com/2075-4418/11/5/762/pdf?version=1619354586
857,MED,33323453,33323453,,10.1136/oemed-2020-107046,Telomerase gene variants and telomere shortening in patients with silicosis or asbestosis.,"Fan Y, Zheng C, Wu N, Li Y, Huang X, Ye Q.",,2021,2021-04-15,,eng,N,N,N,11,yes,https://doi.org/10.1136/oemed-2020-107046
858,PMC,PMC8135629,,PMC8135629,,P147 Safety of AbatacePt in Rheumatoid arthritis associated Interstitial Lung disease (APRIL),"Gudu T, Stober C, Fifield M, Babar J, Ostor A, Parfrey H, Hall F.",,2021,2021-04-01,,eng,Y,Y,Y,0,no,https://www.ncbi.nlm.nih.gov/pmc/articles/PMC8135629/?tool=EBI
859,MED,34347398,34347398,,,Pharmacoeconomic Report: Nintedanib (Ofev): Boehringer Ingelheim Canada Ltd: Indication: Chronic Fibrosing Interstitial Lung Diseases,,,2021,2021-04-01,,eng,Y,Y,Y,0,yes,http://europepmc.org/books/NBK572550
860,MED,34339146,34339146,,,Clinical Review Report: Nintedanib (Ofev): (Boehringer Ingelheim Canada Ltd.): Indication: Chronic Fibrosing Interstitial Lung Diseases,,,2021,2021-04-01,,eng,Y,Y,Y,0,yes,http://europepmc.org/books/NBK572456
861,MED,34164554,34164554,PMC8215331,10.1183/23120541.00805-2020,"Study design of a randomised, placebo-controlled trial of nintedanib in children and adolescents with fibrosing interstitial lung disease.","Deterding R, Griese M, Deutsch G, Warburton D, DeBoer EM, Cunningham S, Clement A, Schwerk N, Flaherty KR, Brown KK, Voss F, Schmid U, Schlenker-Herceg R, Verri D, Dumistracel M, Schiwek M, Stowasser S, Tetzlaff K, Clerisme-Beaty E, Young LR.",,2021,2021-04-01,,eng,Y,Y,Y,19,yes,https://openres.ersjournals.com/content/erjor/7/2/00805-2020.full.pdf
862,MED,34084786,34084786,PMC8165375,10.1183/23120541.00691-2020,Telomere shortening and DNA damage in culprit cells of different types of progressive fibrosing interstitial lung disease.,"van Batenburg AA, Kazemier KM, van Oosterhout MFM, van der Vis JJ, Grutters JC, Goldschmeding R, van Moorsel CHM.",,2021,2021-04-01,,eng,Y,Y,Y,31,yes,https://doi.org/10.1183/23120541.00691-2020
863,MED,34046493,34046493,PMC8141833,10.1183/23120541.00145-2020,The Living with Pulmonary Fibrosis questionnaire in progressive fibrosing interstitial lung disease.,"Swigris J, Cutts K, Male N, Baldwin M, Rohr KB, Bushnell DM.",,2021,2021-04-01,,eng,N,Y,Y,32,yes,https://openres.ersjournals.com/content/erjor/7/2/00145-2020.full.pdf
864,MED,33787626,33787626,PMC8021292,10.1097/md.0000000000025322,"Clinical characteristics of non-idiopathic pulmonary fibrosis, progressive fibrosing interstitial lung diseases: A single-center retrospective study.","Komatsu M, Yamamoto H, Kitaguchi Y, Kawakami S, Matsushita M, Uehara T, Kinjo T, Wada Y, Ichiyama T, Urushihata K, Ushiki A, Yasuo M, Hanaoka M.",,2021,2021-04-01,,eng,Y,Y,Y,12,yes,https://doi.org/10.1097/md.0000000000025322
865,MED,33798456,33798456,,10.1016/s2213-2600(21)00173-9,Pirfenidone in patients with non-IPF progressive fibrotic interstitial lung diseases: expert guidance is urgently needed.,Wells AU.,,2021,2021-03-30,,eng,N,N,N,5,yes,https://doi.org/10.1016/S2213-2600(21)00173-9
866,MED,33798455,33798455,,10.1016/s2213-2600(20)30554-3,"Pirfenidone in patients with progressive fibrotic interstitial lung diseases other than idiopathic pulmonary fibrosis (RELIEF): a double-blind, randomised, placebo-controlled, phase 2b trial.","Behr J, Prasse A, Kreuter M, Johow J, Rabe KF, Bonella F, Bonnet R, Grohe C, Held M, Wilkens H, Hammerl P, Koschel D, Blaas S, Wirtz H, Ficker JH, Neumeister W, Schönfeld N, Claussen M, Kneidinger N, Frankenberger M, Hummler S, Kahn N, Tello S, Freise J, Welte T, Neuser P, Günther A, RELIEF investigators.",,2021,2021-03-30,,eng,N,N,N,374,yes,https://push-zb.helmholtz-muenchen.de/deliver.php?id=32778
867,MED,33779080,33779080,PMC8126753,10.1002/acr2.11253,Detection and Management of Interstitial Lung Diseases Associated With Connective Tissue Diseases.,"Castelino FV, Moua T.",,2021,2021-03-28,,eng,Y,Y,Y,16,yes,https://doi.org/10.1002/acr2.11253
868,MED,33765296,33765296,PMC8163683,10.1007/s40265-021-01487-0,Nintedanib: A Review in Fibrotic Interstitial Lung Diseases.,Lamb YN.,,2021,2021-03-25,,eng,Y,Y,Y,116,yes,https://link.springer.com/content/pdf/10.1007/s40265-021-01487-0.pdf
869,MED,33807034,33807034,PMC8004662,10.3390/jcm10061330,"Progression in the Management of Non-Idiopathic Pulmonary Fibrosis Interstitial Lung Diseases, Where Are We Now and Where We Would Like to Be.","Goos T, De Sadeleer LJ, Yserbyt J, Verleden GM, Vermant M, Verleden SE, Wuyts WA.",,2021,2021-03-23,,eng,Y,Y,Y,12,yes,https://www.mdpi.com/2077-0383/10/6/1330/pdf?version=1616644036
870,MED,33726766,33726766,PMC7962343,10.1186/s12931-021-01668-1,Nintedanib and immunomodulatory therapies in progressive fibrosing interstitial lung diseases.,"Cottin V, Richeldi L, Rosas I, Otaola M, Song JW, Tomassetti S, Wijsenbeek M, Schmitz M, Coeck C, Stowasser S, Schlenker-Herceg R, Kolb M, INBUILD Trial Investigators.",,2021,2021-03-16,,eng,Y,Y,Y,49,yes,https://doi.org/10.1186/s12931-021-01668-1
871,MED,33798871,33798871,,10.1016/j.rmed.2021.106369,Exposure-efficacy analyses of nintedanib in patients with chronic fibrosing interstitial lung disease.,"Schmid U, Weber B, Magnusson MO, Freiwald M.",,2021,2021-03-14,,eng,N,N,N,10,yes,http://www.resmedjournal.com/article/S0954611121000755/pdf
872,MED,33768094,33768094,PMC7985078,10.3389/fcell.2021.639657,Therapeutic Applications of Mesenchymal Stem Cells in Idiopathic Pulmonary Fibrosis.,"Yang S, Liu P, Jiang Y, Wang Z, Dai H, Wang C.",,2021,2021-03-09,,eng,Y,Y,Y,47,yes,https://www.frontiersin.org/articles/10.3389/fcell.2021.639657/pdf
873,MED,33763326,33763326,PMC7974026,10.1016/j.rmcr.2021.101385,Three cases of sequential treatment with nintedanib following pulsed-dose corticosteroids for acute exacerbation of interstitial lung diseases.,"Nakashima K, Yanagihara T, Ishida S, Ogo N, Egashira A, Asoh T, Maeyama T.",,2021,2021-03-09,,eng,Y,Y,Y,3,yes,https://doi.org/10.1016/j.rmcr.2021.101385
874,MED,33654111,33654111,PMC7925580,10.1038/s41598-021-81591-z,Occupational and environmental risk factors of idiopathic pulmonary fibrosis: a systematic review and meta-analyses.,"Park Y, Ahn C, Kim TH.",,2021,2021-03-02,,eng,Y,Y,Y,79,yes,https://www.nature.com/articles/s41598-021-81591-z.pdf
875,MED,33470673,33470673,,10.1097/mcp.0000000000000763,An update on hypersensitivity pneumonitis: what a clinician wants to know.,"Huntley CC, Walters GI.",,2021,2021-03-01,,eng,N,N,N,3,yes,https://doi.org/10.1097/MCP.0000000000000763
876,MED,32991815,32991815,PMC7958503,10.1164/rccm.202004-1274oc,Senescence of Alveolar Type 2 Cells Drives Progressive Pulmonary Fibrosis.,"Yao C, Guan X, Carraro G, Parimon T, Liu X, Huang G, Mulay A, Soukiasian HJ, David G, Weigt SS, Belperio JA, Chen P, Jiang D, Noble PW, Stripp BR.",,2021,2021-03-01,,eng,N,Y,Y,418,yes,https://doi.org/10.1164/rccm.202004-1274OC
877,MED,33717159,33717159,PMC7952638,10.3389/fimmu.2021.630096,Club Cell Loss as a Feature of Bronchiolization in ILD.,"Reynaud P, Ahmed E, Serre I, Knabe L, Bommart S, Suehs C, Vachier I, Berthet JP, Romagnoli M, Vernisse C, Mallet JP, Gamez AS, Bourdin A.",,2021,2021-02-26,,eng,Y,Y,Y,15,yes,https://doi.org/10.3389/fimmu.2021.630096
878,MED,33618993,33618993,,10.1016/j.resinv.2021.01.002,Predictive factors for the long-term use of pirfenidone in patients with fibrosing interstitial lung disease.,"Katano T, Sekine A, Ikeda S, Yamakawa H, Misumi T, Okabayashi H, Okuda R, Kitamura H, Baba T, Komatsu S, Hagiwara E, Ogura T.",,2021,2021-02-19,,eng,N,N,N,2,yes,https://doi.org/10.1016/j.resinv.2021.01.002
879,MED,32943410,32943410,PMC8411897,10.1183/13993003.02718-2020,Progressive fibrosing interstitial lung disease: a clinical cohort (the PROGRESS study).,"Nasser M, Larrieu S, Si-Mohamed S, Ahmad K, Boussel L, Brevet M, Chalabreysse L, Fabre C, Marque S, Revel D, Thivolet-Bejui F, Traclet J, Zeghmar S, Maucort-Boulch D, Cottin V.",,2021,2021-02-11,,eng,Y,Y,Y,148,yes,https://doi.org/10.1183/13993003.02718-2020
880,MED,33545039,33545039,,10.1016/j.cell.2021.01.020,Progressive pulmonary fibrosis is caused by elevated mechanical tension on alveolar stem cells.,"Wu H, Yu Y, Huang H, Hu Y, Fu S, Wang Z, Shi M, Zhao X, Yuan J, Li J, Yang X, Bin E, Wei D, Zhang H, Zhang J, Yang C, Cai T, Dai H, Chen J, Tang N.",,2021,2021-02-01,,eng,N,N,N,29,yes,https://doi.org/10.1016/j.cell.2021.01.020
881,MED,33515067,33515067,PMC8079289,10.1007/s00296-020-04773-4,Does methotrexate cause progressive fibrotic interstitial lung disease? A systematic review.,"Dawson JK, Quah E, Earnshaw B, Amoasii C, Mudawi T, Spencer LG.",,2021,2021-01-29,,eng,Y,Y,Y,29,yes,https://link.springer.com/content/pdf/10.1007/s00296-020-04773-4.pdf
882,MED,33513653,33513653,,10.1055/a-1239-3728,[Antifibrotic therapy - new approvals for non-IPF interstitial lung diseases].,"Markart P, Drakopanagiotakis F, Wygrecka M.",,2021,2021-01-29,,ger,N,N,N,0,yes,https://doi.org/10.1055/a-1239-3728
883,MED,33400381,33400381,,10.1111/crj.13322,Idiopathic pulmonary fibrosis-A challenging disease with new horizons and changing therapeutic landscape.,Fahim A.,,2021,2021-01-27,,eng,N,N,N,0,yes,https://doi.org/10.1111/crj.13322
884,MED,33505482,33505482,PMC7813437,10.7573/dic.2020-8-6,Antifibrotic drugs in connective tissue disease-related interstitial lung disease (CTD-ILD): from mechanistic insights to therapeutic applications.,"Erre GL, Sebastiani M, Manfredi A, Gerratana E, Atzeni F, Passiu G, Mangoni AA.",,2021,2021-01-15,,eng,Y,Y,Y,7,yes,https://doi.org/10.7573/dic.2020-8-6
885,MED,33287583,33287583,,10.1080/03007995.2020.1860920,"Current monitoring and treatment of progressive fibrosing interstitial lung disease: a survey of physicians in Japan, the United States, and the European Union.","Takizawa A, Kamita M, Kondoh Y, Bando M, Kuwana M, Inoue Y.",,2021,2021-01-11,,eng,N,N,N,9,yes,https://doi.org/10.1080/03007995.2020.1860920
886,MED,33402146,33402146,PMC7786457,10.1186/s12890-020-01377-3,MiR-608 overexpression in idiopathic pulmonary fibrosis (IPF).,"Epstein Shochet G, Israeli-Shani L, Kains I, Wand O, Shitrit D.",,2021,2021-01-05,,eng,Y,Y,Y,3,yes,https://bmcpulmmed.biomedcentral.com/track/pdf/10.1186/s12890-020-01377-3
887,MED,34477452,34477452,PMC8422822,10.1177/17534666211039771,Monitoring and management of fibrosing interstitial lung diseases: a narrative review for practicing clinicians.,"Nambiar AM, Walker CM, Sparks JA.",,2021,2021-01-01,,eng,Y,Y,Y,18,yes,https://doi.org/10.1177/17534666211039771
888,MED,33966265,33966265,,10.5603/arm.a2021.0023,Antifibrotics for COVID-19 related lung fibrosis: Agents with benefits?,"Mishra M, Sindhwani G.",,2021,2021-01-01,,eng,N,N,N,6,yes,https://www.mdpi.com/2543-6031/89/2/231/pdf?version=1656408096
889,MED,33878985,33878985,PMC8064517,10.1177/1753466621995045,Gene fusion of IL7 involved in the regulation of idiopathic pulmonary fibrosis.,"Sun S, Huang C, Leng D, Chen C, Zhang T, Lei KC, Zhang XD.",,2021,2021-01-01,,eng,Y,Y,Y,3,yes,https://doi.org/10.1177/1753466621995045
890,MED,33507663,33507663,,,[Novel therapies in respiratory management].,"Schmit A, Guerreiro I, Plojoux J, Janssens JP, Adler D.",,2021,2021-01-01,,fre,N,N,N,0,yes,
891,MED,32964766,32964766,,10.1080/14397595.2020.1826665,Progressive fibrosing interstitial lung diseases: A new concept and indication of nintedanib.,Makino S.,,2021,2021-01-01,,eng,N,N,N,20,yes,https://www.tandfonline.com/doi/pdf/10.1080/14397595.2020.1826665?needAccess=true
892,ETH,839654,,,,The role of metabolic reprogramming in the pathogenesis of idiopathic pulmonary fibrosis,Selvarajah B.,,2021,2021-01-01,,eng,N,N,N,0,no,https://ethos.bl.uk/OrderDetails.do?uin=uk.bl.ethos.839654
893,MED,33379351,33379351,PMC7796180,10.3390/ijms22010225,Pathological Insight into 5-HT<sub>2B</sub> Receptor Activation in Fibrosing Interstitial Lung Diseases.,"Löfdahl A, Tornling G, Wigén J, Larsson-Callerfelt AK, Wenglén C, Westergren-Thorsson G.",,2020,2020-12-28,,eng,Y,Y,Y,17,yes,https://doi.org/10.3390/ijms22010225
894,PPR,PPR255888,,,10.1101/2020.12.21.423817,Repurposing Nintedanib for Pathological Cardiac Remodeling and Dysfunction,"Umbarkar P, Singh AP, Tousif S, Zhang Q, Sethu P, Lal H.",,2020,2020-12-22,,,N,N,N,0,no,https://www.biorxiv.org/content/biorxiv/early/2020/12/22/2020.12.21.423817.full.pdf
895,MED,33334779,33334779,PMC7786254,10.1183/13993003.03967-2020,"Reply to comment on ""The natural history of progressive fibrosing interstitial lung diseases"".","Brown KK, Schlenker-Herceg R, Wells AU.",,2020,2020-12-17,,eng,Y,Y,Y,3,yes,https://doi.org/10.1183/13993003.03967-2020
896,MED,33334778,33334778,,10.1183/13993003.03508-2020,"Comment on ""The natural history of progressive fibrosing interstitial lung diseases"".","Moodley YP, Zappala C, Tedja C, Clynick B, Tan DBA, Walters EH.",,2020,2020-12-17,,eng,N,N,N,0,yes,https://erj.ersjournals.com/content/erj/56/6/2003508.full.pdf
897,MED,33315170,33315170,PMC7889674,10.1007/s12325-020-01578-6,Estimation of the Prevalence of Progressive Fibrosing Interstitial Lung Diseases: Systematic Literature Review and Data from a Physician Survey.,"Olson A, Hartmann N, Patnaik P, Wallace L, Schlenker-Herceg R, Nasser M, Richeldi L, Hoffmann-Vold AM, Cottin V.",,2021,2020-12-14,,eng,Y,Y,Y,74,yes,https://link.springer.com/content/pdf/10.1007/s12325-020-01578-6.pdf
898,MED,33287805,33287805,PMC7720501,10.1186/s12931-020-01579-7,A cluster-based analysis evaluating the impact of comorbidities in fibrotic interstitial lung disease.,"Wong AW, Lee TY, Johannson KA, Assayag D, Morisset J, Fell CD, Fisher JH, Shapera S, Gershon AS, Cox G, Halayko AJ, Hambly N, Manganas H, Sadatsafavi M, Wilcox PG, To T, Marcoux V, Khalil N, Kolb M, Ryerson CJ.",,2020,2020-12-07,,eng,Y,Y,Y,25,yes,https://doi.org/10.1186/s12931-020-01579-7
899,MED,33264777,33264777,,10.1159/000509556,Progressive Fibrosing Interstitial Lung Diseases: Prevalence and Characterization in Two Italian Referral Centers.,"Faverio P, Piluso M, De Giacomi F, Della Zoppa M, Cassandro R, Harari S, Luppi F, Pesci A.",,2020,2020-12-02,,eng,N,N,N,39,yes,https://doi.org/10.1159/000509556
900,MED,33253258,33253258,PMC7703970,10.1371/journal.pone.0242860,Causes of acute respiratory hospitalizations predict survival in fibrosing interstitial lung diseases.,"Salonen J, Vähänikkilä H, Purokivi M, Kaarteenaho R.",,2020,2020-11-30,,eng,Y,Y,Y,15,yes,https://journals.plos.org/plosone/article/file?id=10.1371/journal.pone.0242860&type=printable
901,PPR,PPR239372,,,10.1101/2020.11.16.20229591,The burden of Progressive Fibrotic Interstitial lung disease across the UK,"Simpson T, Barratt SL, Beirne P, Chaudhuri N, Crawshaw A, Crowley LE, Fletcher S, Gibbons MA, Hallchurch P, Horgan L, Jakaityte I, Lewis T, McLellan T, Miller R, Stanel S, Thillai M, Thompson F, Wu Z, Molyneaux PL, West AG.",,2020,2020-11-18,,,N,N,N,0,no,https://www.medrxiv.org/content/medrxiv/early/2020/11/18/2020.11.16.20229591.full.pdf
902,MED,33163354,33163354,PMC7606860,10.1016/j.rmcr.2020.101272,Nintedanib and intensive immunosuppressive therapy to treat rapidly progressive interstitial lung disease presenting anti-ARS antibodies.,"Yanagihara T, Suzuki K, Egashira A, Ogo N, Asoh T, Nara T, Takatsuki K, Yoshizawa S, Chong SG, Hamada N, Maeyama T.",,2020,2020-10-28,,eng,Y,Y,Y,4,yes,https://doi.org/10.1016/j.rmcr.2020.101272
903,MED,33081788,33081788,PMC7576807,10.1186/s12931-020-01545-3,"Automated computed tomography quantification of fibrosis predicts prognosis in combined pulmonary fibrosis and emphysema in a real-world setting: a single-centre, retrospective study.","Nemoto M, Nei Y, Bartholmai B, Yoshida K, Matsui H, Nakashita T, Motojima S, Aoshima M, Ryu JH.",,2020,2020-10-20,,eng,Y,Y,Y,18,yes,https://doi.org/10.1186/s12931-020-01545-3
904,MED,33076914,33076914,PMC7574190,10.1186/s12931-020-01524-8,Variability of forced vital capacity in progressive interstitial lung disease: a prospective observational study.,"Veit T, Barnikel M, Crispin A, Kneidinger N, Ceelen F, Arnold P, Munker D, Schmitzer M, Barton J, Schiopu S, Schiller HB, Frankenberger M, Milger K, Behr J, Neurohr C, Leuschner G.",,2020,2020-10-19,,eng,Y,Y,Y,33,yes,https://doi.org/10.1186/s12931-020-01524-8
905,PPR,PPR224787,,,10.21203/rs.3.rs-41987/v2,"Automated computed tomography quantification of fibrosis predicts prognosis in combined pulmonary fibrosis and emphysema in a real-world setting-A single-centre, retrospective study","Nemoto M, Nei Y, Bartholmai B, Yoshida K, Matsui H, Nakashita T, Motojima S, Aoshima M, Ryu JH.",,2020,2020-10-12,,,N,N,N,0,no,https://www.researchsquare.com/article/rs-41987/v2.pdf?c=1602529128000
906,MED,33037004,33037004,PMC7815631,10.1136/annrheumdis-2020-217230,Mechanisms of progressive fibrosis in connective tissue disease (CTD)-associated interstitial lung diseases (ILDs).,"Spagnolo P, Distler O, Ryerson CJ, Tzouvelekis A, Lee JS, Bonella F, Bouros D, Hoffmann-Vold AM, Crestani B, Matteson EL.",,2021,2020-10-09,,eng,Y,Y,Y,182,yes,https://ard.bmj.com/content/annrheumdis/80/2/143.full.pdf
907,MED,32609544,32609544,,10.1513/annalsats.202003-214ps,Progressive Fibrosing Interstitial Lung Disease. A Proposed Integrated Algorithm for Management.,"Varone F, Sgalla G, Iovene B, Richeldi L.",,2020,2020-10-01,,eng,N,N,N,4,yes,https://doi.org/10.1513/AnnalsATS.202003-214PS
908,MED,32929793,32929793,,10.1111/resp.13942,The unmet care needs of progressive fibrosing interstitial lung disease.,"Sweeney DJ, Khor YH, Goh NSL.",,2020,2020-09-14,,eng,N,N,N,5,yes,https://onlinelibrary.wiley.com/doi/pdfdirect/10.1111/resp.13942
909,MED,32919933,32919933,,10.1016/j.resinv.2020.08.002,Human epididymis protein 4 is a new biomarker to predict the prognosis of progressive fibrosing interstitial lung disease.,"Nishiyama N, Masuo M, Nukui Y, Tateishi T, Kishino M, Tateishi U, Morota K, Ohbo K, Miyazaki Y.",,2021,2020-09-09,,eng,N,N,N,15,yes,https://www.researchsquare.com/article/rs-18084/v1.pdf
910,MED,32918977,32918977,,10.1016/j.lfs.2020.118399,Endogenous tryptophan metabolite 5-Methoxytryptophan inhibits pulmonary fibrosis by downregulating the TGF-β/SMAD3 and PI3K/AKT signaling pathway.,"Fang L, Chen H, Kong R, Que J.",,2020,2020-09-09,,eng,N,N,N,34,yes,https://doi.org/10.1016/j.lfs.2020.118399
911,MED,32890499,32890499,,10.1016/s2213-2600(20)30355-6,"Progressive fibrosing interstitial lung disease: clinical uncertainties, consensus recommendations, and research priorities.","George PM, Spagnolo P, Kreuter M, Altinisik G, Bonifazi M, Martinez FJ, Molyneaux PL, Renzoni EA, Richeldi L, Tomassetti S, Valenzuela C, Vancheri C, Varone F, Cottin V, Costabel U, Erice ILD working group.",,2020,2020-09-01,,eng,N,N,N,242,yes,http://hdl.handle.net/10044/1/82308
912,MED,32657838,32657838,,10.1097/mcp.0000000000000712,Progressive fibrosing interstitial lung disease: treatable traits and therapeutic strategies.,"Wongkarnjana A, Scallan C, Kolb MRJ.",,2020,2020-09-01,,eng,N,N,N,17,yes,https://doi.org/10.1097/MCP.0000000000000712
913,MED,32841676,32841676,,10.1016/j.pupt.2020.101938,Inhaled nintedanib is well-tolerated and delivers key pharmacokinetic parameters required to treat bleomycin-induced pulmonary fibrosis.,"Surber MW, Beck S, Pham S, Marsden AT, Gandi SK, Baily J, McElroy MC.",,2020,2020-08-22,,eng,N,N,N,29,yes,https://doi.org/10.1016/j.pupt.2020.101938
914,MED,32817115,32817115,PMC9488644,10.1183/16000617.0093-2020,Fibrotic interstitial lung diseases and air pollution: a systematic literature review.,"Harari S, Raghu G, Caminati A, Cruciani M, Franchini M, Mannucci P.",,2020,2020-08-18,,eng,Y,Y,Y,44,yes,https://doi.org/10.1183/16000617.0093-2020
915,MED,32759383,32759383,PMC7509395,10.1136/thoraxjnl-2019-214077,Macrophage-derived exosomes attenuate fibrosis in airway epithelial cells through delivery of antifibrotic miR-142-3p.,"Guiot J, Cambier M, Boeckx A, Henket M, Nivelles O, Gester F, Louis E, Malaise M, Dequiedt F, Louis R, Struman I, Njock MS.",,2020,2020-08-05,,eng,Y,Y,Y,125,yes,https://doi.org/10.1136/thoraxjnl-2019-214077
916,PPR,PPR194556,,,10.1101/2020.07.30.229567,Zinc Metabolic Defect of Aging Alveolar Progenitors in Progressive Pulmonary Fibrosis,"Liang J, Huang G, Liu X, Taghavifar F, Liu N, Wang Y, Deng N, Yao C, Burman A, Xie T, Rowan S, Weigt SS, Belperio J, Stripp B, Parks WC, Jiang D, Noble PW.",,2020,2020-07-30,,,N,N,N,0,no,https://www.biorxiv.org/content/biorxiv/early/2020/07/30/2020.07.30.229567.full.pdf
917,MED,32725637,32725637,PMC7936651,10.1111/nyas.14442,Nutraceuticals as potential therapeutics for vesicant-induced pulmonary fibrosis.,"Businaro R, Maggi E, Armeli F, Murray A, Laskin DL.",,2020,2020-07-29,,eng,N,Y,Y,7,yes,https://doi.org/10.1111/nyas.14442
918,PPR,PPR193245,,,10.21203/rs.3.rs-48065/v1,Mir-608 Overexpression in Idiopathic Pulmonary Fibrosis (IPF) is Related to Acetylcholinesterase Single Nucleotide Polymorphism (SNP),"Shochet GE, Israeli-Shani L, Kains I, Wand O, Shitrit D.",,2020,2020-07-28,,,N,N,N,0,no,https://www.researchsquare.com/article/rs-48065/v1.pdf
919,MED,32765123,32765123,PMC7367740,10.2147/cpaa.s228362,Inhibitors of the Autotaxin-Lysophosphatidic Acid Axis and Their Potential in the Treatment of Interstitial Lung Disease: Current Perspectives.,"Zulfikar S, Mulholland S, Adamali H, Barratt SL.",,2020,2020-07-13,,eng,Y,Y,Y,29,yes,https://doi.org/10.2147/CPAA.S228362
920,MED,32648528,32648528,,10.1177/1049909120938629,Patients With Fibrotic Interstitial Lung Disease Receive Supportive and Palliative Care Just Prior to Death.,"Smallwood N, Mann J, Guo H, Goh N.",,2021,2020-07-10,,eng,N,N,N,20,yes,https://doi.org/10.1177/1049909120938629
921,MED,32567402,32567402,,10.1080/17476348.2020.1784730,The extended utility of antifibrotic therapy in progressive fibrosing interstitial lung disease.,"Sarkar P, Avram C, Chaudhuri N.",,2020,2020-07-06,,eng,N,N,N,4,yes,https://doi.org/10.1080/17476348.2020.1784730
922,MED,33093788,33093788,PMC7569557,10.36141/svdld.v37i2.9276,Rapidly non-ipf progressive fibrosing interstitial lung disease: a phenotype with an ipf-like behavior.,"Khine N, Mudawi D, Rivera-Ortega P, Leonard C, Chaudhuri N, Margaritopoulos GA.",,2020,2020-06-30,,eng,Y,Y,Y,3,yes,https://doi.org/10.36141/svdld.v37i2.9276
923,MED,32591895,32591895,,10.1007/s00408-020-00370-1,Advances in Targeted Therapy for Progressive Fibrosing Interstitial Lung Disease.,"Gibson CD, Kugler MC, Deshwal H, Munger JS, Condos R.",,2020,2020-06-26,,eng,N,N,N,24,yes,https://doi.org/10.1007/s00408-020-00370-1
924,MED,32586840,32586840,,10.1183/13993003.00894-2020,"Progressive fibrosing interstitial lung disease: we know it behaves badly, but what does that mean?","Wongkarnjana A, Ryerson CJ.",,2020,2020-06-25,,eng,N,N,N,1,yes,https://erj.ersjournals.com/content/erj/55/6/2000894.full.pdf
925,MED,32217654,32217654,PMC7315005,10.1183/13993003.00085-2020,The natural history of progressive fibrosing interstitial lung diseases.,"Brown KK, Martinez FJ, Walsh SLF, Thannickal VJ, Prasse A, Schlenker-Herceg R, Goeldner RG, Clerisme-Beaty E, Tetzlaff K, Cottin V, Wells AU.",,2020,2020-06-25,,eng,Y,Y,Y,195,yes,https://doi.org/10.1183/13993003.00085-2020
926,MED,32561352,32561352,,10.1016/j.pulmoe.2020.05.017,Translating Idiopathic pulmonary fibrosis guidelines into clinical practice.,"Robalo-Cordeiro C, Morais A.",,2021,2020-06-16,,eng,N,N,N,7,yes,https://doi.org/10.1016/j.pulmoe.2020.05.017
927,MED,32503224,32503224,PMC7355916,10.3390/jcm9061722,Towards the Essence of Progressiveness: Bringing Progressive Fibrosing Interstitial Lung Disease (PF-ILD) to the Next Stage.,"De Sadeleer LJ, Goos T, Yserbyt J, Wuyts WA.",,2020,2020-06-03,,eng,Y,Y,Y,13,yes,https://www.mdpi.com/2077-0383/9/6/1722/pdf?version=1592887199
928,MED,32636184,32636184,,10.1183/13993003.e5506-2020,June Podcast: The natural history of progressive fibrosing ILD.,,,2020,2020-06-01,,eng,N,N,N,0,yes,https://doi.org/10.1183/13993003.E5506-2020
929,MED,32558455,32558455,,,[Antifibrotic therapy and progressive lung fibrosis].,Fellrath JM.,,2020,2020-06-01,,fre,N,N,N,0,yes,
930,MED,32342119,32342119,,10.1007/s00117-020-00675-5,[Idiopathic pulmonary fibrosis : Radiological diagnosis in light of the current guidelines].,"Hamer OW, Rehbock B, Schaefer-Prokop C.",,2020,2020-06-01,,ger,N,N,N,1,yes,https://doi.org/10.1007/s00117-020-00675-5
931,PPR,PPR166190,,,10.21203/rs.3.rs-29692/v1,Causes of acute respiratory hospitalizations predict survival in fibrosing interstitial lung diseases,"Salonen J, Vähänikkilä H, Purokivi M, Kaarteenaho R.",,2020,2020-05-22,,,N,N,N,0,no,https://www.researchsquare.com/article/rs-29692/v1.pdf?c=1631855730000
932,MED,32445186,32445186,PMC7467418,10.1007/s12325-020-01384-0,The Burden of Progressive Fibrosing Interstitial Lung Disease: A DELPHI Approach.,"Wuyts WA, Papiris S, Manali E, Kilpeläinen M, Davidsen JR, Miedema J, Robalo-Cordeiro C, Morais A, Artés M, Asijee G, Cendoya D, Soulard S.",,2020,2020-05-22,,eng,Y,Y,Y,33,yes,https://doi.org/10.1007/s12325-020-01384-0
933,MED,32451950,32451950,PMC7467408,10.1007/s12325-020-01380-4,Healthcare Resources Utilization and Costs of Patients with Non-IPF Progressive Fibrosing Interstitial Lung Disease Based on Insurance Claims in the USA.,"Olson AL, Maher TM, Acciai V, Mounir B, Quaresma M, Zouad-Lejour L, Wells CD, De Loureiro L.",,2020,2020-05-21,,eng,Y,Y,Y,24,yes,https://link.springer.com/content/pdf/10.1007/s12325-020-01380-4.pdf
934,PPR,PPR164373,,,10.21203/rs.3.rs-18084/v2,Human epididymis protein 4 is a new biomarker to predict the prognosis of progressive fibrosing interstitial lung disease,"Nishiyama N, Masuo M, Nukui Y, Tateishi T, Kishino M, Tateishi U, Morota K, Ohbo K, Miyazaki Y.",,2020,2020-05-18,,,N,N,N,1,no,https://www.researchsquare.com/article/rs-18084/v2.pdf
935,MED,32246191,32246191,,10.1007/s00393-020-00782-7,[Nintedanib in progressive fibrosing interstitial lung diseases].,Hadjiski D.,,2020,2020-05-01,,ger,N,N,N,0,yes,https://doi.org/10.1007/s00393-020-00782-7
936,MED,32332792,32332792,PMC7181726,10.1038/s41467-020-15743-6,Conditional deletion of Nedd4-2 in lung epithelial cells causes progressive pulmonary fibrosis in adult mice.,"Duerr J, Leitz DHW, Szczygiel M, Dvornikov D, Fraumann SG, Kreutz C, Zadora PK, Seyhan Agircan A, Konietzke P, Engelmann TA, Hegermann J, Mulugeta S, Kawabe H, Knudsen L, Ochs M, Rotin D, Muley T, Kreuter M, Herth FJF, Wielpütz MO, Beers MF, Klingmüller U, Mall MA.",,2020,2020-04-24,,eng,Y,Y,Y,68,yes,https://www.nature.com/articles/s41467-020-15743-6.pdf
937,MED,33423442,33423442,PMC7808850,10.4266/acc.2020.00038,Direct hemoperfusion with polymyxin B-immobilized fiber column in a patient with acute exacerbation of idiopathic pulmonary fibrosis.,"Kim SY, Park JH, Kim HJ, Jang HJ, Kim HK, Kim SH, Lee JH.",,2020,2020-04-13,,eng,Y,Y,Y,0,yes,https://www.accjournal.org/upload/pdf/acc-2020-00038.pdf
938,MED,32279292,32279292,,10.1055/s-0040-1701250,Clinical Decision-Making in Hypersensitivity Pneumonitis: Diagnosis and Management.,"Fernández Pérez ER, Koelsch TL, Leone PM, Groshong SD, Lynch DA, Brown KK.",,2020,2020-04-12,,eng,N,N,N,9,yes,https://doi.org/10.1055/s-0040-1701250
939,MED,32268131,32268131,,10.1016/j.chest.2020.03.037,Diagnostic and Prognostic Biomarkers for Chronic Fibrosing Interstitial Lung Diseases With a Progressive Phenotype.,"Inoue Y, Kaner RJ, Guiot J, Maher TM, Tomassetti S, Moiseev S, Kuwana M, Brown KK.",,2020,2020-04-05,,eng,N,N,N,100,yes,http://journal.chestnet.org/article/S0012369220305699/pdf
940,MED,32300359,32300359,PMC7142269,10.3389/fgene.2020.00302,"Analysis of the Interaction Network of Hub miRNAs-Hub Genes, Being Involved in Idiopathic Pulmonary Fibers and Its Emerging Role in Non-small Cell Lung Cancer.","Yu DH, Ruan XL, Huang JY, Liu XP, Ma HL, Chen C, Hu WD, Li S.",,2020,2020-04-02,,eng,Y,Y,Y,37,yes,https://doi.org/10.3389/fgene.2020.00302
941,MED,32236928,32236928,,10.1055/a-0985-5793,[Interstitial lung disease in rheumatic diseases - new therapeutic approaches].,"Jakubczyc A, Neurohr C.",,2020,2020-04-01,,ger,N,N,N,1,yes,https://doi.org/10.1055/a-0985-5793
942,MED,32198142,32198142,PMC7324259,10.4049/jimmunol.2000028,A Defect in Thymic Tolerance Causes T Cell-Mediated Autoimmunity in a Murine Model of COPA Syndrome.,"Deng Z, Law CS, Ho FO, Wang KM, Jones KD, Shin JS, Shum AK.",,2020,2020-03-20,,eng,N,Y,Y,38,yes,https://doi.org/10.4049/jimmunol.2000028
943,MED,32145830,32145830,,10.1016/s2213-2600(20)30036-9,"Nintedanib in patients with progressive fibrosing interstitial lung diseases-subgroup analyses by interstitial lung disease diagnosis in the INBUILD trial: a randomised, double-blind, placebo-controlled, parallel-group trial.","Wells AU, Flaherty KR, Brown KK, Inoue Y, Devaraj A, Richeldi L, Moua T, Crestani B, Wuyts WA, Stowasser S, Quaresma M, Goeldner RG, Schlenker-Herceg R, Kolb M, INBUILD trial investigators.",,2020,2020-03-05,,eng,N,N,N,375,yes,http://www.thelancet.com/article/S2213260020300369/pdf
944,MED,32074433,32074433,,10.1056/nejmc1917224,Nintedanib in Progressive Fibrosing Interstitial Lung Diseases. Reply.,"Flaherty KR, Wells AU, Brown KK.",,2020,2020-02-01,,eng,N,N,N,9,yes,https://doi.org/10.1056/NEJMc1917224
945,MED,32074432,32074432,,10.1056/nejmc1917224,Nintedanib in Progressive Fibrosing Interstitial Lung Diseases.,"Kao JH, Huang HT, Li KJ.",,2020,2020-02-01,,eng,N,N,N,3,yes,https://doi.org/10.1056/NEJMc1917224
946,MED,32074431,32074431,,10.1056/nejmc1917224,Nintedanib in Progressive Fibrosing Interstitial Lung Diseases.,"Fabre A, Nicholson AG.",,2020,2020-02-01,,eng,N,N,N,5,yes,https://doi.org/10.1056/NEJMc1917224
947,MED,32074430,32074430,,10.1056/nejmc1917224,Nintedanib in Progressive Fibrosing Interstitial Lung Diseases.,Raghu G.,,2020,2020-02-01,,eng,N,N,N,3,yes,https://doi.org/10.1056/NEJMc1917224
948,MED,31996266,31996266,PMC6988233,10.1186/s12931-020-1296-3,Progression of fibrosing interstitial lung disease.,"Wong AW, Ryerson CJ, Guler SA.",,2020,2020-01-29,,eng,Y,Y,Y,130,yes,https://doi.org/10.1186/s12931-020-1296-3
949,PPR,PPR109744,,,10.1101/2020.01.21.914440,A defect in thymic tolerance causes T cell-mediated autoimmunity in a murine model of COPA syndrome,"Deng Z, Law CS, Ho FO, Wang KM, Jones KD, Shin J, Shum AK.",,2020,2020-01-22,,,N,N,N,0,no,https://www.biorxiv.org/content/biorxiv/early/2020/01/23/2020.01.21.914440.full.pdf
950,MED,31906942,31906942,PMC6945404,10.1186/s12931-019-1269-6,Ongoing challenges in pulmonary fibrosis and insights from the nintedanib clinical programme.,"Valenzuela C, Torrisi SE, Kahn N, Quaresma M, Stowasser S, Kreuter M.",,2020,2020-01-06,,eng,Y,Y,Y,20,yes,https://doi.org/10.1186/s12931-019-1269-6
951,MED,31901856,31901856,PMC6948160,10.1016/j.ebiom.2019.11.052,Endotyping of progressive fibrotic interstitial lung diseases: It is the final destination that matters and not the journey.,"Tzouvelekis A, Bouros D.",,2020,2020-01-02,,eng,Y,Y,Y,3,yes,http://www.thelancet.com/article/S2352396419308011/pdf
952,MED,31866069,31866069,,10.1016/j.cell.2019.11.027,Progressive Pulmonary Fibrosis Is Caused by Elevated Mechanical Tension on Alveolar Stem Cells.,"Wu H, Yu Y, Huang H, Hu Y, Fu S, Wang Z, Shi M, Zhao X, Yuan J, Li J, Yang X, Bin E, Wei D, Zhang H, Zhang J, Yang C, Cai T, Dai H, Chen J, Tang N.",,2020,2019-12-19,,eng,N,N,N,344,yes,https://doi.org/10.1016/j.cell.2019.11.027
953,MED,31830755,31830755,PMC6979429,10.1159/000504763,Idiopathic Pulmonary Fibrosis: Best Practice in Monitoring and Managing a Relentless Fibrotic Disease.,"Wuyts WA, Wijsenbeek M, Bondue B, Bouros D, Bresser P, Robalo Cordeiro C, Hilberg O, Magnusson J, Manali ED, Morais A, Papiris S, Shaker S, Veltkamp M, Bendstrup E.",,2020,2019-12-12,,eng,N,Y,Y,63,yes,https://www.karger.com/Article/Pdf/504763
954,MED,31829203,31829203,PMC6905060,10.1186/s12885-019-6392-8,Assessment of precision irradiation in early non-small cell lung cancer and interstitial lung disease (ASPIRE-ILD): study protocol for a phase II trial.,"Palma DA, Chen H, Bahig H, Gaede S, Harrow S, Laba JM, Qu XM, Rodrigues GB, Yaremko BP, Yu E, Louie AV, Dhaliwal I, Ryerson CJ.",,2019,2019-12-11,,eng,Y,Y,Y,18,yes,https://doi.org/10.1186/s12885-019-6392-8
955,MED,33693056,33693056,PMC7943063,10.1177/2397198319889549,Natural History of Systemic Sclerosis-Related Interstitial Lung Disease: How to Identify a Progressive Fibrosing Phenotype.,Volkmann ER.,,2020,2019-12-05,,eng,N,Y,Y,41,yes,https://doi.org/10.1177/2397198319889549
956,MED,31766446,31766446,PMC6947091,10.3390/jcm8122038,Interstitial Lung Disease in Rheumatoid Arthritis Remains a Challenge for Clinicians.,"Bendstrup E, Møller J, Kronborg-White S, Prior TS, Hyldgaard C.",,2019,2019-11-21,,eng,Y,Y,Y,60,yes,https://doi.org/10.3390/jcm8122038
957,MED,31732480,31732480,PMC6921223,10.1016/j.ebiom.2019.10.050,Endotype-phenotyping may predict a treatment response in progressive fibrosing interstitial lung disease.,"Hoffmann-Vold AM, Weigt SS, Saggar R, Palchevskiy V, Volkmann ER, Liang LL, Ross D, Ardehali A, Lynch JP, Belperio JA.",,2019,2019-11-12,,eng,Y,Y,Y,48,yes,http://www.thelancet.com/article/S235239641930725X/pdf
958,MED,31717661,31717661,PMC6888416,10.3390/ijms20225618,The Role of the Lung's Microbiome in the Pathogenesis and Progression of Idiopathic Pulmonary Fibrosis.,"Spagnolo P, Molyneaux PL, Bernardinello N, Cocconcelli E, Biondini D, Fracasso F, Tiné M, Saetta M, Maher TM, Balestro E.",,2019,2019-11-10,,eng,Y,Y,Y,46,yes,https://www.mdpi.com/1422-0067/20/22/5618/pdf?version=1573377511
959,MED,31703732,31703732,PMC6839144,10.1186/s12931-019-1223-7,YY1 mediates TGF-β1-induced EMT and pro-fibrogenesis in alveolar epithelial cells.,"Zhang C, Zhu X, Hua Y, Zhao Q, Wang K, Zhen L, Wang G, Lü J, Luo A, Cho WC, Lin X, Yu Z.",,2019,2019-11-08,,eng,Y,Y,Y,110,yes,https://respiratory-research.biomedcentral.com/track/pdf/10.1186/s12931-019-1223-7
960,PPR,PPR99914,,,10.1101/820175,Senescence of alveolar stem cells drives progressive pulmonary fibrosis,"Yao C, Guan X, Carraro G, Parimon T, Liu X, Huang G, Soukiasian HJ, David G, Weigt SS, Belperio JA, Chen P, Jiang D, Noble PW, Stripp BR.",,2019,2019-10-28,,,N,N,N,3,no,https://www.biorxiv.org/content/biorxiv/early/2019/11/18/820175.full.pdf
961,MED,31597131,31597131,,10.1159/000502551,Rheumatoid Arthritis-Associated Interstitial Lung Disease: Clinical Characteristics and Predictors of Mortality.,"Hyldgaard C, Ellingsen T, Hilberg O, Bendstrup E.",,2019,2019-10-09,,eng,N,N,N,54,yes,https://doi.org/10.1159/000502551
962,MED,31564185,31564185,,10.1080/17476348.2019.1673733,Treatment of idiopathic pulmonary fibrosis with Nintedanib: an update.,"Wongkarnjana A, Yanagihara T, Kolb MR.",,2019,2019-10-09,,eng,N,N,N,19,yes,https://doi.org/10.1080/17476348.2019.1673733
963,MED,31584978,31584978,PMC6777801,10.1371/journal.pone.0223430,Macrophage PPAR-γ suppresses long-term lung fibrotic sequelae following acute influenza infection.,"Huang S, Goplen NP, Zhu B, Cheon IS, Son Y, Wang Z, Li C, Dai Q, Jiang L, Xiang M, Carmona EM, Vassallo R, Limper AH, Sun J.",,2019,2019-10-04,,eng,Y,Y,Y,35,yes,https://journals.plos.org/plosone/article/file?id=10.1371/journal.pone.0223430&type=printable
964,MED,31578169,31578169,,10.1016/s2213-2600(19)30341-8,"Pirfenidone in patients with unclassifiable progressive fibrosing interstitial lung disease: a double-blind, randomised, placebo-controlled, phase 2 trial.","Maher TM, Corte TJ, Fischer A, Kreuter M, Lederer DJ, Molina-Molina M, Axmann J, Kirchgaessler KU, Samara K, Gilberg F, Cottin V.",,2020,2019-09-29,,eng,N,N,N,456,yes,http://hdl.handle.net/10044/1/74066
965,MED,31566308,31566308,,10.1056/nejme1911794,Understanding Progressive Fibrosing Interstitial Lung Disease through Therapeutic Trials.,Goldberg HJ.,,2019,2019-09-29,,eng,N,N,N,11,yes,https://doi.org/10.1056/NEJMe1911794
966,MED,31566307,31566307,,10.1056/nejmoa1908681,Nintedanib in Progressive Fibrosing Interstitial Lung Diseases.,"Flaherty KR, Wells AU, Cottin V, Devaraj A, Walsh SLF, Inoue Y, Richeldi L, Kolb M, Tetzlaff K, Stowasser S, Coeck C, Clerisme-Beaty E, Rosenstock B, Quaresma M, Haeufel T, Goeldner RG, Schlenker-Herceg R, Brown KK, INBUILD Trial Investigators.",,2019,2019-09-29,,eng,N,N,N,1648,yes,https://www.nejm.org/doi/pdf/10.1056/NEJMoa1908681?articleTools=true
967,MED,31570253,31570253,,10.1016/j.jaut.2019.102338,Usual interstitial pneumonia in ANCA-associated vasculitis: A poor prognostic factor.,"Maillet T, Goletto T, Beltramo G, Dupuy H, Jouneau S, Borie R, Crestani B, Cottin V, Blockmans D, Lazaro E, Naccache JM, Pugnet G, Nunes H, de Menthon M, Devilliers H, Bonniaud P, Puéchal X, Mouthon L, Bonnotte B, Guillevin L, Terrier B, Samson M, French Vasculitis Study Group (FVSG).",,2020,2019-09-27,,eng,N,N,N,61,yes,https://doi.org/10.1016/j.jaut.2019.102338
968,MED,31285305,31285305,PMC6751387,10.1183/13993003.00161-2019,Potential of nintedanib in treatment of progressive fibrosing interstitial lung diseases.,"Wollin L, Distler JHW, Redente EF, Riches DWH, Stowasser S, Schlenker-Herceg R, Maher TM, Kolb M.",,2019,2019-09-19,,eng,Y,Y,Y,201,yes,https://erj.ersjournals.com/content/erj/54/3/1900161.full.pdf
969,MED,31484664,31484664,PMC9488691,10.1183/16000617.0021-2019,The therapy of idiopathic pulmonary fibrosis: what is next?,"Somogyi V, Chaudhuri N, Torrisi SE, Kahn N, Müller V, Kreuter M.",,2019,2019-09-04,,eng,Y,Y,Y,190,yes,https://doi.org/10.1183/16000617.0021-2019
970,MED,31578213,31578213,PMC9488849,10.1183/16000617.0109-2019,Treatment of progressive fibrosing interstitial lung diseases: a milestone in the management of interstitial lung diseases.,Cottin V.,,2019,2019-09-01,,eng,Y,Y,Y,54,yes,https://doi.org/10.1183/16000617.0109-2019
971,MED,31578210,31578210,PMC9489066,10.1183/16000617.0022-2019,Antifibrotic therapy for fibrotic lung disease beyond idiopathic pulmonary fibrosis.,"Collins BF, Raghu G.",,2019,2019-09-01,,eng,Y,Y,Y,92,yes,https://err.ersjournals.com/content/errev/28/153/190022.full.pdf
972,MED,31405303,31405303,,10.1080/17476348.2019.1656069,Comparing effectiveness of prognostic tests in idiopathic pulmonary fibrosis.,"Moua T, Lee AS, Ryu JH.",,2019,2019-08-26,,eng,N,N,N,6,yes,https://doi.org/10.1080/17476348.2019.1656069
973,MED,31423560,31423560,,10.1007/s10067-019-04720-0,Progressive fibrosing interstitial lung disease associated with systemic autoimmune diseases.,"Fischer A, Distler J.",,2019,2019-08-19,,eng,N,N,N,27,yes,https://link.springer.com/content/pdf/10.1007/s10067-019-04720-0.pdf
974,MED,31391462,31391462,PMC6685977,10.1038/s41419-019-1820-x,Autophagy inhibition-mediated epithelial-mesenchymal transition augments local myofibroblast differentiation in pulmonary fibrosis.,"Hill C, Li J, Liu D, Conforti F, Brereton CJ, Yao L, Zhou Y, Alzetani A, Chee SJ, Marshall BG, Fletcher SV, Hancock D, Ottensmeier CH, Steele AJ, Downward J, Richeldi L, Lu X, Davies DE, Jones MG, Wang Y.",,2019,2019-08-07,,eng,N,Y,Y,148,yes,https://doi.org/10.1038/s41419-019-1820-x
975,MED,31328965,31328965,,10.1080/03007995.2019.1647040,Progressive fibrosing interstitial lung diseases: current practice in diagnosis and management.,"Wijsenbeek M, Kreuter M, Olson A, Fischer A, Bendstrup E, Wells CD, Denton CP, Mounir B, Zouad-Lejour L, Quaresma M, Cottin V.",,2019,2019-08-02,,eng,N,N,N,169,yes,https://doi.org/10.1080/03007995.2019.1647040
976,MED,31419091,31419091,,,"Overview of idiopathic pulmonary fibrosis, evidence-based guidelines, and recent developments in the treatment landscape.",Glassberg MK.,,2019,2019-07-01,,eng,N,N,N,58,yes,
977,MED,31258922,31258922,PMC6561382,10.1136/bmjresp-2019-000439,The Its Not JUST Idiopathic pulmonary fibrosis Study (INJUSTIS): description of the protocol for a multicentre prospective observational cohort study identifying biomarkers of progressive fibrotic lung disease.,"Khan F, Stewart I, Howard L, McKeever TM, Jones S, Hearson G, Braybrooke R, Edwards C, Jenkins G, Saini G.",,2019,2019-06-04,,eng,Y,Y,Y,16,yes,https://bmjopenrespres.bmj.com/content/bmjresp/6/1/e000439.full.pdf
978,MED,31119691,31119691,PMC6824393,10.1007/s12325-019-00992-9,Management of Fibrosing Interstitial Lung Diseases.,"Maher TM, Wuyts W.",,2019,2019-05-22,,eng,Y,Y,Y,31,yes,https://link.springer.com/content/pdf/10.1007/s12325-019-00992-9.pdf
979,MED,30653927,30653927,PMC6491052,10.1513/annalsats.201807-443oc,Computed Tomography Honeycombing Identifies a Progressive Fibrotic Phenotype with Increased Mortality across Diverse Interstitial Lung Diseases.,"Adegunsoye A, Oldham JM, Bellam SK, Montner S, Churpek MM, Noth I, Vij R, Strek ME, Chung JH.",,2019,2019-05-01,,eng,N,Y,Y,117,yes,https://doi.org/10.1513/AnnalsATS.201807-443OC
980,MED,35382502,35382502,PMC8922567,10.1177/2397198319841842,Rationale for the evaluation of nintedanib as a treatment for systemic sclerosis-associated interstitial lung disease.,"Wollin L, Distler JH, Denton CP, Gahlemann M.",,2019,2019-04-21,,eng,N,Y,Y,29,yes,https://www.ncbi.nlm.nih.gov/pmc/articles/8922567
981,MED,31006579,31006579,,10.1016/j.rmr.2018.03.009,[Selection of lung transplant candidates in France in 2019].,"Falque L, Gheerbrant H, Saint-Raymond C, Quétant S, Camara B, Briault A, Porcu P, Pirvu A, Durand M, Pison C, Claustre J, groupe coopératif COhort of Lung Transplantation - COLT.",,2019,2019-04-19,,fre,N,N,N,5,yes,https://doi.org/10.1016/j.rmr.2018.03.009
982,MED,31119153,31119153,PMC6500679,10.1155/2019/1484736,Bromodomain and Extraterminal (BET) Protein Inhibition Restores Redox Balance and Inhibits Myofibroblast Activation.,"Stock CJW, Michaeloudes C, Leoni P, Durham AL, Mumby S, Wells AU, Chung KF, Adcock IM, Renzoni EA, Lindahl GE.",,2019,2019-04-18,,eng,Y,Y,Y,26,yes,http://downloads.hindawi.com/journals/bmri/2019/1484736.pdf
983,MED,30987503,30987503,,10.1177/0897190019841731,Diffuse Alveolar Hemorrhage Following Pirfenidone Initiation.,"Dull SK, Jagan N, Moore DR, DePew ZS, Morrow LE, Malesker MA.",,2020,2019-04-15,,eng,N,N,N,3,yes,https://doi.org/10.1177/0897190019841731
984,MED,31098385,31098385,PMC6487088,10.1155/2019/1845128,Intrapulmonary Autoantibodies to HSP72 Are Associated with Improved Outcomes in IPF.,"Mills R, Mathur A, Nicol LM, Walker JJ, Przybylski AA, Mackinnon AC, Howie SEM, Wallace WAH, Dransfield I, Hirani N.",,2019,2019-04-11,,eng,Y,Y,Y,14,yes,https://doi.org/10.1155/2019/1845128
985,MED,31032489,31032489,PMC6485666,10.29245/2689-999x/2019/2.1149,Epithelial-mesenchymal transition contributes to pulmonary fibrosis via aberrant epithelial/fibroblastic cross-talk.,"Hill C, Jones MG, Davies DE, Wang Y.",,2019,2019-04-01,,eng,N,Y,Y,108,yes,https://doi.org/10.29245/2689-999x/2019/2.1149
986,MED,30871560,30871560,PMC6417262,10.1186/s12931-019-1022-1,The natural history of progressive fibrosing interstitial lung diseases.,"Kolb M, Vašáková M.",,2019,2019-03-14,,eng,Y,Y,Y,180,yes,https://doi.org/10.1186/s12931-019-1022-1
987,MED,31723912,31723912,PMC6849041,10.4266/acc.2018.00402,Extracorporeal Membrane Oxygenation Bridge to Lung Transplantation in a Patient with Hermansky-Pudlak Syndrome and Progressive Pulmonary Fibrosis.,"Sim W, Kim SY, Han J, Rim TH, Lee JG, Paik HC, Park MS.",,2019,2019-02-28,,eng,Y,Y,Y,4,yes,http://www.accjournal.org/upload/pdf/acc-2018-00402.pdf
988,MED,30814139,30814139,PMC9489101,10.1183/16000617.0100-2018,Fibrosing interstitial lung diseases: knowns and unknowns.,"Cottin V, Wollin L, Fischer A, Quaresma M, Stowasser S, Harari S.",,2019,2019-02-27,,eng,Y,Y,Y,239,yes,https://err.ersjournals.com/content/errev/28/151/180100.full.pdf
989,MED,30768925,30768925,PMC9977489,10.1016/j.trsl.2019.02.001,Translational research in pulmonary fibrosis.,"Mathai SK, Schwartz DA.",,2019,2019-02-05,,eng,N,Y,Y,35,yes,https://www.ncbi.nlm.nih.gov/pmc/articles/9977489
990,MED,31010463,31010463,PMC6481315,10.1016/j.amjms.2019.01.010,Epithelial Injury and Dysfunction in the Pathogenesis of Idiopathic PulmonaryFibrosis.,"Winters NI, Burman A, Kropski JA, Blackwell TS.",,2019,2019-01-22,,eng,N,Y,Y,69,yes,https://doi.org/10.1016/j.amjms.2019.01.010
991,MED,30660786,30660786,PMC6533453,10.1016/j.chest.2018.12.011,Integrating Genomics Into Management of Fibrotic Interstitial Lung Disease.,"Adegunsoye A, Vij R, Noth I.",,2019,2019-01-17,,eng,N,Y,Y,48,yes,https://europepmc.org/articles/pmc6533453?pdf=render
992,MED,30658152,30658152,,10.1016/j.toxlet.2019.01.005,Inhibition of mesenchymal stromal cells' chemotactic effect to ameliorate paraquat-induced pulmonary fibrosis.,"Zhang H, Xiao B, Jiang L, Yao W, Shen H, Xiang X.",,2019,2019-01-15,,eng,N,N,N,9,yes,https://doi.org/10.1016/j.toxlet.2019.01.005
993,MED,30487199,30487199,PMC6319797,10.1183/13993003.00869-2018,Predicting outcomes in rheumatoid arthritis related interstitial lung disease.,"Jacob J, Hirani N, van Moorsel CHM, Rajagopalan S, Murchison JT, van Es HW, Bartholmai BJ, van Beek FT, Struik MHL, Stewart GA, Kokosi M, Egashira R, Brun AL, Cross G, Barnett J, Devaraj A, Margaritopoulos G, Karwoski R, Renzoni E, Maher TM, Wells AU.",,2019,2019-01-03,,eng,Y,Y,Y,116,yes,https://erj.ersjournals.com/content/erj/53/1/1800869.full.pdf
994,MED,30578338,30578338,PMC9489160,10.1183/16000617.0110-2018,Beyond idiopathic pulmonary fibrosis: the world of progressive-fibrosing interstitial lung disease.,Harari S.,,2018,2018-12-21,,eng,Y,Y,Y,8,yes,https://err.ersjournals.com/content/errev/27/150/180110.full.pdf
995,MED,30578337,30578337,PMC9488711,10.1183/16000617.0078-2018,Healthcare utilisation and costs in the diagnosis and treatment of progressive-fibrosing interstitial lung diseases.,"Holtze C, Flaherty K, Kreuter M, Luppi F, Moua T, Vancheri C, Scholand MB.",,2018,2018-12-21,,eng,Y,Y,Y,18,yes,https://err.ersjournals.com/content/errev/27/150/180078.full.pdf
996,MED,30578336,30578336,PMC9489016,10.1183/16000617.0077-2018,The epidemiology of idiopathic pulmonary fibrosis and interstitial lung diseases at risk of a progressive-fibrosing phenotype.,"Olson AL, Gifford AH, Inase N, Fernández Pérez ER, Suda T.",,2018,2018-12-21,,eng,Y,Y,Y,138,yes,https://err.ersjournals.com/content/errev/27/150/180077.full.pdf
997,MED,30578335,30578335,PMC9489068,10.1183/16000617.0076-2018,"Presentation, diagnosis and clinical course of the spectrum of progressive-fibrosing interstitial lung diseases.","Cottin V, Hirani NA, Hotchkin DL, Nambiar AM, Ogura T, Otaola M, Skowasch D, Park JS, Poonyagariyagorn HK, Wuyts W, Wells AU.",,2018,2018-12-21,,eng,Y,Y,Y,413,yes,https://doi.org/10.1183/16000617.0076-2018
998,MED,30578334,30578334,PMC9489034,10.1183/16000617.0075-2018,Patients' perceptions and patient-reported outcomes in progressive-fibrosing interstitial lung diseases.,"Swigris JJ, Brown KK, Abdulqawi R, Buch K, Dilling DF, Koschel D, Thavarajah K, Tomic R, Inoue Y.",,2018,2018-12-21,,eng,Y,Y,Y,54,yes,https://doi.org/10.1183/16000617.0075-2018
999,MED,30578333,30578333,PMC9488647,10.1183/16000617.0074-2018,Pharmacological management of progressive-fibrosing interstitial lung diseases: a review of the current evidence.,"Richeldi L, Varone F, Bergna M, de Andrade J, Falk J, Hallowell R, Jouneau S, Kondoh Y, Morrow L, Randerath W, Strek M, Tabaj G.",,2018,2018-12-21,,eng,Y,Y,Y,63,yes,https://err.ersjournals.com/content/errev/27/150/180074.full.pdf
1000,MED,30578332,30578332,PMC9488692,10.1183/16000617.0073-2018,Role of imaging in progressive-fibrosing interstitial lung diseases.,"Walsh SLF, Devaraj A, Enghelmayer JI, Kishi K, Silva RS, Patel N, Rossman MD, Valenzuela C, Vancheri C.",,2018,2018-12-21,,eng,Y,Y,Y,69,yes,https://err.ersjournals.com/content/errev/27/150/180073.full.pdf
1001,MED,30578331,30578331,PMC9488799,10.1183/16000617.0071-2018,Acute exacerbations of progressive-fibrosing interstitial lung diseases.,"Kolb M, Bondue B, Pesci A, Miyazaki Y, Song JW, Bhatt NY, Huggins JT, Oldham JM, Padilla ML, Roman J, Shapera S.",,2018,2018-12-21,,eng,Y,Y,Y,132,yes,https://err.ersjournals.com/content/errev/27/150/180071.full.pdf
1002,MED,30622718,30622718,PMC6307575,10.1136/bmjresp-2018-000360,"Specialist palliative care, psychology, interstitial lung disease (ILD) multidisciplinary team meeting: a novel model to address palliative care needs.","Barratt SL, Morales M, Speirs T, Al Jboor K, Lamb H, Mulholland S, Edwards A, Gunary R, Meek P, Jordan N, Sharp C, Kendall C, Adamali HI.",,2018,2018-12-19,,eng,Y,Y,Y,23,yes,https://doi.org/10.1136/bmjresp-2018-000360
1003,MED,30501130,30501130,PMC6313500,10.3390/medsci6040110,"Idiopathic Pulmonary Fibrosis: Epidemiology, Natural History, Phenotypes.","Sauleda J, Núñez B, Sala E, Soriano JB.",,2018,2018-11-29,,eng,Y,Y,Y,85,yes,https://doi.org/10.3390/medsci6040110
1004,MED,30405002,30405002,,10.1620/tjem.246.147,Association between Pepsin in Bronchoalveolar Lavage Fluid and Prognosis of Chronic Fibrosing Interstitial Lung Disease.,"Kim Y, Lee YJ, Cho YJ, Yoon HI, Lee JH, Lee CT, Park JS.",,2018,2018-11-01,,eng,N,N,N,8,yes,https://www.jstage.jst.go.jp/article/tjem/246/3/246_147/_pdf
1005,MED,29727583,29727583,PMC6173065,10.1164/rccm.201707-1497oc,Protein Tyrosine Phosphatase-N13 Promotes Myofibroblast Resistance to Apoptosis in Idiopathic Pulmonary Fibrosis.,"Bamberg A, Redente EF, Groshong SD, Tuder RM, Cool CD, Keith RC, Edelman BL, Black BP, Cosgrove GP, Wynes MW, Curran-Everett D, De Langhe S, Ortiz LA, Thorburn A, Riches DWH.",,2018,2018-10-01,,eng,N,Y,Y,28,yes,https://europepmc.org/articles/pmc6173065?pdf=render
1006,MED,30244194,30244194,PMC6467246,10.1136/thoraxjnl-2018-211897,Sputum exosomes: promising biomarkers for idiopathic pulmonary fibrosis.,"Njock MS, Guiot J, Henket MA, Nivelles O, Thiry M, Dequiedt F, Corhay JL, Louis RE, Struman I.",,2019,2018-09-22,,eng,Y,Y,Y,106,yes,https://doi.org/10.1136/thoraxjnl-2018-211897
1007,MED,30288134,30288134,PMC6163010,10.2147/prom.s144425,Impact of novel antifibrotic therapy on patient outcomes in idiopathic pulmonary fibrosis: patient selection and perspectives.,"Graney BA, Lee JS.",,2018,2018-09-21,,eng,Y,Y,Y,34,yes,https://doi.org/10.2147/prom.s144425
1008,MED,30233802,30233802,PMC6135451,10.1136/bmjresp-2018-000289,"Pirfenidone in patients with unclassifiable progressive fibrosing interstitial lung disease: design of a double-blind, randomised, placebo-controlled phase II trial.","Maher TM, Corte TJ, Fischer A, Kreuter M, Lederer DJ, Molina-Molina M, Axmann J, Kirchgaessler KU, Cottin V.",,2018,2018-09-04,,eng,Y,Y,Y,41,yes,https://doi.org/10.1136/bmjresp-2018-000289
1009,MED,30181506,30181506,PMC6164303,10.3390/medsci6030073,Diagnosis of Idiopathic Pulmonary Fibrosis: Differential Diagnosis.,"Aburto M, Herráez I, Iturbe D, Jiménez-Romero A.",,2018,2018-09-04,,eng,Y,Y,Y,22,yes,https://www.mdpi.com/2076-3271/6/3/73/pdf?version=1536318345
1010,MED,30097721,30097721,PMC6153593,10.1007/s00408-018-0143-5,Interpretation of HRCT Scans in the Diagnosis of IPF: Improving Communication Between Pulmonologists and Radiologists.,"Chung JH, Goldin JG.",,2018,2018-08-10,,eng,Y,Y,Y,13,yes,https://escholarship.org/uc/item/3tp5b7mt
1011,MED,35541981,35541981,PMC9083086,10.1039/c8ra03970d,"Dendritic cells trigger imbalance of Th1/Th2 cells in silica dust exposure rat model <i>via</i> MHC-II, CD80, CD86 and IL-12.","Bao L, Hao C, Liu S, Zhang L, Wang J, Wang D, Li Y, Yao W.",,2018,2018-07-20,,eng,Y,Y,Y,19,yes,https://pubs.rsc.org/en/content/articlepdf/2018/ra/c8ra03970d
1012,MED,29997245,29997245,PMC9489115,10.1183/16000617.0135-2017,Systematic review of drug effects in humans and models with surfactant-processing disease.,"Klay D, Hoffman TW, Harmsze AM, Grutters JC, van Moorsel CHM.",,2018,2018-07-11,,eng,Y,Y,Y,15,yes,https://err.ersjournals.com/content/errev/27/149/170135.full.pdf
1013,MED,29997685,29997685,PMC6032559,10.1186/s13020-018-0194-9,Combination of <i>Salvia miltiorrhiza</i> and ligustrazine attenuates bleomycin-induced pulmonary fibrosis in rats via modulating TNF-α and TGF-β.,"Huang C, Wu X, Wang S, Wang W, Guo F, Chen Y, Pan B, Zhang M, Fan X.",,2018,2018-07-04,,eng,Y,Y,Y,27,yes,https://doi.org/10.1186/s13020-018-0194-9
1014,MED,29788938,29788938,PMC5964639,10.1186/s12890-018-0651-3,Symptom prevalence of patients with fibrotic interstitial lung disease: a systematic literature review.,"Carvajalino S, Reigada C, Johnson MJ, Dzingina M, Bajwah S.",,2018,2018-05-22,,eng,Y,Y,Y,87,yes,https://bmcpulmmed.biomedcentral.com/track/pdf/10.1186/s12890-018-0651-3
1015,MED,29773608,29773608,,10.1183/13993003.00692-2018,"What's in a name? That which we call IPF, by any other name would act the same.","Wells AU, Brown KK, Flaherty KR, Kolb M, Thannickal VJ, IPF Consensus Working Group.",,2018,2018-05-17,,eng,N,N,N,220,yes,https://erj.ersjournals.com/content/erj/51/5/1800692.full.pdf
1016,MED,29601564,29601564,,,[Nintedanib in the treatment of fibrosing interstital lung diseases].,Lewandowska K.,,2018,2018-03-01,,pol,N,N,N,0,yes,
1017,MED,29219887,29219887,,10.1097/rti.0000000000000317,Short-term Automated Quantification of Radiologic Changes in the Characterization of Idiopathic Pulmonary Fibrosis Versus Nonspecific Interstitial Pneumonia and Prediction of Long-term Survival.,"De Giacomi F, Raghunath S, Karwoski R, Bartholmai BJ, Moua T.",,2018,2018-03-01,,eng,N,N,N,18,yes,https://doi.org/10.1097/RTI.0000000000000317
1018,MED,29476163,29476163,PMC5974020,10.1038/s41431-018-0104-8,Genetic predictors of systemic sclerosis-associated interstitial lung disease: a review of recent literature.,"Stock CJW, Renzoni EA.",,2018,2018-02-23,,eng,N,Y,Y,23,yes,https://www.nature.com/articles/s41431-018-0104-8.pdf
1019,MED,29385965,29385965,,10.5694/mja17.00799,Diagnosis and management of idiopathic pulmonary fibrosis: Thoracic Society of Australia and New Zealand and Lung Foundation Australia position statements summary.,"Jo HE, Prasad JD, Troy LK, Mahar A, Bleasel J, Ellis SJ, Chambers DC, Holland AE, Lake FR, Keir G, Goh NS, Wilsher M, de Boer S, Moodley Y, Grainge C, Whitford HM, Chapman SA, Reynolds PN, Beatson D, Jones LJ, Hopkins P, Allan HM, Glaspole I, Corte TJ.",,2018,2018-02-01,,eng,N,N,N,14,yes,https://doi.org/10.5694/mja17.00799
1020,MED,29327616,29327616,,10.1080/14656566.2018.1425681,Nintedanib for the treatment of idiopathic pulmonary fibrosis.,"Varone F, Sgalla G, Iovene B, Bruni T, Richeldi L.",,2018,2018-01-12,,eng,N,N,N,61,yes,https://doi.org/10.1080/14656566.2018.1425681
1021,MED,30249169,30249169,PMC6156214,10.1177/1753466618800618,Nintedanib in the management of idiopathic pulmonary fibrosis: clinical trial evidence and real-world experience.,"Rivera-Ortega P, Hayton C, Blaikley J, Leonard C, Chaudhuri N.",,2018,2018-01-01,,eng,Y,Y,Y,64,yes,https://journals.sagepub.com/doi/pdf/10.1177/1753466618800618
1022,MED,29212801,29212801,,10.1152/ajplung.00287.2017,Roles of high-mobility group box 1 and thrombin in murine pulmonary fibrosis and the therapeutic potential of thrombomodulin.,"Kida T, Seno T, Nagahara H, Inoue T, Nakabayashi A, Kukida Y, Fujioka K, Fujii W, Wada M, Kohno M, Kawahito Y.",,2018,2017-12-06,,eng,N,N,N,19,yes,https://doi.org/10.1152/ajplung.00287.2017
1023,MED,29033267,29033267,,10.1016/s2213-2600(17)30383-1,Palliative care in interstitial lung disease: living well.,"Kreuter M, Bendstrup E, Russell AM, Bajwah S, Lindell K, Adir Y, Brown CE, Calligaro G, Cassidy N, Corte TJ, Geissler K, Hassan AA, Johannson KA, Kairalla R, Kolb M, Kondoh Y, Quadrelli S, Swigris J, Udwadia Z, Wells A, Wijsenbeek M.",,2017,2017-10-13,,eng,N,N,N,180,yes,http://hdl.handle.net/10044/1/51911
1024,MED,29018526,29018526,PMC5604725,10.1136/bmjresp-2017-000212,"Design of the PF-ILD trial: a double-blind, randomised, placebo-controlled phase III trial of nintedanib in patients with progressive fibrosing interstitial lung disease.","Flaherty KR, Brown KK, Wells AU, Clerisme-Beaty E, Collard HR, Cottin V, Devaraj A, Inoue Y, Le Maulf F, Richeldi L, Schmidt H, Walsh S, Mezzanotte W, Schlenker-Herceg R.",,2017,2017-09-17,,eng,Y,Y,Y,139,yes,https://bmjopenrespres.bmj.com/content/bmjresp/4/1/e000212.full.pdf
1025,MED,29160385,29160385,PMC5790657,10.1590/s1806-37562016000000368,"Usual interstitial pneumonia: typical, possible, and ""inconsistent"" patterns.","Torres PPTES, Rabahi MF, Moreira MAC, Meirelles GSP, Marchiori E.",,2017,2017-09-01,,eng,Y,Y,Y,6,yes,https://doi.org/10.1590/S1806-37562016000000368
1026,MED,28622199,28622199,,10.1097/mcp.0000000000000408,Antifibrotic drugs as treatment of nonidiopathic pulmonary fibrosis interstitial pneumonias: the time is now (?).,"Kreuter M, Wälscher J, Behr J.",,2017,2017-09-01,,eng,N,N,N,16,yes,https://doi.org/10.1097/MCP.0000000000000408
1027,MED,28845557,28845557,,10.1111/resp.13146,Treatment of idiopathic pulmonary fibrosis in Australia and New Zealand: A position statement from the Thoracic Society of Australia and New Zealand and the Lung Foundation Australia.,"Jo HE, Troy LK, Keir G, Chambers DC, Holland A, Goh N, Wilsher M, de Boer S, Moodley Y, Grainge C, Whitford H, Chapman S, Reynolds PN, Glaspole I, Beatson D, Jones L, Hopkins P, Corte TJ.",,2017,2017-08-27,,eng,N,N,N,42,yes,https://doi.org/10.1111/resp.13146
1028,MED,28578783,28578783,,10.1016/j.mayocp.2017.02.012,Biology and Treatment of Aggressive Fibromatosis or Desmoid Tumor.,Skubitz KM.,,2017,2017-06-01,,eng,N,N,N,68,yes,http://www.mayoclinicproceedings.org/article/S0025619617301593/pdf
1029,MED,28507166,28507166,PMC5430127,10.14814/phy2.13281,Matrix stiffness regulates migration of human lung fibroblasts.,"Asano S, Ito S, Takahashi K, Furuya K, Kondo M, Sokabe M, Hasegawa Y.",,2017,2017-05-14,,eng,Y,Y,Y,96,yes,https://doi.org/10.14814/phy2.13281
1030,MED,31999416,31999416,,,Idiopathic pulmonary fibrosis in adults: diagnosis and management,,,2017,2017-05-01,,eng,N,Y,Y,0,yes,http://europepmc.org/books/NBK553262
1031,MED,32476836,32476836,PMC7170133,10.36141/svdld.v34i2.5467,Utility of precipitating antibody testing in the diagnostic evaluation of chronic hypersensitivity pneumonia.,"Giacomi F, Andreano A, Faverio P, Biffi A, Ruvolo L, Sverzellati N, Grazia Valsecchi M, Pesci A.",,2017,2017-04-28,,eng,N,Y,Y,8,yes,https://doi.org/10.36141/svdld.v34i2.5467
1032,MED,28454553,28454553,PMC5410093,10.1186/s13063-017-1912-9,Ambulatory oxygen in fibrotic lung disease (AmbOx): study protocol for a randomised controlled trial.,"Visca D, Tsipouri V, Mori L, Firouzi A, Fleming S, Farquhar M, Leung E, Maher TM, Cullinan P, Hopkinson N, Wells AU, Banya W, Whitty JA, Adamali H, Spencer LG, Sestini P, Renzoni EA.",,2017,2017-04-28,,eng,Y,Y,Y,15,yes,https://doi.org/10.1186/s13063-017-1912-9
1033,MED,28345369,28345369,,10.1080/17476348.2017.1312347,"Pulmonary fibrosis, part II: state-of-the-art patient management.",Meyer KC.,,2017,2017-04-13,,eng,N,N,N,12,yes,https://doi.org/10.1080/17476348.2017.1312347
1034,MED,28435277,28435277,PMC5388201,10.2147/tcrm.s81141,Role of pirfenidone in the management of pulmonary fibrosis.,"Meyer KC, Decker CA.",,2017,2017-04-03,,eng,Y,Y,Y,46,yes,https://www.dovepress.com/getfile.php?fileID=35806
1035,MED,28116446,28116446,PMC5360836,10.1007/s00066-016-1095-4,DART-bid for loco-regionally advanced NSCLC : Summary of acute and late toxicity with long-term follow-up; experiences with pulmonary dose constraints.,"Wurstbauer K, Zehentmayr F, Deutschmann H, Dagn K, Exeli AK, Kopp P, Porsch P, Maurer B, Studnicka M, Sedlmayer F.",,2017,2017-01-23,,eng,Y,Y,Y,9,yes,https://doi.org/10.1007/s00066-016-1095-4
1036,MED,27628326,27628326,,10.5858/arpa.2016-0299-sa,"Diagnostic Approach to Advanced Fibrotic Interstitial Lung Disease: Bringing Together Clinical, Radiologic, and Histologic Clues.","Larsen BT, Smith ML, Elicker BM, Fernandez JM, de Morvil GAA, Pereira CAC, Leslie KO.",,2017,2016-09-15,,eng,N,N,N,21,yes,https://doi.org/10.5858/arpa.2016-0299-SA
1037,PPR,PPR43809,,,10.12688/f1000research.8209.1,Recent advances in understanding idiopathic pulmonary fibrosis,"Daccord C, Maher TM.",,2016,2016-05-31,,,N,N,N,1,no,https://doi.org/10.12688/f1000research.8209.1
1038,MED,27303645,27303645,PMC4890320,10.12688/f1000research.8209.1,Recent advances in understanding idiopathic pulmonary fibrosis.,"Daccord C, Maher TM.",,2016,2016-05-31,,eng,Y,Y,Y,58,yes,https://doi.org/10.12688/f1000research.8209.1
1039,MED,27083934,27083934,,10.1007/s40266-016-0366-1,Idiopathic Pulmonary Fibrosis and the Elderly: Diagnosis and Management Considerations.,"Jo HE, Randhawa S, Corte TJ, Moodley Y.",,2016,2016-05-01,,eng,N,N,N,53,yes,https://doi.org/10.1007/s40266-016-0366-1
1040,MED,27109811,27109811,PMC4845760,10.1016/j.rmed.2016.03.012,Predictors of survival in coexistent hypersensitivity pneumonitis with autoimmune features.,"Adegunsoye A, Oldham JM, Demchuk C, Montner S, Vij R, Strek ME.",,2016,2016-03-21,,eng,N,Y,Y,47,yes,https://doi.org/10.1016/j.rmed.2016.03.012
1041,MED,26865603,26865603,,10.1136/thoraxjnl-2015-207439,End-of-life care in oxygen-dependent ILD compared with lung cancer: a national population-based study.,"Ahmadi Z, Wysham NG, Lundström S, Janson C, Currow DC, Ekström M.",,2016,2016-02-10,,eng,N,N,N,82,yes,https://thorax.bmj.com/content/thoraxjnl/71/6/510.full.pdf
1042,MED,26860906,26860906,PMC4748484,10.1186/s12916-016-0567-9,Guidelines or guidance for better idiopathic pulmonary fibrosis management?,Behr J.,,2016,2016-02-10,,eng,Y,Y,Y,7,yes,https://doi.org/10.1186/s12916-016-0567-9
1043,MED,26836914,26836914,,10.1016/j.chest.2015.11.013,Drug Treatment of Idiopathic Pulmonary Fibrosis: Systematic Review and Network Meta-Analysis.,"Canestaro WJ, Forrester SH, Raghu G, Ho L, Devine BE.",,2016,2016-01-13,,eng,N,N,N,144,yes,https://doi.org/10.1016/j.chest.2015.11.013
1044,MED,26836940,26836940,,10.1016/j.chest.2015.12.026,Patients With Fibrotic Interstitial Lung Disease Hospitalized for Acute Respiratory Worsening: A Large Cohort Analysis.,"Moua T, Westerly BD, Dulohery MM, Daniels CE, Ryu JH, Lim KG.",,2016,2016-01-11,,eng,N,N,N,86,yes,https://doi.org/10.1016/j.chest.2015.12.026
1045,ETH,695828,,,,Adapting and evaluating a Hospital2Home case conference service for patients with severe Progressive Idiopathic Fibrotic Interstitial Lung Disease,Bajwah S.,,2016,2016-01-01,,eng,N,N,N,0,no,https://ethos.bl.uk/OrderDetails.do?uin=uk.bl.ethos.695828
1046,MED,26594173,26594173,PMC4633493,10.3389/fphar.2015.00254,MicroRNAs as potential targets for progressive pulmonary fibrosis.,"Rajasekaran S, Rajaguru P, Sudhakar Gandhi PS.",,2015,2015-11-05,,eng,Y,Y,Y,90,yes,https://www.frontiersin.org/articles/10.3389/fphar.2015.00254/pdf
1047,MED,26494430,26494430,PMC4616037,10.1038/srep15561,Chronic Activation of the Renin-Angiotensin System Induces Lung Fibrosis.,"Wang J, Chen L, Chen B, Meliton A, Liu SQ, Shi Y, Liu T, Deb DK, Solway J, Li YC.",,2015,2015-10-23,,eng,Y,Y,Y,55,yes,https://doi.org/10.1038/srep15561
1048,MED,26315492,26315492,PMC5482421,10.1016/j.intimp.2015.07.039,An endostatin-derived peptide orally exerts anti-fibrotic activity in a murine pulmonary fibrosis model.,"Nishimoto T, Mlakar L, Takihara T, Feghali-Bostwick C.",,2015,2015-08-24,,eng,N,Y,Y,22,yes,https://doi.org/10.1016/j.intimp.2015.07.039
1049,MED,26159700,26159700,,10.1136/dtb.2015.7.0337,Developments in the management of idiopathic pulmonary fibrosis.,,,2015,2015-07-01,,eng,N,N,N,0,yes,https://doi.org/10.1136/dtb.2015.7.0337
1050,MED,25975761,25975761,,10.1016/s2213-2600(15)00096-x,CT staging and monitoring of fibrotic interstitial lung diseases in clinical practice and treatment trials: a position paper from the Fleischner Society.,"Hansell DM, Goldin JG, King TE, Lynch DA, Richeldi L, Wells AU.",,2015,2015-05-11,,eng,N,N,N,138,yes,https://doi.org/10.1016/S2213-2600(15)00096-X
1051,MED,25951093,25951093,,10.1016/j.resinv.2014.12.005,Definitions of disease: should possible and probable idiopathic pulmonary fibrosis be enrolled in treatment trials?,"Huie TJ, Brown KK.",,2015,2015-03-04,,eng,N,N,N,4,yes,https://doi.org/10.1016/j.resinv.2014.12.005
1052,MED,25725128,25725128,,10.1016/j.gene.2015.02.065,Discovery and validation of extracellular/circulating microRNAs during idiopathic pulmonary fibrosis disease progression.,"Yang G, Yang L, Wang W, Wang J, Wang J, Xu Z.",,2015,2015-02-25,,eng,N,N,N,95,yes,https://doi.org/10.1016/j.gene.2015.02.065
1053,MED,25553258,25553258,PMC4274464,10.4168/aair.2015.7.1.14,"Chitotriosidase in the Pathogenesis of Inflammation, Interstitial Lung Diseases and COPD.","Cho SJ, Weiden MD, Lee CG.",,2015,2014-11-05,,eng,Y,Y,Y,42,yes,https://doi.org/10.4168/aair.2015.7.1.14
1054,MED,25338090,25338090,PMC4206466,10.1371/journal.pone.0111347,Increased platelet reactivity in idiopathic pulmonary fibrosis is mediated by a plasma factor.,"Crooks MG, Fahim A, Naseem KM, Morice AH, Hart SP.",,2014,2014-10-22,,eng,Y,Y,Y,34,yes,https://doi.org/10.1371/journal.pone.0111347
1055,MED,24924948,24924948,,10.1007/s11033-014-3100-2,MUC5B promoter polymorphisms and risk of coal workers' pneumoconiosis in a Chinese population.,"Ji X, Wu B, Jin K, Luo C, Han R, Chen M, Hou Z, Fan J, Ni C.",,2014,2014-06-13,,eng,N,N,N,16,yes,https://doi.org/10.1007/s11033-014-3100-2
1056,MED,24199692,24199692,PMC4068918,10.1165/rcmb.2013-0042oc,Bone marrow-derived stromal cells are invasive and hyperproliferative and alter transforming growth factor-α-induced pulmonary fibrosis.,"Madala SK, Edukulla R, Schmidt S, Davidson C, Ikegami M, Hardie WD.",,2014,2014-04-01,,eng,N,Y,Y,44,yes,https://doi.org/10.1165/rcmb.2013-0042OC
1057,MED,24668536,24668536,,10.1055/s-0034-1371541,Interstitial lung disease in systemic sclerosis.,"Wells AU, Margaritopoulos GA, Antoniou KM, Denton C.",,2014,2014-03-25,,eng,N,N,N,40,yes,https://doi.org/10.1055/s-0034-1371541
1058,MED,24574232,24574232,PMC4439004,10.1002/art.38288,Association of Interferon- and transforming growth factor β-regulated genes and macrophage activation with systemic sclerosis-related progressive lung fibrosis.,"Christmann RB, Sampaio-Barros P, Stifano G, Borges CL, de Carvalho CR, Kairalla R, Parra ER, Spira A, Simms R, Capellozzi VL, Lafyatis R.",,2014,2014-03-01,,eng,N,Y,Y,183,yes,https://doi.org/10.1002/art.38288
1059,MED,24475138,24475138,PMC3903543,10.1371/journal.pone.0086536,Dual targeting of MEK and PI3K pathways attenuates established and progressive pulmonary fibrosis.,"Madala SK, Edukulla R, Phatak M, Schmidt S, Davidson C, Acciani TH, Korfhagen TR, Medvedovic M, Lecras TD, Wagner K, Hardie WD.",,2014,2014-01-27,,eng,Y,Y,Y,24,yes,https://journals.plos.org/plosone/article/file?id=10.1371/journal.pone.0086536&type=printable
1060,MED,25485367,25485367,,10.1007/978-3-319-10470-6_13,Longitudinal alignment of disease progression in fibrosing interstitial lung disease.,"Vogl WD, Prosch H, Müller-Mang C, Schmidt-Erfurth U, Langs G.",,2014,2014-01-01,,eng,N,N,N,7,yes,https://link.springer.com/content/pdf/10.1007%2F978-3-319-10470-6_13.pdf
1061,MED,24081247,24081247,,,Long-term management of IPF with pirfenidone - a clinical case study with 5 years follow-up.,"Richeldi L, Sgalla G, Cerri S.",,2013,2013-09-01,,eng,N,N,N,0,yes,
1062,MED,23921344,23921344,,10.1556/avet.2013.024,Equine multinodular pulmonary fibrosis (EMPF): Five case reports.,"Schwarz B, Klang A, Bezdekova B, Sárdi S, Kutasi O, Hoven R.",,2013,2013-09-01,,eng,N,N,N,6,yes,http://real.mtak.hu/28201/1/Schwartz_review20120321_R2corrections_u.pdf
1063,MED,23964926,23964926,PMC3765544,10.1186/1465-9921-14-86,Acute exacerbations in patients with idiopathic pulmonary fibrosis.,Kim DS.,,2013,2013-08-21,,eng,Y,Y,Y,30,yes,https://doi.org/10.1186/1465-9921-14-86
1064,MED,23885010,23885010,,10.1177/0269216313497226,"The palliative care needs for fibrotic interstitial lung disease: a qualitative study of patients, informal caregivers and health professionals.","Bajwah S, Higginson IJ, Ross JR, Wells AU, Birring SS, Riley J, Koffman J.",,2013,2013-07-24,,eng,N,N,N,111,yes,https://doi.org/10.1177/0269216313497226
1065,MED,25340234,25340234,,,Diagnosis and Management of Suspected Idiopathic Pulmonary Fibrosis: Idiopathic Pulmonary Fibrosis,National Clinical Guideline Centre (UK).,,2013,2013-06-01,,eng,N,Y,Y,0,yes,http://europepmc.org/books/NBK247530
1066,MED,23716290,23716290,,10.1007/s11547-013-0934-1,Pulmonary hypertension and systemic sclerosis: the role of high-resolution computed tomography.,"Zompatori M, Leone MB, Giannotta M, Galiè N, Palazzini M, Reggiani ML, Bono L, Pollini GS.",,2013,2013-05-27,,eng,N,N,N,8,yes,https://doi.org/10.1007/s11547-013-0934-1
1067,MED,23110140,23110140,PMC3478280,10.1371/journal.pone.0047949,Polymorphisms in inflammasome genes and risk of coal workers' pneumoconiosis in a Chinese population.,"Ji X, Hou Z, Wang T, Jin K, Fan J, Luo C, Chen M, Han R, Ni C.",,2012,2012-10-22,,eng,Y,Y,Y,35,yes,https://doi.org/10.1371/journal.pone.0047949
1068,MED,24644332,24644332,,10.1136/bmjspcare-2012-000263,"'I wish I knew more ...' the end-of-life planning and information needs for end-stage fibrotic interstitial lung disease: views of patients, carers and health professionals.","Bajwah S, Koffman J, Higginson IJ, Ross JR, Wells AU, Birring SS, Riley J.",,2013,2012-09-28,,eng,N,N,N,63,yes,https://doi.org/10.1136/bmjspcare-2012-000263
1069,MED,23001806,23001806,,10.1055/s-0032-1325162,Diffuse lung diseases in cigarette smokers.,Vassallo R.,,2012,2012-09-21,,eng,N,N,N,25,yes,https://doi.org/10.1055/s-0032-1325162
1070,MED,23001798,23001798,,10.1055/s-0032-1325154,Idiopathic pulmonary fibrosis.,"Adkins JM, Collard HR.",,2012,2012-09-21,,eng,N,N,N,15,yes,https://doi.org/10.1055/s-0032-1325154
1071,MED,22293806,22293806,,10.2169/internalmedicine.51.6288,Rapidly progressive pulmonary fibrosis following the onset of diffuse alveolar hemorrhage in Sjögren's syndrome: an autopsy case report.,"Tomita Y, Mori S, Arima N, Fukuda K, Kohrogi H.",,2012,2012-02-01,,eng,N,N,N,6,yes,https://www.jstage.jst.go.jp/article/internalmedicine/51/3/51_3_295/_pdf
1072,MED,22240110,22240110,PMC4835171,10.1016/j.jpeds.2011.12.001,Rapid and progressive pulmonary fibrosis in 2 families with DNA repair deficiencies of undetermined etiology.,"Vece TJ, Schecter MG, Gatti RA, Tunuguntla R, Garcia CK, Langston C, Dishop MK, Moore RH, Fan LL.",,2012,2012-01-10,,eng,N,Y,Y,7,yes,https://doi.org/10.1016/j.jpeds.2011.12.001
1073,MED,22218887,22218887,,10.1007/s00408-011-9355-7,Specialist palliative care is more than drugs: a retrospective study of ILD patients.,"Bajwah S, Higginson IJ, Ross JR, Wells AU, Birring SS, Patel A, Riley J.",,2012,2012-01-05,,eng,N,N,N,71,yes,https://doi.org/10.1007/s00408-011-9355-7
1074,MED,22129907,22129907,PMC3628143,10.12659/msm.882115,Pneumomediastinum as a primary manifestation of chronic hypersensitivity pneumonitis.,"Koschel D, Handzhiev S, Cardoso C, Rolle A, Holotiuk O, Höffken G.",,2011,2011-12-01,,eng,Y,Y,Y,2,yes,https://doi.org/10.12659/msm.882115
1075,MED,22135741,22135741,PMC3206363,10.1155/2011/849035,Effect and safety of mycophenolate mofetil in idiopathic pulmonary fibrosis.,"Tzouvelekis A, Bouros E, Oikonomou A, Ntolios P, Zacharis G, Kolios G, Bouros D.",,2011,2011-11-01,,eng,Y,Y,Y,14,yes,https://doi.org/10.1155/2011/849035
1076,MED,22021337,22021337,PMC3326433,10.1165/rcmb.2011-0237oc,MEK-ERK pathway modulation ameliorates pulmonary fibrosis associated with epidermal growth factor receptor activation.,"Madala SK, Schmidt S, Davidson C, Ikegami M, Wert S, Hardie WD.",,2012,2011-10-20,,eng,N,Y,Y,137,yes,https://doi.org/10.1165/rcmb.2011-0237OC
1077,MED,21520061,21520061,,10.1002/jcp.22545,Pulmonary microvascular endothelial cells from bleomycin-induced rats promote the transformation and collagen synthesis of fibroblasts.,"Yin Q, Nan HY, Zhang WH, Yan LF, Cui GB, Huang XF, Wei JG.",,2011,2011-08-01,,eng,N,N,N,22,yes,https://doi.org/10.1002/jcp.22545
1078,MED,20497024,20497024,,10.3109/01902140903585517,Involvement of leukotrienes in the pathogenesis of silica-induced pulmonary fibrosis in mice.,"Shimbori C, Shiota N, Okunishi H.",,2010,2010-06-01,,eng,N,N,N,13,yes,https://doi.org/10.3109/01902140903585517
1079,MED,20042669,20042669,PMC2808075,10.2353/ajpath.2010.090123,Inhibition of PI3K by PX-866 prevents transforming growth factor-alpha-induced pulmonary fibrosis.,"Le Cras TD, Korfhagen TR, Davidson C, Schmidt S, Fenchel M, Ikegami M, Whitsett JA, Hardie WD.",,2010,2009-12-30,,eng,N,Y,Y,51,yes,http://ajp.amjpathol.org/cgi/reprint/176/2/679.pdf
1080,MED,19646434,19646434,PMC2753694,10.1016/j.yexmp.2009.07.008,Non-invasive diagnosis of early pulmonary disease in PECAM-deficient mice using infrared pulse oximetry.,"Early MA, Lishnevsky M, Gilchrist JM, Higgins DM, Orme IM, Muller WA, Gonzalez-Juarerro M, Schenkel AR.",,2009,2009-07-28,,eng,N,Y,Y,10,yes,https://europepmc.org/articles/pmc2753694?pdf=render
1081,MED,19433312,19433312,PMC2681415,10.1016/j.biocel.2009.02.020,Fibrocyte CXCR4 regulation as a therapeutic target in pulmonary fibrosis.,"Mehrad B, Burdick MD, Strieter RM.",,2009,2009-03-06,,eng,N,Y,Y,133,yes,https://doi.org/10.1016/j.biocel.2009.02.020
1082,MED,19217431,19217431,PMC2664622,10.1016/j.devcel.2008.12.003,Increased PDGFRalpha activation disrupts connective tissue development and drives systemic fibrosis.,"Olson LE, Soriano P.",,2009,2009-02-01,,eng,N,Y,Y,222,yes,https://doi.org/10.1016/j.devcel.2008.12.003
1083,MED,19785823,19785823,,,[Idiopathic pulmonary fibrosis; description of a Dutch cohort].,"Barlo NP, van Moorsel CH, van den Bosch JM, van de Graaf EA, Kwakkel-van Erp JM, Grutters JC.",,2009,2009-01-01,,dut,N,N,N,2,yes,
1084,MED,18668536,18668536,,10.1002/art.23694,Treatment of pulmonary fibrosis for twenty weeks with imatinib mesylate in a patient with mixed connective tissue disease.,"Distler JH, Manger B, Spriewald BM, Schett G, Distler O.",,2008,2008-08-01,,eng,N,N,N,30,yes,https://doi.org/10.1002/art.23694
1085,MED,18057462,18057462,,,Interstitial lung disease as the first manifestation of systemic sclerosis.,"van der Kamp R, Tak PP, Jansen HM, Bresser P.",,2007,2007-11-01,,eng,N,N,N,5,yes,
1086,MED,17931953,17931953,PMC2350199,10.1016/j.biocel.2007.08.016,Progressive pulmonary fibrosis is mediated by TGF-beta isoform 1 but not TGF-beta3.,"Ask K, Bonniaud P, Maass K, Eickelberg O, Margetts PJ, Warburton D, Groffen J, Gauldie J, Kolb M.",,2008,2007-09-06,,eng,N,Y,Y,142,yes,https://doi.org/10.1016/j.biocel.2007.08.016
1087,MED,17174272,17174272,,10.1016/j.bbrc.2006.11.149,Circulating peripheral blood fibrocytes in human fibrotic interstitial lung disease.,"Mehrad B, Burdick MD, Zisman DA, Keane MP, Belperio JA, Strieter RM.",,2007,2006-12-11,,eng,N,N,N,190,yes,https://doi.org/10.1016/j.bbrc.2006.11.149
1088,MED,16211459,16211459,,10.1007/s00408-004-2534-z,Different effects of growth factors on proliferation and matrix production of normal and fibrotic human lung fibroblasts.,"Hetzel M, Bachem M, Anders D, Trischler G, Faehling M.",,2005,2005-07-01,,eng,N,N,N,150,yes,https://doi.org/10.1007/s00408-004-2534-z
1089,MED,16910460,16910460,,,[Genetic basis in chronic interstitial familial pneumopathy. Familial study of SFTPC].,"Somaschini M, Cavazza A, Riva S, Sassi I, Carrera P.",,2005,2005-05-01,,ita,N,N,N,2,yes,
1090,MED,15734789,15734789,,10.1152/ajplung.00007.2005,Lung infection with gamma-herpesvirus induces progressive pulmonary fibrosis in Th2-biased mice.,"Mora AL, Woods CR, Garcia A, Xu J, Rojas M, Speck SH, Roman J, Brigham KL, Stecenko AA.",,2005,2005-02-25,,eng,N,N,N,85,yes,https://doi.org/10.1152/ajplung.00007.2005
1091,MED,15640309,15640309,,10.1093/annhyg/meh090,Occupational and environmental factors and idiopathic pulmonary fibrosis in Japan.,"Miyake Y, Sasaki S, Yokoyama T, Chida K, Azuma A, Suda T, Kudoh S, Sakamoto N, Okamoto K, Kobashi G, Washio M, Inaba Y, Tanaka H.",,2005,2005-01-07,,eng,N,N,N,72,yes,https://academic.oup.com/annweh/article-pdf/49/3/259/368289/meh090.pdf
1092,MED,27499722,27499722,PMC4975536,10.2174/1573398052953613,Bone Marrow-Derived Cells in the Pathogenesis of Lung Fibrosis.,"Moore BB, Thannickal VJ, Toews GB.",,2005,2005-01-01,,eng,N,Y,Y,13,yes,https://doi.org/10.2174/1573398052953613
1093,MED,15010734,15010734,,10.1155/2004/935458,Rapidly progressive pulmonary fibrosis in a patient treated with danazol for idiopathic thrombocytopenic purpura.,"Pakhale S, Moltyaner Y, Chamberlain D, Lazar N.",,2004,2004-01-01,,eng,N,N,N,3,yes,http://downloads.hindawi.com/journals/crj/2004/935458.pdf
1094,MED,14660483,14660483,,10.1152/ajplung.00208.2003,Conditional expression of transforming growth factor-alpha in adult mouse lung causes pulmonary fibrosis.,"Hardie WD, Le Cras TD, Jiang K, Tichelaar JW, Azhar M, Korfhagen TR.",,2004,2003-12-05,,eng,N,N,N,105,yes,https://doi.org/10.1152/ajplung.00208.2003
1095,MED,12841300,12841300,,10.1016/s0889-857x(03)00025-5,Interstitial lung disease in scleroderma.,White B.,,2003,2003-05-01,,eng,N,N,N,69,yes,https://doi.org/10.1016/s0889-857x(03)00025-5
1096,MED,12373774,12373774,,10.1002/1522-2683(200210)23:19<3434::aid-elps3434>3.0.co;2-r,Bronchoalveolar lavage fluid protein composition in patients with sarcoidosis and idiopathic pulmonary fibrosis: a two-dimensional electrophoretic study.,"Magi B, Bini L, Perari MG, Fossi A, Sanchez JC, Hochstrasser D, Paesano S, Raggiaschi R, Santucci A, Pallini V, Rottoli P.",,2002,2002-09-01,,eng,N,N,N,91,yes,https://doi.org/10.1002/1522-2683(200210)23:19<3434::AID-ELPS3434>3.0.CO;2-R
1097,MED,11584175,11584175,,10.1097/00063198-200109000-00004,Dust-induced interstitial lung disease in the tropics.,"Jindal SK, Aggarwal AN, Gupta D.",,2001,2001-09-01,,eng,N,N,N,13,yes,https://doi.org/10.1097/00063198-200109000-00004
1098,MED,11241561,11241561,,10.1002/1097-0274(200103)39:3<286::aid-ajim1016>3.0.co;2-7,Polymorphisms of the IL-1 gene complex in coal miners with silicosis.,"Yucesoy B, Vallyathan V, Landsittel DP, Sharp DS, Matheson J, Burleson F, Luster MI.",,2001,2001-03-01,,eng,N,N,N,32,yes,https://doi.org/10.1002/1097-0274(200103)39:3<286::aid-ajim1016>3.0.co;2-7
1099,MED,8912775,8912775,,10.1164/ajrccm.154.5.8912775,Tissue localization of transforming growth factor-beta1 in pulmonary eosinophilic granuloma.,"Asakura S, Colby TV, Limper AH.",,1996,1996-11-01,,eng,N,N,N,29,yes,https://doi.org/10.1164/ajrccm.154.5.8912775
1100,MED,8891199,8891199,,10.1159/000109195,Cytokines and pulmonary fibrosis.,"Zhang K, Phan SH.",,1996,1996-07-01,,eng,N,N,N,85,yes,https://doi.org/10.1159/000109195
1101,MED,8629860,8629860,,10.1080/00039896.1996.9935990,Tumor necrosis factor alpha gene expression in human monocytic THP-1 cells exposed to beryllium.,"Galbraith GM, Pandey JP, Schmidt MG, Arnaud P, Goust JM.",,1996,1996-01-01,,eng,N,N,N,8,yes,https://doi.org/10.1080/00039896.1996.9935990
1102,MED,7542280,7542280,PMC185196,10.1172/jci118029,Expression of a tumor necrosis factor-alpha transgene in murine lung causes lymphocytic and fibrosing alveolitis. A mouse model of progressive pulmonary fibrosis.,"Miyazaki Y, Araki K, Vesin C, Garcia I, Kapanci Y, Whitsett JA, Piguet PF, Vassalli P.",,1995,1995-07-01,,eng,N,Y,Y,267,yes,https://doi.org/10.1172/JCI118029
1103,MED,7731118,7731118,,,[Progressive pulmonary fibrosis in a case of Sjögren's syndrome with asbestos exposure].,"Ishida M, Yamada Y, Nakazaki S, Kawami M, Ebihara I.",,1995,1995-02-01,,jpn,N,N,N,0,yes,
1104,MED,8279154,8279154,PMC1022347,,Hypersensitivity pneumonitis.,Kaltreider HB.,,1993,1993-11-01,,eng,N,Y,Y,21,yes,https://europepmc.org/articles/PMC1022347
1105,MED,8342914,8342914,,10.1164/ajrccm/148.2.487,A new model of progressive pulmonary fibrosis in rats.,"Last JA, Gelzleichter TR, Pinkerton KE, Walker RM, Witschi H.",,1993,1993-08-01,,eng,N,N,N,11,yes,https://doi.org/10.1164/ajrccm/148.2.487
1106,MED,1572093,1572093,,10.1111/j.1365-2249.1992.tb03074.x,In vivo levels and in vitro production of interferon-gamma in fibrosing interstitial lung diseases.,"Prior C, Haslam PL.",,1992,1992-05-01,,eng,N,N,N,76,yes,https://doi.org/10.1111/j.1365-2249.1992.tb03074.x
1107,MED,2169654,2169654,PMC462634,10.1136/thx.45.8.591,Bronchoalveolar lavage in patients with mild and severe rheumatoid lung disease.,"Gilligan DM, O'Connor CM, Ward K, Moloney D, Bresnihan B, FitzGerald MX.",,1990,1990-08-01,,eng,N,Y,Y,26,yes,https://doi.org/10.1136/thx.45.8.591
1108,MED,2457963,2457963,,10.1016/0300-483x(88)90084-4,An investigation of possible models for the production of progressive pulmonary fibrosis in the rat. The effects of repeated intratracheal instillation of bleomycin.,"Brown RF, Drawbaugh RB, Marrs TC.",,1988,1988-09-01,,eng,N,N,N,22,yes,https://doi.org/10.1016/0300-483x(88)90084-4
1109,MED,3697320,3697320,,,[3 cases of adenocarcinoma in patients with diffuse chronic interstitial progressive pulmonary fibrosis].,"Figura-Chojak E, Grymiński J, Marzinek M, Słupek A.",,1987,1987-09-01,,pol,N,N,N,0,yes,
1110,MED,3604756,3604756,,10.1111/j.0954-6820.1987.tb03363.x,Progressive pulmonary fibrosis complicating cyclophosphamide therapy.,Stentoft J.,,1987,1987-01-01,,eng,N,N,N,9,yes,https://doi.org/10.1111/j.0954-6820.1987.tb03363.x
1111,MED,3768629,3768629,,10.1259/0007-1285-59-706-1037,Failure of radiotherapy to reverse progressive pulmonary fibrosis caused by paraquat.,"Bloodworth LL, Kershaw JB, Stevens PE, Alcock CJ, Rainford DJ.",,1986,1986-10-01,,eng,N,N,N,7,yes,https://doi.org/10.1259/0007-1285-59-706-1037
1112,MED,2415389,2415389,,10.1016/0014-4800(85)90071-1,"Progressive pulmonary fibrosis in rats: a biochemical, cell kinetic, and morphologic analysis.","Tryka AF, Witschi H, Lindenschmidt RC.",,1985,1985-12-01,,eng,N,N,N,10,yes,https://doi.org/10.1016/0014-4800(85)90071-1
1113,MED,3159514,3159514,,10.1016/0009-8981(85)90294-3,"Elevated serum galactosylhydroxylysyl glucosyltransferase, a collagen synthesis marker, in fibrosing lung diseases.","Anttinen H, Terho EO, Järvensivu PM, Savolainen ER.",,1985,1985-05-01,,eng,N,N,N,8,yes,https://doi.org/10.1016/0009-8981(85)90294-3
1114,MED,6197299,6197299,,10.3109/01902148309061511,Progressive pulmonary fibrosis in hamsters.,"Tryka AF, Godleski JJ, Skornik WA, Brain JD.",,1983,1983-11-01,,eng,N,N,N,15,yes,https://doi.org/10.3109/01902148309061511
1115,MED,7178674,7178674,,10.1159/000194517,Relief of breathlessness in a case of progressive pulmonary fibrosis.,"Laros CD, Bergstein PG.",,1982,1982-01-01,,eng,N,N,N,4,yes,https://doi.org/10.1159/000194517
1116,MED,7054658,7054658,,10.1056/nejm198201213060307,Case records of the Massachusetts General Hospital. Weekly clinicopathological exercises. Case 3-1982. An elderly woman with mild rheumatoid arthritis and progressive pulmonary fibrosis.,,,1982,1982-01-01,,eng,N,N,N,8,yes,http://content.nejm.org/cgi/content/abstract/306/3/157
1117,MED,151043,151043,,10.1055/s-0029-1231036,"[Progressive pulmonary fibrosis due to combined treatment with BCNU, cyclophosphospahmide and cytosin-arabinoside (author's transl)].","Bargon G, Anger B, Schreml W, Kubanek W, Heimpel H.",,1978,1978-09-01,,ger,N,N,N,0,yes,https://doi.org/10.1055/s-0029-1231036
1118,MED,656638,656638,,10.1007/bf01000593,[Progressive pulmonary fibrosis during combination chemotherapy with BCNU (author's transl)].,"Schreml W, Bargon G, Anger B, Kubanek B, Heimpel H.",,1978,1978-06-01,,ger,N,N,N,4,yes,https://doi.org/10.1007/BF01000593
1119,MED,666202,666202,,,[Destructive and progressive pulmonary fibrosis associated with ankylosing spondylarthritis].,"Brocard H, Gallouedec C, Blanchon F, Chamouard JL, Grunenwald D.",,1978,1978-04-01,,fre,N,N,N,1,yes,
1120,MED,1145536,1145536,PMC470285,10.1136/thx.30.3.316,Idiopathic progressive pulmonary fibrosis.,"Davies D, Crowther JS, MacFarlane A.",,1975,1975-06-01,,eng,N,Y,Y,15,yes,https://doi.org/10.1136/thx.30.3.316
1121,MED,5161828,5161828,,,Progressive pulmonary fibrosis during nitrofurantoin therapy. A case history with autopsy report.,"Ruikka I, Vaissalo T, Saarimaa H.",,1971,1971-01-01,,eng,N,N,N,4,yes,
1122,MED,5608569,5608569,,,[On the problem of diffuse progressive pulmonary fibrosis].,"Senkevich NA, Oleneva TN, Kochetkova TA.",,1967,1967-04-01,,rus,N,N,N,0,yes,
1123,MED,4177520,4177520,,,"[A contribution to the problem of the present status of diffuse progressive pulmonary fibrosis, the Hamman-Rich syndrom].",Levinsky L.,,1967,1967-01-01,,ger,N,N,N,0,yes,
1124,MED,13521603,13521603,,10.7326/0003-4819-48-4-774,Congenital cystic disease of the lung with progressive pulmonary fibrosis and carcinomatosis.,"McKUSICK VA, FISHER AM.",,1958,1958-04-01,,eng,N,N,N,23,yes,https://doi.org/10.7326/0003-4819-48-4-774
1125,MED,14796116,14796116,,10.1016/s0025-7125(16)35329-9,Chronic progressive pulmonary fibrosis.,HUMPHREYS EM.,,1951,1951-01-01,,eng,N,N,N,2,yes,https://doi.org/10.1016/S0025-7125(16)35329-9
