source,source_id,pmid,pmcid,doi,title,abstract,publication_year,publication_type,open_access,reviewer_1,reviewer_1_reason,reviewer_2,reviewer_2_reason,internal_consensus,features_json,human_decision
PPR,PPR1287428,,,10.64898/2026.07.27.740454,Compartmental Profiling of PDE4B in Systemic Sclerosis,"<h4>Objectives</h4>  The preferential phosphodiesterase 4B (PDE4B) inhibitor nerandomilast was recently approved for treatment of idiopathic pulmonary fibrosis (IPF) and progressive pulmonary fibrosis. Its proposed immunomodulatory, anti-fibrotic, and endothelial-stabilising actions target all three cardinal features of SSc, yet PDE4B expression has not been systematically characterised in SSc tissue. We aimed to define PDE4B expression across fibrotic organs and cellular compartments in SSc. <h4>Methods</h4>  PDE4B expression was profiled in SSc lung, peripheral blood mononuclear cells (PBMCs) and skin on the transcript level using single-cell RNA sequencing data and on the protein level using immunohistochemistry, immunofluorescence and multiplexed immunofluorescent stainings. <h4>Results</h4>  PDE4B was consistently dysregulated in immune cells across SSc tissue and PBMCs, with compartment-specific direction and distribution. In SSc-ILD lung, expression was increased in CD8⁺ and CD4⁺ memory T-cells. In PBMCs, expression was increased in B cells, monocytes, and CD8⁺ T-cells, and stratified patients into three endotypes (PDE4B  ˡᵒ /  ᵐᵉᵈ /  hi ) not distinguishable by clinical variables. In skin, bulk RNA-seq showed a significant global increase, which localized to myeloid cells in scRNA-seq data. Approximately 90% of FAP⁺ activated fibroblasts co-expressed PDE4B at the protein level in SSc skin, identifying the activated fibroblast compartment as a candidate target for PDE4B inhibition. No PDE4B dysregulation was detected in vascular cell types.  <h4>Conclusions</h4>  This first cell-type-resolved characterisation of PDE4B in SSc demonstrates consistent immune-cell dysregulation across tissues and protein-level enrichment in activated fibroblasts. This provides a human-tissue rationale for the immunomodulatory and anti-fibrotic effects of PDE4B inhibition and supporting PDE4B as a disease-relevant therapeutic target in SSc. <h4>Key messages</h4>  <h4>What is already known on this topic</h4>  Nerandomilast (BI 1015550), a PDE4B-preferential inhibitor, was approved for idiopathic pulmonary fibrosis and progressive pulmonary fibrosis. Pre-clinical studies indicate that PDE4B inhibition may act on all cardinal features of SSc. <h4>What this study adds</h4>  First cell-type-resolved characterization of PDE4B expression across SSc-affected lung, PBMCs, and skin. PBMC PDE4B expression is heterogeneous, stratifying patients into PDE4Bˡᵒ/ᵐᵉᵈ/ʰⁱ endotypes independent of standard clinical variables. scRNA-seq shows increased myeloid PDE4B expression in SSc skin, while ∼90% of FAP⁺ activated fibroblasts in SSc skin express PDE4B protein. <h4>How this study might affect research, practice or policy</h4>  The study strengthens the human-level evidence underpinning the target rationale for PDE4B inhibition in SSc.",2026,,N,retain,"Target terminology supported by ILD, treatment or PPF context.",adjudicate,Potential modern PPF treatment or regulatory context.,internal_adjudication_required,"{""canonical_title"": false, ""canonical_any"": false, ""ppf_title"": false, ""ppf_any"": true, ""ppf_acronym"": false, ""ild_context_hits"": [""systemic sclerosis""], ""treatment_context_hits"": [""nerandomilast"", ""anti-fibrotic""], ""exclusion_context_hits"": [], ""generic_ppf"": false, ""ipf_only"": false, ""source_type"": ""PPR""}",not reviewed
PPR,PPR1282924,,,10.64898/2026.07.19.26358441,Radiomics of the Airway (RadAr): Multi-Scale Airway Phenotyping for Disease Characterization on Routine CT Imaging,"<h4>Purpose</h4>  Airway remodeling is a convergent feature across respiratory diseases, yet current CT tools provide limited characterization of the airway tree. We present Radiomics of the Airway (RadAr), an automated framework for multi-scale airway phenotyping from routine chest CT. <h4>Methods</h4>  RadAr extracts multi-scale, interpretable airway measurements capturing luminal dimensions, tapering, architectural distortion, and global morphology and provides an interactive web portal for analysis and visualization. It was evaluated across four settings: 63-week mortality prediction in fibrotic interstitial lung disease (fILD; N=147), COVID-19 severity prediction (N=1164), structure-function association in progressive pulmonary fibrosis (PPF; N=9) and structure-inflammation markers in pediatric cystic fibrosis (CF; N=11). Unsupervised clustering identified airway phenotypes across the fILD and COVID-19 cohorts. <h4>Results</h4>  In fILD, lower-lobe architectural distortion was associated with mortality (balanced accuracy 0.654). In COVID-19, severe disease was independently associated with luminal dilation (AUC 0.719, odds ratio 2.32, p=0.017). In PPF, airway phenotypes correlated with forced vital capacity (ρ=0.83), mid-expiratory flow (ρ=0.87), and ¹²⁹Xe MRI alveolar gas exchange impairment (ρ=0.70). In pediatric CF, reduced tapering and increased cylindricity were associated with prior exacerbations and bronchoalveolar lavage neutrophilia (ρ=-0.64 to −0.78). Five phenotypes were identified from extensive, tapered airway trees to sparse, dilated, thick-walled, tortuous trees, with increasing COVID-19 severity and fILD mortality across this spectrum. <h4>Conclusions</h4>  RadAr identified interpretable, disease-specific airway signatures associated with function and outcomes across restrictive, obstructive, and mixed lung diseases in adult and pediatric settings. It provides a scalable framework that may support diagnosis, risk stratification, and longitudinal monitoring across pulmonary diseases.",2026,,N,retain,"Target terminology supported by ILD, treatment or PPF context.",exclude_candidate,No sufficiently direct PF-ILD/PPF focus under specificity-first review.,internal_adjudication_required,"{""canonical_title"": false, ""canonical_any"": false, ""ppf_title"": false, ""ppf_any"": true, ""ppf_acronym"": true, ""ild_context_hits"": [""interstitial lung disease""], ""treatment_context_hits"": [""forced vital capacity""], ""exclusion_context_hits"": [""covid-19""], ""generic_ppf"": false, ""ipf_only"": false, ""source_type"": ""PPR""}",not reviewed
PPR,PPR1173193,,,10.21203/rs.3.rs-8885422/v1,Anti-Ku antibody-positive interstitial lung disease: A retrospective study of 13 patients,"<title>Abstract</title>  <p>Background  Although anti-Ku antibodies have been reported in various connective tissue diseases (CTDs), data on the clinical characteristics of anti-Ku antibody-positive interstitial lung disease (ILD) remains limited. This study investigated the clinical, radiological, and pathological features of anti-Ku antibody-positive ILD. Methods  We retrospectively reviewed 13 patients with anti-Ku antibody-positive ILD at our institution between 2018 and 2025. Data on baseline characteristics, imaging, pathology, treatment, and outcomes were collected. Results  Seven patients were diagnosed with CTDs. CTD was present in idiopathic inflammatory myopathy (IIM; n = 2), Systemic sclerosis (SSc), IIM with SSc overlap, microscopic polyangiitis, rheumatoid arthritis, and Sjögren’s syndrome (n = 1, each). ILD preceded the diagnosis of CTDs in two of these patients. Nonspecific interstitial pneumonia (NSIP) was the most frequent pattern (n = 5, 38.5%) on chest computed tomography, followed by usual interstitial pneumonia (UIP, n = 4, 30.8%). On lung histopathology, NSIP with organizing pneumonia was the most frequent pathological pattern (n = 3, 37.5%), whereas UIP features were present in four patients. During the observation period (51.7 ± 32.1 months), four patients developed progressive pulmonary fibrosis (PPF). Among the seven patients in whom any radiological or pathological UIP feature was present, four (57.1%) developed PPF or experienced acute exacerbation. Conclusions  Anti-Ku antibody-positive ILD can exhibit progressive fibrotic behavior regardless of the CTD diagnosis. Radiological and/or pathological UIP features might represent indicators of disease progression. Careful follow-up is encouraged to ensure the early detection of CTD and fibrotic progression.</p>",2026,,N,retain,"Target terminology supported by ILD, treatment or PPF context.",adjudicate,Potential modern PPF treatment or regulatory context.,internal_adjudication_required,"{""canonical_title"": false, ""canonical_any"": false, ""ppf_title"": false, ""ppf_any"": true, ""ppf_acronym"": true, ""ild_context_hits"": [""interstitial lung disease"", ""connective tissue"", ""systemic sclerosis"", ""rheumatoid arthritis""], ""treatment_context_hits"": [], ""exclusion_context_hits"": [], ""generic_ppf"": false, ""ipf_only"": false, ""source_type"": ""PPR""}",not reviewed
PPR,PPR1220376,,,10.64898/2026.03.09.710578,Myeloid HIF-1α Sustains Hypoxic Fibrotic Fronts and Drives Pulmonary Fibrosis,"<h4>Rationale</h4>  Progressive fibrosing interstitial lung disease features “advancing fronts” where new matrix is deposited, but the signals sustaining these propagating niches remain incompletely defined. <h4>Objectives</h4>  To determine the spatial and temporal compartments in which HIF-1α operates during fibrotic progression and to test whether myeloid HIF-1α is a tractable driver of lesion propagation. <h4>Methods</h4>  We integrated human IPF datasets, clinical severity profiling, sarcoidosis peripheral blood immune phenotyping, multiplex immunofluorescence and spatial mapping in human lung tissue, single-cell transcriptomic analyses, and temporally staged bleomycin lung injury with genetic and lung-directed therapeutic perturbations. <h4>Measurements and Main Results</h4>  In the Lung Genome Research Consortium cohort, HIF1A expression was increased in IPF lungs and correlated with higher GAP scores. In sarcoidosis, circulating monocytes from patients with progressive disease exhibited increased HIF-1α compared with those with resolving disease. In IPF lungs, nuclear HIF-1α localized predominantly to CD68⁺ macrophages and PDGFRα⁺ fibroblasts concentrated within collagen-rich, αSMA⁺ advancing fronts, and single-cell analyses demonstrated enrichment of HIF-1α-linked transcriptional programs consistent with macrophage-fibroblast crosstalk (including pro-fibrotic growth factors, chemokines, and matrix-regulatory pathways). In bleomycin-induced fibrosis, HIF-1α activity emerged first in macrophages and subsequently in fibroblasts within pimonidazole-marked hypoxic rims bordering nascent αSMA⁺ foci. Myeloid-specific Hif1a deletion reduced front-associated macrophage persistence, attenuated fibroblast activation, and decreased collagen deposition. Two lung-directed strategies, inhaled liposomal echinomycin and inhaled shHif1a lipid nanoparticles, phenocopied these effects, demonstrating therapeutic tractability. <h4>Conclusions</h4>  These findings define a hypoxic front-zone niche in which myeloid HIF-1α sustains macrophage persistence and promotes fibroblast activation and matrix remodeling. By linking spatial compartmentalization to causal genetics and lung-directed intervention, our work identifies myeloid HIF-1α as a mechanism-anchored, locally targetable driver of fibrotic lesion propagation.",2026,,N,retain,"Target terminology supported by ILD, treatment or PPF context.",adjudicate,Canonical terminology exists but direct document focus must be confirmed.,internal_adjudication_required,"{""canonical_title"": false, ""canonical_any"": true, ""ppf_title"": false, ""ppf_any"": false, ""ppf_acronym"": false, ""ild_context_hits"": [""interstitial lung disease"", ""sarcoidosis""], ""treatment_context_hits"": [], ""exclusion_context_hits"": [], ""generic_ppf"": false, ""ipf_only"": false, ""source_type"": ""PPR""}",not reviewed
PPR,PPR1267738,,,10.64898/2026.03.03.26347353,Early Detection of Qualitative Fibrosis Progression Using Hybrid HU-Z-score CT Analysis: Overcoming Limitations of Traditional Quantitative Methods,"<h4>ABSTRACT</h4>  <h4>Background</h4>  Progressive pulmonary fibrosis carries poor prognosis despite availability of antifibrotics. Current progression criteria rely on functional decline (FVC ≥10% decline over 6-12 months), which detects disease worsening after significant structural damage. Previous quantitative CT (qCT) methods using fixed Hounsfield unit (HU) thresholds or volume-only measurements have shown inconsistent sensitivity for early progression. We hypothesized that a hybrid approach combining HU thresholding with Z-score normalization would detect qualitative progression (tissue densification) before quantitative territorial expansion. <h4>Methods</h4>  We developed a novel hybrid CT analysis method integrating: (1) HU threshold-based fibrosis detection (>-600 HU), (2) Z-score normalization for severity stratification (mild Z=1-2, moderate Z=2-3, severe Z≥3), and (3) five clinical progression criteria including qualitative worsening (ΔZ-score ≥0.5). The method was validated in two ILD patients with serial CT at short intervals (3.5 and 10 months). Automated lung segmentation, fibrosis quantification, and clinical decision support were implemented in Python (scikit-image, SimpleITK, NumPy). <h4>Results</h4>  In the index case (progressive COPD-fibrosis overlap, 3.5-month interval), traditional volume-based analysis showed minimal change (+1 mL, +2%), below significance threshold. However, the hybrid method detected significant qualitative progression: Z-score increased from 2.35 to 2.87 (+0.52 SD, p<0.05 criterion threshold), with emergence of 24 mL new severe fibrosis (Z≥3). This represented redistribution from mild/moderate to severe categories despite stable total volume. The qualitative progression criterion triggered clinical recommendation for antifibrotic consideration, which volume-only analysis would have missed. In a comparative case (10-month interval), massive quantitative progression (+136 mL, +191.5%) with moderate qualitative component (ΔZ +0.24) was detected, demonstrating method sensitivity across extreme progression patterns (pure densification vs dominant territorial expansion). <h4>Conclusions</h4>  The hybrid HU-Z-score method overcomes critical limitations of previous qCT approaches by detecting qualitative fibrosis progression (tissue densification) independent of territorial expansion. This enables identification of “Phase 1 progression” (densification) at 3-6 month intervals, earlier than functional criteria (6-12 months) or traditional volumetric CT analysis. The method provides objective, standardized clinical decision support for antifibrotic therapy initiation, addressing a critical gap in progressive fibrosing ILD management. Prospective validation in larger cohorts is warranted to establish optimal ΔZ-score thresholds and evaluate impact on clinical outcomes.",2026,,N,retain,"Target terminology supported by ILD, treatment or PPF context.",adjudicate,Canonical terminology exists but direct document focus must be confirmed.,internal_adjudication_required,"{""canonical_title"": false, ""canonical_any"": true, ""ppf_title"": false, ""ppf_any"": true, ""ppf_acronym"": false, ""ild_context_hits"": [""fibrosing ild""], ""treatment_context_hits"": [""antifibrotic"", ""progression criteria"", ""fvc""], ""exclusion_context_hits"": [], ""generic_ppf"": false, ""ipf_only"": false, ""source_type"": ""PPR""}",not reviewed
PPR,PPR1232821,,,10.64898/2025.11.28.691061,IgA antibodies against oxidation-specific epitopes are generated by double negative B cells and are associated with impaired lung function in fibrotic interstitial lung diseases,"<h4>Background</h4>  Fibrotic interstitial lung diseases (fILD) are characterized by progressive scarring of the lung and high mortality. Oxidation-specific epitopes (OSEs) form on oxidized lipids and proteins, are abundant in lungs of patients with fILD and perpetuate lung injury and fibrosis in animal models. OSE-targeting antibodies bind to OSEs and modulate their downstream effects. The objective of this study was to determine the association of OSE-targeting antibodies with lung function and other clinical outcomes, and to characterize OSE-specific B cell phenotypes in fILD. <h4>Methods</h4>  To determine the association of OSE-targeting antibodies and clinical outcomes in fILD, we measured plasma levels of OSE-specific antibodies against the malondialdehyde modified LDL mimotope P1 and anti-ApoB100 immune complex (anti-ApoB100 IC) in patients with fILD and age-matched controls. We then performed B cell phenotyping of patients with idiopathic pulmonary fibrosis (IPF) and healthy controls utilizing mass cytometry time of flight (CyTOF). To investigate effects of pro-fibrotic mediators on anti-OSE IgA antibody production, we measured B cell responses to OSEs  in vitro .  <h4>Results</h4>  Cohort of 109 patients with fILD (Hypersensitivity Pneumonitis, Idiopathic Pulmonary Fibrosis, Nonspecific Interstitial Pneumonia, Connective Tissue Disease–Associated Interstitial Lung Disease) and 55 healthy donors, and a second cohort of 20 patients with IPF and 9 healthy donors were included in the study. OSE-specific antibody levels anti-P1 and anti-ApoB100 IC IgA and IgG were significantly elevated in participants with fILD compared to healthy donors (p<0.0001). Higher anti-OSE IgA was associated with worse baseline lung function, including forced vital capacity (FVC) (p<0.001) and diffusing capacity for carbon monoxide (DLCO) (p<0.01). IgA  + CD27  - CD21  - CD11c  + double negative type 2 (DN2) B cells correlated with anti-OSE IgA levels (p<0.05) and were enriched in OSE-specific cells. DN2 B cell precursors, CXCR5  - CD11c  + naive B cells and IgA  + CD27  - CD21  - CD11c  - DN3 B cells, were significantly expanded in IPF compared to healthy donors. Both DN2 and DN3 B cells correlated with plasmablast pools in IPF patients and showed high baseline levels of IL-21 receptor, which was reduced in more differentiated cells. TGF-β combined with OSEs, but not OSEs alone, induced OSE-specific IgA production  in vitro .  <h4>Conclusions</h4>  Circulating anti-OSE IgA antibodies are elevated in patients with fibrotic ILDs regardless of underlying pathology and negatively correlate with lung function. These antibodies correlated with the DN2 B cell subset which was enriched in OSE-specific cells. Phenotypic analysis of B cell subsets showed expression of markers consistent with DN to plasmablast differentiation. Finally, TGF-β promoted OSE-IgA production  in vitro . These findings show a novel link between oxidative tissue damage, anti-OSE antibodies and DN2 B cells in fILD which may provide opportunities for new targeted therapies.",2025,,N,adjudicate,Insufficient information for sensitivity-safe disposition.,exclude_candidate,No sufficiently direct PF-ILD/PPF focus under specificity-first review.,internal_adjudication_required,"{""canonical_title"": false, ""canonical_any"": false, ""ppf_title"": false, ""ppf_any"": false, ""ppf_acronym"": false, ""ild_context_hits"": [""interstitial lung disease"", ""interstitial lung diseases"", ""fibrotic ild"", ""connective tissue"", ""hypersensitivity pneumonitis""], ""treatment_context_hits"": [""forced vital capacity"", ""fvc""], ""exclusion_context_hits"": [""in vitro""], ""generic_ppf"": false, ""ipf_only"": false, ""source_type"": ""PPR""}",not reviewed
AGR,IND608974623,,,,Identification of early genes in the pathophysiology of fibrotic interstitial lung disease in a new model of pulmonary fibrosis,"Some interstitial lung diseases involve pulmonary fibrosis, which is a process that is characterized by the excessive and abnormal accumulation of extracellular matrix in the pulmonary interalveolar space. Although the current anti-fibrotic therapy aims at slowing down the progression of pulmonary fibrosis, it does not reverse it, and many of the drugs that were identified in basic-research studies failed in clinical phases, mainly because of the lack of a model that can recapitulate the pathophysiological mechanisms of human pulmonary fibrosis. We developed a novel experimental model of pulmonary fibrosis induced by a cocktail of molecules on an air/liquid interface culture of mouse embryonic lung explants. Histological analyses revealed a pattern of usual interstitial pneumonia, the worst-prognosis form of pulmonary fibrosis. We performed a transcriptomics analysis at the single-cell level after the induction of fibrosis and before any histological signs of fibrosis could be observed. The results revealed increased expression of several gene families that are involved in early inflammation, fibrosis and iron homeostasis, as well as potential new genetic targets.",2025,,N,adjudicate,Insufficient information for sensitivity-safe disposition.,exclude_candidate,No sufficiently direct PF-ILD/PPF focus under specificity-first review.,internal_adjudication_required,"{""canonical_title"": false, ""canonical_any"": false, ""ppf_title"": false, ""ppf_any"": false, ""ppf_acronym"": false, ""ild_context_hits"": [""interstitial lung disease"", ""interstitial lung diseases""], ""treatment_context_hits"": [""anti-fibrotic""], ""exclusion_context_hits"": [""mouse""], ""generic_ppf"": false, ""ipf_only"": false, ""source_type"": ""AGR""}",not reviewed
PPR,PPR1108040,,,10.1101/2025.10.24.25338616,Fibrosing interstitial lung disease in childhood: prevalence and disease trajectories,"<h4>Background</h4>  Pulmonary fibrosis is of critical importance in childhood interstitial lung disease (chILD), yet fibrosis prevalence, impact on the clinical progression, and survival have not been systematically evaluated. <h4>Methods</h4>  Data were extracted from the chILD-EU register, a European prospective multicenter cohort study with centralized peer-review on patient inclusion and systematic scoring of computed tomography (CT) scans and lung biopsies. Pulmonary fibrosis was determined based on predefined criteria (fibrosis register) or criteria used in clinical trials (fibrosis trial). We calculated fibrosis rates of chILD entities, evaluated fibrosis criteria and assessed longitudinal pulmonary function testing and survival rates of children with or without fibrosis. <h4>Results</h4>  1,071 children diagnosed with chILD were included in the final analysis. The childhood prevalence of fibrosis was for 20.5% (220/1071) according to a single time point, register definition and 11.6% (62/534) according to the dual time point, trial definition. At the age when the children were able to perform pulmonary function tests, those with fibrosis had 15-20% worse predicted forced vital capacity (ppFVC), were older and diagnosed later. Throughout childhood, the disease trajectories assessed as decline in ppFVC and survival did not differ between children with or without pulmonary fibrosis or between the two fibrosis definitions. Overall, survival until the age of 20 years was about 70%. <h4>Conclusions</h4>  This study assesses the prevalence, pulmonary function progression and survival of pulmonary fibrosis in chILD. The application of standardized criteria for pulmonary fibrosis enables identification of affected children among patients and may support early selection for anti-fibrotic therapies.",2025,,N,adjudicate,Insufficient information for sensitivity-safe disposition.,exclude_candidate,No sufficiently direct PF-ILD/PPF focus under specificity-first review.,internal_adjudication_required,"{""canonical_title"": false, ""canonical_any"": false, ""ppf_title"": false, ""ppf_any"": false, ""ppf_acronym"": false, ""ild_context_hits"": [""interstitial lung disease""], ""treatment_context_hits"": [""anti-fibrotic"", ""forced vital capacity"", ""fvc""], ""exclusion_context_hits"": [], ""generic_ppf"": false, ""ipf_only"": false, ""source_type"": ""PPR""}",not reviewed
PPR,PPR1096056,,,10.21203/rs.3.rs-7677215/v1,"Drug–drug interactions with pioglitazone, losartan, and midazolam and anti-tumor efficacy and safety study of TAS- 115 in patients with solid tumors","<title>Abstract</title>  <p>  <bold>Purpose</bold>  TAS-115 is an oral multi-kinase inhibitor currently under development for the treatment of osteosarcoma and chronic fibrosing interstitial lung diseases with a progressive phenotype. In this study, we evaluated the effect of multiple administrations of TAS-115 on the pharmacokinetic (PK) changes in CYP2C8, CYP2C9, and CYP3A4 substrates, as well as its anti-tumor efficacy and safety in patients with solid tumors.  <bold>Methods</bold>  Patients received a single oral dose of pioglitazone (CYP2C8 substrate) followed by a cocktail dose of losartan (CYP2C9 substrate) and midazolam (CYP3A4 substrate), both before and during the period of multiple oral TAS-115 doses to evaluate the impact on individual drug PKs with and without TAS-115. Patients who met the inclusion criteria received multiple administrations of TAS-115 in a 21-day cycle (5 days on, 2 days off) until the treatment discontinuation criteria were met.  <bold>Results</bold>  TAS-115 increased the area under the plasma concentration-time curve from time 0 to infinity (AUCinf) for pioglitazone, losartan, midazolam and 1-hydroxymidazolam by a geometric mean ratio (GMR) of 1% (90% confidence interval: 0.9070–1.1249), 11% (0.9678–1.2643), -7% (0.8406–1.0325) and 5% (0.9531–1.1501), respectively. These treatments have manageable safety profiles. The overall response rate (ORR) was 6.3% and the disease control rate (DCR) was 37.5% for patients with solid tumors, including ORR of 25% and DCR of 50% for four patients with osteosarcoma.  <bold>Conclusion</bold>  TAS-115 had a limited impact on drug-drug interactions mediated by CYP2C8, CYP2C9, and CYP3A4. Further, the antitumor efficacy and safety profile of TAS-115 suggest its potential as a treatment option for osteosarcoma.  <bold>Clinical Trial Registration No.</bold>  jRCT2031210372.  <bold>Date of Registration</bold>  October 11, 2021.  </p>",2025,,N,adjudicate,Insufficient information for sensitivity-safe disposition.,exclude_candidate,No sufficiently direct PF-ILD/PPF focus under specificity-first review.,internal_adjudication_required,"{""canonical_title"": false, ""canonical_any"": false, ""ppf_title"": false, ""ppf_any"": false, ""ppf_acronym"": false, ""ild_context_hits"": [""interstitial lung disease"", ""interstitial lung diseases""], ""treatment_context_hits"": [], ""exclusion_context_hits"": [], ""generic_ppf"": false, ""ipf_only"": false, ""source_type"": ""PPR""}",not reviewed
PPR,PPR1192433,,,10.22541/au.175465821.12891217/v1,Combined Therapy Using Nerandomilast and Nintedanib Enhances Treatment of Silica-Induced Silicosis in Mice,"Silicosis, a chronic occupational lung disease from silica dust inhalation, features progressive pulmonary fibrosis. While antifibrotics Nerandomilast and Nintedanib show individual efficacy, monotherapy often inadequately addresses complex disease needs. This study evaluated their combined therapeutic potential and mechanisms in a silica-exposed mouse silicosis model. Results demonstrated that combination therapy surpassed monotherapy in alleviating pulmonary fibrosis and inflammation. The enhanced efficacy stemmed from synergistic/complementary suppression of key pathological processes: pulmonary fibroblast proliferation, activation, migration, and extracellular matrix (ECM) deposition; pulmonary epithelial cell epithelial-mesenchymal transition (EMT); and pro-inflammatory cytokine release by M1 macrophages. Mechanistically, the combination synergistically/complementarily inhibited pivotal fibrotic pathways (TGF-β1-Smad/non-Smad) and inflammatory pathways (NF-κB and JAK2/STAT1), explaining its superior anti-fibrotic and anti-inflammatory effects. These findings highlight the potential of the combination therapy of Nerandomilast and Nintedanib as a promising therapeutic strategy for the treatment of silicosis and other fibrotic lung diseases. Future studies should further explore the detailed molecular mechanisms and long-term therapeutic effects of this combination therapy in both preclinical and clinical settings to fully realize its potential in the management of fibrotic diseases.",2025,,N,retain,"Target terminology supported by ILD, treatment or PPF context.",exclude_candidate,No sufficiently direct PF-ILD/PPF focus under specificity-first review.,internal_adjudication_required,"{""canonical_title"": false, ""canonical_any"": false, ""ppf_title"": false, ""ppf_any"": true, ""ppf_acronym"": false, ""ild_context_hits"": [], ""treatment_context_hits"": [""nintedanib"", ""nerandomilast"", ""antifibrotic"", ""anti-fibrotic""], ""exclusion_context_hits"": [""mouse"", ""mice""], ""generic_ppf"": false, ""ipf_only"": false, ""source_type"": ""PPR""}",not reviewed
PPR,PPR1061840,,,10.1101/2025.08.01.25332591,Trends in Medicare Part D Spending on Antifibrotic Therapies for Pulmonary Fibrosis: 2019–2023,"<h4>Background</h4>  Nintedanib and pirfenidone are antifibrotic agents approved for the treatment of idiopathic pulmonary fibrosis (IPF) and progressive fibrosing interstitial lung diseases. Despite their clinical significance, national trends in Medicare Part D spending and utilization for these therapies remain insufficiently characterized. <h4>Objective</h4>  To evaluate national trends in Medicare Part D spending, claims, and cost-per-claim for nintedanib and pirfenidone from 2019 to 2023. <h4>Methods</h4>  Medicare Part D Drug Spending Dashboard data were analyzed for total spending, number of claims, and average spending per claim for nintedanib and pirfenidone. Trends over five years were assessed. <h4>Results</h4>  Total spending on nintedanib increased from 2019 to 2023, with a consistent rise in both claims and average cost per claim. In contrast, pirfenidone’s total spending declined sharply, primarily due to a reduction in claims. The average cost per claim for both drugs increased over the study period. <h4>Conclusion</h4>  Medicare spending on antifibrotic therapies is increasingly dominated by nintedanib, reflecting evolving prescribing patterns and potential differences in tolerability or access. These findings have implications for cost-containment strategies and formulary management. <h4>Author Summary</h4>  Idiopathic pulmonary fibrosis (IPF) is a progressive lung disease treated with two antifibrotic medications: nintedanib and pirfenidone. These therapies are costly, and little is known about how Medicare has been spending on them in recent years. Using publicly available Medicare data from 2019 to 2023, we found that spending on nintedanib has increased significantly, while spending on pirfenidone has dropped. The average cost per prescription rose for both drugs. These findings may reflect changes in prescribing habits, patient access, and insurance coverage, and highlight the need to monitor drug costs and usage to ensure affordable treatment for patients.",2025,,N,retain,"Target terminology supported by ILD, treatment or PPF context.",adjudicate,Canonical terminology exists but direct document focus must be confirmed.,internal_adjudication_required,"{""canonical_title"": false, ""canonical_any"": true, ""ppf_title"": false, ""ppf_any"": false, ""ppf_acronym"": false, ""ild_context_hits"": [""interstitial lung disease"", ""interstitial lung diseases""], ""treatment_context_hits"": [""nintedanib"", ""pirfenidone"", ""antifibrotic""], ""exclusion_context_hits"": [], ""generic_ppf"": false, ""ipf_only"": false, ""source_type"": ""PPR""}",not reviewed
PPR,PPR1035307,,,10.1101/2025.06.10.25329329,Interstitial Lung Disease Fatigue & Breathlessness (ILD-FAB) Programme: A multidisciplinary feasibility study,"<h4>Background</h4> Fatigue, breathlessness and cough are prevalent symptoms of Interstitial Lung Disease (ILD) adversely impacting quality-of-life and contributing to psychological distress. The Fatigue and Breathlessness (FAB) programme facilitates supported self-management for people living with life-limiting conditions such as cancer. We explore its utility when adapted for people living with ILD. <h4>Methods</h4> The 4-week ILD-FAB programme offers each group of up to 6 participants weekly two-hour sessions led by an ILD-specialist Physiotherapist and Clinical Nurse Specialist (CNS). Primary focus is on strategies to manage breathlessness, fatigue and wellbeing. Further, a 1:1 session with the ILD-CNS enables participants to set personalised goals and explore individual health beliefs/behaviours using a Cognitive Behavioural Therapy (CBT) assessment framework. The self-reporting Chronic Respiratory Questionnaire (CRQ-SR) evaluates breathlessness, fatigue, emotional function and mastery at baseline and after 4 weeks. We facilitated eleven groups between March 2023 and December 2024. <h4>Results</h4> Forty-nine participants (26 male; median age 76 years [IQR=14]) were diagnosed with Idiopathic Pulmonary Fibrosis/IPF (n=21), Progressive Pulmonary Fibrosis/PPF (n=17) or non-progressive ILD (n=11) of various aetiologies. Lung function indicated a range of disease severity (FVC % predicted median: 70% [IQR=34]) Thirty-seven (76%) participants attended all four sessions, 6 (12%) attended three sessions, 2 (4%) attended two sessions and 4 (8%) attended one session. Thirty-seven patients, all who attended at least 3 sessions, completed the CRQ-SR at baseline and Week 4. Fifty-nine percent of respondents (n=22) demonstrated clinically significant improvements in dyspnoea scores, 51% (n=19) in emotional functioning scores and 49% (n=18) in fatigue and mastery scores. Thirty-five respondents (95%) demonstrated a clinically significant improvement in at least one domain. All participants (100%) would recommend this programme to others. <h4>Conclusion</h4> These data demonstrate feasibility, acceptability and clinical effectiveness of an ILD-specific FAB programme. Further research will explore a range of outcome measures longitudinally in a larger cohort. <h4>Key Messages</h4> What is already known on this topic - The FAB programme is delivered in hospices and NHS trusts UK-wide to improve confidence in fatigue and breathlessness management and reduce anxiety for people living with life-limiting illnesses such as cancer. Formal evaluations are positive but limited by small sample sizes and the use of non-validated outcome measures. What this study adds - Our FAB programme, adapted for people with ILD, is feasible, acceptable and clinically effective. How this study might affect research, practice or policy – The FAB programme offers one multimodal approach to improving self-management in people with ILD. Further research in a larger, more heterogeneous patient population will optimise outcome measures, broaden acceptability and determine cost-effectiveness.",2025,,N,retain,"Target terminology supported by ILD, treatment or PPF context.",adjudicate,Potential modern PPF treatment or regulatory context.,internal_adjudication_required,"{""canonical_title"": false, ""canonical_any"": false, ""ppf_title"": false, ""ppf_any"": true, ""ppf_acronym"": true, ""ild_context_hits"": [""interstitial lung disease""], ""treatment_context_hits"": [""fvc""], ""exclusion_context_hits"": [], ""generic_ppf"": false, ""ipf_only"": false, ""source_type"": ""PPR""}",not reviewed
PPR,PPR1034632,,,10.1101/2025.06.10.658504,Alveolar epithelial cell plasticity and injury memory in human pulmonary fibrosis,"Acute and repetitive lung epithelial injury can lead to irreversible and even progressive pulmonary fibrosis; Idiopathic pulmonary fibrosis (IPF) is a fatal disease and quintessential example of this phenomenon. The composition of epithelial cells in human pulmonary fibrosis – irrespective of disease etiology – is marked by the presence of Aberrant Basaloid cells: an abnormal cell phenotype with pro-fibrotic and senescent features, localized to the surface of fibrotic lesions. Despite their relevance to human pulmonary fibrosis, the exotic molecular profile of Aberrant Basaloid cells has obscured their etiology, preventing insights into how or why these cells emerge with fibrosis. Here we identify cellular intermediaries between Aberrant Basaloid and normal alveolar epithelial cells in human IPF tissue. We track the emergence of Aberrant Basaloid cells from alveolar epithelial cells  ex vivo and uncover a role for similar cells in epithelial regeneration under normal conditions. Lastly, we characterize the epigenetic changes that distinguish Aberrant Basaloid cells from their progenitors and identify hallmarks of AP-1 injury memory retention. This study elucidates the phenomenon of maladaptive epithelial plasticity and regeneration in pulmonary fibrosis and re-contextualizes therapeutic strategies for epithelial dysfunction.",2025,,N,exclude_candidate,Appears IPF-only without separable non-IPF PPF content.,exclude_candidate,No sufficiently direct PF-ILD/PPF focus under specificity-first review.,candidate_human_exclusion,"{""canonical_title"": false, ""canonical_any"": false, ""ppf_title"": false, ""ppf_any"": true, ""ppf_acronym"": false, ""ild_context_hits"": [], ""treatment_context_hits"": [], ""exclusion_context_hits"": [], ""generic_ppf"": true, ""ipf_only"": true, ""source_type"": ""PPR""}",not reviewed
PPR,PPR1033892,,,10.21203/rs.3.rs-6579267/v1,Predictors of progressive pulmonary fibrosis and survival in fibrosing interstitial lung disease-related usual interstitial pneumonia,"<title>Abstract</title>  <p>  <bold>Background:</bold>  Usual interstitial pneumonia (UIP) is associated with progressive pulmonary fibrosis (PPF) and poor survival in patients with fibrosing interstitial lung disease (FILD).  <bold>Objectives:</bold>  We aimed to investigate the predictors of PPF and survival in patients with FILD-UIP.  <bold>Design:</bold>  This retrospective study was conducted at a single, tertiary hospital in China. Patients underwent routine follow-up visits every 3 to 6 months according to standard operating procedures (SOPs).  <bold>Methods:</bold>  Patients with FILD-UIP were further stratified using the proposed PPF criteria.  <bold>Results:</bold>  This retrospective study enrolled 135 patients with FILD-UIP between October 2020 and December 2023, with 117 patients completing follow-up for more than 12 months. FILD-UIP was categorized as idiopathic pulmonary fibrosis (IPF) (  <italic>n</italic>  =67) and non-IPF-UIP (  <italic>n</italic>  =50) that included connective tissue disease-associated UIP (  <italic>n</italic>  =29), hypersensitivity pneumonitis-associated UIP (  <italic>n</italic>  =7), and interstitial pneumonia with autoimmune features-associated UIP (  <italic>n</italic>  =14). During the follow-up period, 32 (47.8%) patients with IPF and 19 (38.0%) non-IPF-UIP experienced PPF. Pulmonary hypertension (PH) and forced vital capacity (FVC%pred) were dependent risk factors for PPF in patients with FILD-UIP, non-IPF-UIP, and IPF. King’s Brief Interstitial Lung Disease (KBILD) is a dependent risk factor for PPF in patients with FILD-UIP and IPF. PPF is similarly associated with poor survival in patients with FILD-UIP, non-IPF-UIP, and IPF.  <bold>Conclusions:</bold>  Baseline disease severity is closely associated with the incidence of PPF, with all forms of FILD-UIP at risk of PPF and showing similar outcomes to IPF-UIP/PPF.  </p>",2025,,N,retain,Direct target construct in the title.,retain,The title directly names PF-ILD/PPF.,retain_for_human_screening,"{""canonical_title"": false, ""canonical_any"": false, ""ppf_title"": true, ""ppf_any"": true, ""ppf_acronym"": true, ""ild_context_hits"": [""interstitial lung disease"", ""non-ipf"", ""connective tissue"", ""hypersensitivity pneumonitis"", ""autoimmune""], ""treatment_context_hits"": [""forced vital capacity"", ""fvc""], ""exclusion_context_hits"": [""pulmonary hypertension""], ""generic_ppf"": false, ""ipf_only"": false, ""source_type"": ""PPR""}",not reviewed
PPR,PPR961769,,,10.20944/preprints202412.2610.v1,Imaging in Systemic Sclerosis-Associated Interstitial Lung Disease: Comparison of Transthoracic Lung Ultrasound and HR Chest CT in Detecting Characteristic Patterns,"<h4>Background: </h4> /Objectives: Even today the interstitial lung disease (ILD) is diagnosed by chest high-resolution computed tomography (lung HR-CT). A large amount of data is available about the use-fulness of lung ultrasound (LUS) in ILD. The aim of this study is to evaluate the LUS capacity to discrim-inate different ILD patterns in systemic sclerosis (SSc) patients, such as UIP, NSIP with GGO, and NSIP with GGO and reticulations, and then the possibilityto identify the progressive fibrosing ILD. <h4>Methods:</h4> All SSc-patients with recent HRCT performed underwent LUS. <h4>Results:</h4> ILD was observed in 99 (63.5%) patients (25% with UIP pattern, and 75% with NSIP pattern (46 with GGO, 28 with GGO and reticula-tions). By ROC curve analysis, that higher accuracy, sensitivity, and specificity were found for pleural line irregularity (0.68, 95.8%, and 41.5%, p=0.004), pleural line thickness (0.72, 70.8%, and 73.2%, p=0.001), and subpleural cyst (0.68, 58.3%, and 78.9%, p=0.004) to detect UIP pattern. The best performance among LUS signs for NSIP with GGO pattern was observed for B-lines (accuracy: 0.73, sensitivity: 92.9% and specific-ity: 54.3, p=0.0001). LUS signs with higher accuracy, sensitivity, and specificity for NSIP with GGO and reticulations were pleural line irregularity (0.69, 96%, and 42.1%, p=0.002), pleural line thickness (0.69, 65.4%, 72.7%, p=0.002), and B-lines (0.72, 96.2%, 48.8%, p=0.0001). Furthermore, a total number of B-line &gt; 10 maximises LUS performance with 92.3% sensitivity, and an accuracy of 0.83 (p=0.0001) to detect the NSIP pattern, particularly GGO. A sample-restricted analysis (66 SSc patients) evidenced the presence of progressive fibrosing ILD in 77%. By binary regression analysis, that the unique LUS sign associated with progressive fibrosing ILD was the presence of pleural line irregularity (OR: 3.6; 95% CI 1.08-11.9; p= 0.036). <h4>Conclusions:</h4> Our study demonstrated that the LUS presented a high capacity to discriminate the different patterns of SSc-ILD. Therefore, the hypothesis of using transthoracic LUS as a screening method for the evaluation of the presence of SSc-ILD and to establish the correct timing for the execution of chest HR-CT, in order to avoid patients from excessive exposure to ionising radiation is supported.",2024,,N,retain,"Target terminology supported by ILD, treatment or PPF context.",adjudicate,Canonical terminology exists but direct document focus must be confirmed.,internal_adjudication_required,"{""canonical_title"": false, ""canonical_any"": true, ""ppf_title"": false, ""ppf_any"": false, ""ppf_acronym"": false, ""ild_context_hits"": [""interstitial lung disease"", ""fibrosing ild"", ""systemic sclerosis""], ""treatment_context_hits"": [], ""exclusion_context_hits"": [], ""generic_ppf"": false, ""ipf_only"": false, ""source_type"": ""PPR""}",not reviewed
PPR,PPR882127,,,10.21203/rs.3.rs-4590296/v1,Prevalence of distress and changes over time among patients with progressive fibrosing interstitial lung disease,"<title>Abstract</title>  <p>Background  Patients with progressive fibrosing interstitial lung disease (PF-ILD) frequently experience respiratory symptoms and decline in activities of daily living (ADL) and quality of life (QOL) with disease progression. However, no effective treatment or palliative care strategy has been established for patients with PF-ILD. This study aimed to clarify the degree of physical and psychological distress in patients with PF-ILD and to evaluate symptom changes over a one-year period in patients with idiopathic pulmonary fibrosis (IPF) and those with other PF-ILDs (non-IPF). Methods  Consecutive patients diagnosed with PF-ILD were recruited. The participants were divided into two groups and evaluated at registration (T0), 26 weeks (T1), and 52 weeks (T2) after registration. They were also followed-up for symptoms, ADL, QOL, depressive condition, laboratory findings, and other factors from study registration to 52 weeks (T2). Results  Of the 70 patients with PF-ILD, 32 had IPF and 38 did not. The IPF and non-IPF groups showed no noticeable differences in clinical symptoms or laboratory findings on multivariate analysis at T0. The repeated-measures analysis of variance used to observe the changes over the course of the year in both groups showed that dyspnea in patients with IPF worsened from T1 to T2. In contrast, cough, which is one of the major symptoms in non-IPF patients, worsened, especially from T0 to T1 and T0 to T2. The QOL of non-IPF patients also declined from T0 to T1. Conclusions  Patients with PF-ILD demonstrated several clinical signs and symptoms. In this one-year follow-up study, dyspnea tended to be worse in patients with IPF and cough in non-IPF patients, and QOL was temporarily worse in non-IPF patients. Respiratory symptoms are directly related to the patient's daily life and led to reduced QOL. Therefore, further long-term studies in this population are required.</p>",2024,,N,retain,Direct target construct in the title.,retain,The title directly names PF-ILD/PPF.,retain_for_human_screening,"{""canonical_title"": true, ""canonical_any"": true, ""ppf_title"": false, ""ppf_any"": false, ""ppf_acronym"": false, ""ild_context_hits"": [""interstitial lung disease"", ""non-ipf""], ""treatment_context_hits"": [], ""exclusion_context_hits"": [], ""generic_ppf"": false, ""ipf_only"": false, ""source_type"": ""PPR""}",not reviewed
PPR,PPR873329,,,10.21203/rs.3.rs-4513072/v1,Predictive factors of progression in fibrosing interstitial lung disease patients with gender-age-physiology stage 0 or I,"<title>Abstract</title>  <p>The prognostic factors in mild fibrosing interstitial lung disease (FILD) have not been established. We retrospectively attempted to identify predictive factors of annual progression in mild FILD with gender-age-physiology (GAP) stage 0 or I using logistic regression analysis, adjusting for confounding factors associated with prognosis. Annual progression was defined as more than 10% decrease in forced vital capacity (FVC) or 15% decrease in diffusing capacity of the lungs for carbon monoxide (D<sub>LCO</sub>), developing acute exacerbation, or death due to FILD. Univariate analysis showed that higher age, diagnosis of fibrotic hypersensitivity pneumonia (HP), definite usual interstitial pneumonia (UIP) pattern on CT, GAP stage I, lowest SpO<sub>2</sub> and decrease in SpO<sub>2</sub>, and shorter walk distance in 6-minute walk test (6MWT) were significantly associated with a higher incidence of annual progression. Multivariate analysis showed that independent predictive factors of higher annual progression were diagnosis of idiopathic pulmonary fibrosis and fibrotic HP, definite UIP pattern on CT, GAP stage I, lower D<sub>LCO</sub>, lowest SpO<sub>2</sub> and decrease in SpO<sub>2</sub> in the 6MWT, and higher chronic pulmonary emphysema assessment test. Evaluating prognostic factors in patients with mild FILD has potential to identify patients who are suitable for early intervention with antifibrotic therapy.</p>",2024,,N,adjudicate,Insufficient information for sensitivity-safe disposition.,exclude_candidate,No sufficiently direct PF-ILD/PPF focus under specificity-first review.,internal_adjudication_required,"{""canonical_title"": false, ""canonical_any"": false, ""ppf_title"": false, ""ppf_any"": false, ""ppf_acronym"": false, ""ild_context_hits"": [""interstitial lung disease""], ""treatment_context_hits"": [""antifibrotic"", ""forced vital capacity"", ""fvc""], ""exclusion_context_hits"": [], ""generic_ppf"": false, ""ipf_only"": false, ""source_type"": ""PPR""}",not reviewed
PPR,PPR872786,,,10.21203/rs.3.rs-4513070/v1,Outcome after nintedanib therapy for fibrosing interstitial lung disease in patients without dyspnea,"<title>Abstract</title>  <p>The effectiveness and tolerability of antifibrotic drugs for asymptomatic patients with fibrosing interstitial lung disease (FILD) are unknown. We compared outcomes after starting nintedanib between 17 patients without dyspnea and 56 with dyspnea, adjusting for confounding factors associated with prognosis of FILD. At baseline, there were no significant differences in the incidence of > 4% decrease (69% vs. 89%, P = 0.11) or decrease to < 90% (25% vs. 54%, P = 0.051) in SpO<sub>2</sub> in 6-minute walk test. The incidence of annual progression [defined as > 10% decrease in forced vital capacity (FVC) or 15% decrease in diffusing capacity of lungs for carbon monoxide (D<sub>LCO</sub>), developing acute exacerbation, or FILD-related death] was significantly lower in non-dyspnea than dyspnea group (18% vs. 52%, adjusted P = 0.044). The relative change in D<sub>LCO</sub> was significantly slower in non-dyspnea group (adjusted P = 0.044), but FVC was not (adjusted P = 0.079). Overall survival defined by FILD-related death was longer in non-dyspnea group (adjusted P = 0.010). The discontinuation rate and therapeutic period of nintedanib were not significantly different between the two groups. Asymptomatic patients with FILD can have severe exercise-induced hypoxia and better outcome after nintedanib therapy compared with symptomatic patients. Antifibrotic drug therapy should not be avoided solely based on absence of symptoms.</p>",2024,,N,adjudicate,Insufficient information for sensitivity-safe disposition.,exclude_candidate,No sufficiently direct PF-ILD/PPF focus under specificity-first review.,internal_adjudication_required,"{""canonical_title"": false, ""canonical_any"": false, ""ppf_title"": false, ""ppf_any"": false, ""ppf_acronym"": false, ""ild_context_hits"": [""interstitial lung disease""], ""treatment_context_hits"": [""nintedanib"", ""antifibrotic"", ""forced vital capacity"", ""fvc""], ""exclusion_context_hits"": [], ""generic_ppf"": false, ""ipf_only"": false, ""source_type"": ""PPR""}",not reviewed
PPR,PPR868691,,,10.20944/preprints202406.0999.v1,Functional Improvement at One Year in Fibrotic Interstitial Lung Diseases–Prognostic Value of Baseline Biomarkers and Anti‐Inflammatory Therapies,"<h4>Background: </h4> The clinical spectrum of fibrotic interstitial lung diseases (ILD) is highly heterogeneous. We aimed to evaluate the prognostic value of widely available baseline biomarkers for improvement of lung function in patients with fibrotic ILD. <h4>Methods:</h4> This registry-based study included 142 patients with fibrotic ILD as defined by presence of reticulation, traction bronchiectasis or honeycombing on initial high-resolution computed tomography (HRCT). Functional improvement at 1 year was defined as relative increase of 5% in forced vital capacity (FVC) or of 10% in diffusion capacity for carbon monoxide (DLCO). The prognostic value of baseline biomarkers was evaluated for all patients and the subgroup with anti-inflammatory treatment. <h4>Results:</h4> At one year, 44 patients showed improvement while 73 progressed. Multivariate analyses found prognostic significance for age &amp;lt;60 years (OR 5.4; 95%CI 1.9-15.4; p=0.002), lactate dehydrogenase (LDH) &amp;gt;250U/L (OR 2.5; 95%CI 1.1-5.8; p=0.043) and blood monocyte count &amp;lt;0.8G/L (OR 3.5; 95%CI 1.1-11.3; p=0.034). In 84 patients undergoing anti-inflammatory treatment, multivariate analysis revealed age &amp;lt;60 years (OR 8.5 (95%CI 2.1-33.4; p=0.002) as the only significant variable. <h4>Conclusion:</h4> Younger age, higher LDH and lower blood monocyte count predicted functional improvement in fibrotic ILD patients, while in those treated with anti-inflammatory drugs, only age had significant implications.",2024,,N,adjudicate,Insufficient information for sensitivity-safe disposition.,exclude_candidate,No sufficiently direct PF-ILD/PPF focus under specificity-first review.,internal_adjudication_required,"{""canonical_title"": false, ""canonical_any"": false, ""ppf_title"": false, ""ppf_any"": false, ""ppf_acronym"": false, ""ild_context_hits"": [""interstitial lung disease"", ""interstitial lung diseases"", ""fibrotic ild""], ""treatment_context_hits"": [""forced vital capacity"", ""fvc""], ""exclusion_context_hits"": [], ""generic_ppf"": false, ""ipf_only"": false, ""source_type"": ""PPR""}",not reviewed
PPR,PPR857503,,,10.1101/2024.05.22.595205,<i>Let-7</i>  restrains an oncogenic circuit in AT2 cells to prevent fibrogenic cell intermediates in pulmonary fibrosis,"Analysis of lung alveolar type 2 (AT2) progenitor stem cells has highlighted fundamental mechanisms that direct their differentiation into alveolar type 1 cells (AT1s) in lung repair and disease. However, microRNA (miRNA) mediated post-transcriptional mechanisms which govern this nexus remain understudied. We show here that the  let-7 miRNA family serves a homeostatic role in governance of AT2 quiescence, specifically by preventing the uncontrolled accumulation of AT2 transitional cells and by promoting AT1 differentiation. Using mice and organoid models, we demonstrate genetic ablation of  let-7a1/let-7f1/let-7d cluster (  let-7afd ) in AT2 cells prevents AT1 differentiation and results in accumulation of AT2 transitional cells in progressive pulmonary fibrosis. Integration of AGO2-eCLIP with RNA-sequencing from AT2 cells uncovered the induction of direct targets of  let-7 in an oncogene feed-forward regulatory network including BACH1/EZH2/MYC which drives an aberrant fibrotic cascade. Additional analyses using CUT&RUN-sequencing revealed an epigenetic role of  let-7 in induction of chromatin histone acetylation and methylation and maladaptive AT2 cell reprogramming. This study identifies  let-7 as a key gatekeeper of post-transcriptional and epigenetic chromatin signals to prevent AT2-driven pulmonary fibrosis.",2024,,N,exclude_candidate,Generic fibrosis phrase in an unrelated context.,exclude_candidate,No sufficiently direct PF-ILD/PPF focus under specificity-first review.,candidate_human_exclusion,"{""canonical_title"": false, ""canonical_any"": false, ""ppf_title"": false, ""ppf_any"": true, ""ppf_acronym"": false, ""ild_context_hits"": [], ""treatment_context_hits"": [], ""exclusion_context_hits"": [""mice""], ""generic_ppf"": true, ""ipf_only"": false, ""source_type"": ""PPR""}",not reviewed
PPR,PPR828749,,,10.1101/2024.03.27.586923,Radioproteomics stratifies molecular response to antifibrotic treatment in pulmonary fibrosis,"Antifibrotic therapy with nintedanib is the clinical mainstay in the treatment of progressive fibrosing interstitial lung disease (ILD). High-dimensional medical image analysis, known as radiomics, provides quantitative insights into organ-scale pathophysiology, generating digital disease fingerprints. Here, we used an integrative analysis of radiomic and proteomic profiles (radioproteomics) to assess whether changes in radiomic signatures can stratify the degree of antifibrotic response to nintedanib in (experimental) fibrosing ILD. Unsupervised clustering of delta radiomic profiles revealed two distinct imaging phenotypes in mice treated with nintedanib, contrary to conventional densitometry readouts, which showed a more uniform response. Integrative analysis of delta radiomics and proteomics demonstrated that these phenotypes reflected different treatment response states, as further evidenced on transcriptional and cellular levels. Importantly, radioproteomics signatures paralleled disease- and drug related biological pathway activity with high specificity, including extracellular matrix (ECM) remodeling, cell cycle activity, wound healing, and metabolic activity. Evaluation of the preclinical molecular response-defining features, particularly those linked to ECM remodeling, in a cohort of nintedanib-treated fibrosing ILD patients, accurately stratified patients based on their extent of lung function decline. In conclusion, delta radiomics has great potential to serve as a non-invasive and readily accessible surrogate of molecular response phenotypes in fibrosing ILD. This could pave the way for personalized treatment strategies and improved patient outcomes.",2024,,Y,retain,"Target terminology supported by ILD, treatment or PPF context.",exclude_candidate,No sufficiently direct PF-ILD/PPF focus under specificity-first review.,internal_adjudication_required,"{""canonical_title"": false, ""canonical_any"": true, ""ppf_title"": false, ""ppf_any"": false, ""ppf_acronym"": false, ""ild_context_hits"": [""interstitial lung disease"", ""fibrosing ild""], ""treatment_context_hits"": [""nintedanib"", ""antifibrotic""], ""exclusion_context_hits"": [""mice""], ""generic_ppf"": false, ""ipf_only"": false, ""source_type"": ""PPR""}",not reviewed
PPR,PPR814707,,,10.21203/rs.3.rs-4000353/v1,Treatment patterns and patient journey in progressive pulmonary fibrosis: a cross-sectional survey,"<title>Abstract</title>  <p>Background  For patients with interstitial lung diseases (ILD) with a progressive pulmonary fibrosis (PPF) phenotype, current knowledge of disease characteristics at diagnosis, patient journey, and treatment is limited. This study aimed to describe demographics and clinical experiences of patients presenting with PPF in a European real-world setting. Methods  Data were analysed from the Adelphi Real World PPF-ILD Disease Specific Programme™, a cross-sectional survey of pulmonologists and rheumatologists in five European countries (France, Germany, Italy, Spain, United Kingdom) and internal medicine specialists (France) from April to October 2022. Physicians provided data for up to 12 consecutive patients with physician-confirmed ILD with a progressive phenotype other than idiopathic pulmonary fibrosis. Analyses were descriptive. Results  Overall, 265 physicians reported on 1,335 patients. Mean (standard deviation [SD]) age at survey date was 60.4 (11.6) years, 91.2% were white, 58.1% female, 44.0% non-smokers. The mean age (SD) at first healthcare professional (HCP) visit was 57.6 (12.1) years, with 63.3% patients first consulting a primary care physician. There was a mean delay of 7.8 (22.7) months between first ILD symptom and HCP visit, and another 7.7 (12.8) months to ILD diagnosis. There were 47.7% patients with physician-reported moderate ILD at survey date, 42.3% with mild and 10.0% with severe ILD. Disease progression was reported in the 12 months prior to the survey for 19.5% of patients; of these, progression was based on worsening symptom severity in 27.3% and on lung function decline in 25.8%. For patients experiencing symptoms prior to ILD diagnosis (72.8%), the most common symptoms were dyspnoea on exertion (80.5%) and cough (57.8%). Overall, 17.4% of patients were misdiagnosed prior to ILD diagnosis, with chronic obstructive pulmonary disease suspected in 39.2% of them. The most frequent comorbidities were anxiety (16.9%) and gastroesophageal reflux (15.5%). Although 77.8% of patients were receiving treatment for ILD at survey date, 15.6% of patients had never been prescribed treatment for ILD. Conclusions  This real-world study expands our understanding of patients, diagnostic delays and treatment gaps experienced by patients diagnosed with PPF in Europe. Given the progressive nature of PPF, diagnostic delay may lead to poor outcomes, including shorter survival. Trial registration:  n/a</p>",2024,,N,retain,Direct target construct in the title.,retain,The title directly names PF-ILD/PPF.,retain_for_human_screening,"{""canonical_title"": false, ""canonical_any"": false, ""ppf_title"": true, ""ppf_any"": true, ""ppf_acronym"": true, ""ild_context_hits"": [""interstitial lung disease"", ""interstitial lung diseases""], ""treatment_context_hits"": [], ""exclusion_context_hits"": [], ""generic_ppf"": false, ""ipf_only"": false, ""source_type"": ""PPR""}",not reviewed
PMC,PMC11150662,,PMC11150662,,Elucidating the interaction between stretch and stiffness using an agent-based spring network model of progressive pulmonary fibrosis,,2024,,Y,retain,Direct target construct in the title.,retain,The title directly names PF-ILD/PPF.,retain_for_human_screening,"{""canonical_title"": false, ""canonical_any"": false, ""ppf_title"": true, ""ppf_any"": true, ""ppf_acronym"": false, ""ild_context_hits"": [], ""treatment_context_hits"": [], ""exclusion_context_hits"": [], ""generic_ppf"": false, ""ipf_only"": false, ""source_type"": ""PMC""}",not reviewed
PPR,PPR771691,,,10.1101/2023.12.07.23298650,Focal Usual Interstitial Pneumonia-like Fibrosis is a Core Prognostic Factor in Progressive Pulmonary Fibrosis,"<h4>ABSTRACT</h4> Progressive pulmonary fibrosis (PPF) is a newly recognized clinical phenotype of interstitial lung diseases in the 2022 interstitial pulmonary fibrosis (IPF) guidelines. This category is based entirely on clinical and radiological factors, and the background histopathology is unknown. Our objective was to investigate the histopathological characteristics of PPF and to examine the correlation between usual interstitial pneumonia (UIP) and prognosis in this new disease type. We hypothesized that the presence of UIP like fibrosis predicts patients’ survival in PPF cases. We selected 201 cases fulfilling the clinical criteria of PPF from case archives. Cases diagnosed as IPF by a multidisciplinary team were excluded. Whole slide images were evaluated by three pathologists who were blind to clinical and radiological data. We measured areas of UIP-like fibrosis and calculated what percentage of the total lesion area they occupied. The presence of focal UIP-like fibrosis amounting to 10% or more of the lesion area was seen in 148 (73.6%), 168 (83.6%), and 165 (82.1%) cases for each pathologist respectively. The agreement of the recognition of UIP-like fibrosis in PPF cases was above κ = 0.6 between all pairs. Survival analysis showed that the presence of focal UIP-like fibrosis correlated with worsened survival under all parameters tested (p < 0.001). The presence of UIP-like fibrosis is a core pathological feature of clinical PPF and its presence within diseased areas is associated with poorer prognosis. This study highlights the importance of considering the presence of focal UIP like fibrosis in the evaluation and management of PPF.",2023,,N,retain,Direct target construct in the title.,retain,The title directly names PF-ILD/PPF.,retain_for_human_screening,"{""canonical_title"": false, ""canonical_any"": false, ""ppf_title"": true, ""ppf_any"": true, ""ppf_acronym"": true, ""ild_context_hits"": [""interstitial lung disease"", ""interstitial lung diseases""], ""treatment_context_hits"": [], ""exclusion_context_hits"": [], ""generic_ppf"": false, ""ipf_only"": false, ""source_type"": ""PPR""}",not reviewed
PPR,PPR767874,,,10.21203/rs.3.rs-3647278/v1,Assessing the Impact of Triiodothyronine Treatment on the Lung Microbiome of Mice with Pulmonary Fibrosis,"<title>Abstract</title>  <p>Background  Idiopathic pulmonary fibrosis (IPF) is an interstitial lung disease characterized by progressive pulmonary fibrosis (PF) exacerbation. IPF primarily affects older individuals and can lead to respiratory failure. This study aimed to assess the effects of triiodothyronine (T<sub>3</sub>) treatment on the lung microbiome of mice with PF. Methods  Mice were perfused with bleomycin (BLM) to establish a PF model. Using a randomized design, 40 female specific pathogen-free (SPF) C57BL6/N mice were divided into four groups: saline, saline + T<sub>3</sub>, BLM, and BLM + T<sub>3</sub>. Hematoxylin and eosin and Masson’s trichrome staining were used to detect histological morphology, and 16S rRNA microbial sequencing was used to identify lung bacteria. An Enzyme-Linked Immunosorbent Assay was used to measure total T<sub>3</sub> (TT<sub>3</sub>), free T<sub>3</sub> (FT<sub>3</sub>, and reverse T<sub>3</sub> (rT<sub>3</sub>) levels in the peripheral serum. Results  T<sub>3</sub> treatment ameliorated BLM-induced lung fibrosis and structural damage. The microbiome experienced a decrease in the abundance of Proteobacteria, Bacteroides, and Actinomycetes and an increase in the abundance of Firmicutes when exposed to BLM; however, T<sub>3</sub> treatment reversed this effect. The four groups showed no significant difference in alpha and beta microbiome diversity (P > 0.05), and the effect of T<sub>3</sub> treatment and BLM treatment on lung microbial alpha diversity was in the opposite direction, which was of positive significance; beta-diversity analysis suggested a relatively stable microbiome). Serum concentrations of TT<sub>3</sub> and FT<sub>3</sub> were positively correlated with microbiome abundance (P < 0.05). Administration of T<sub>3</sub> enhanced the microbiota in PF without affecting the diversity and biological functions of the microbiome (P > 0.05). Conclusion  T<sub>3</sub> treatment had a positive effect on the lung microbiome of mice with PF. This finding partially supports the use of T<sub>3</sub> as a potential drug for the treatment of PF.</p>",2023,,N,retain,"Target terminology supported by ILD, treatment or PPF context.",exclude_candidate,No sufficiently direct PF-ILD/PPF focus under specificity-first review.,internal_adjudication_required,"{""canonical_title"": false, ""canonical_any"": false, ""ppf_title"": false, ""ppf_any"": true, ""ppf_acronym"": false, ""ild_context_hits"": [""interstitial lung disease""], ""treatment_context_hits"": [], ""exclusion_context_hits"": [""mice""], ""generic_ppf"": false, ""ipf_only"": false, ""source_type"": ""PPR""}",not reviewed
AGR,IND608564101,,,,Factors associated with rapid progression in fibrotic interstitial lung disease,"Early identification of fibrotic interstitial lung disease (F-ILD) patients with high risk of progression will help initiate early therapeutic intervention and potential improvement of outcomes. This study was designed to assess the predictors of progression in patients with F-ILD. Patients with F-ILD in Shanghai Pulmonary Hospital between January 1, 2019 and July 31, 2021 were retrospectively analyzed. The patients enrolled were divided into progressive group and non-progressive group according to the specified criteria. Baseline characteristics were collected and a multivariate regression was conducted to identify independent predictors of progression. Of the 177 F-ILD cases, 87 were enrolled in the progressive group and 90 were in the non-progressive group. The cohort included 11 types of F-ILD, primarily were connective tissue disease-associated interstitial lung disease (CTD-ILD) (43, 24.3 %), idiopathic pulmonary fibrosis (IPF) (39, 22.0 %), interstitial pneumonia with autoimmune features (IPAF) (32, 18.1 %), and unclassifiable (23, 13.0 %). The highest proportion of progression was seen in nonspecific interstitial pneumonia (NSIP) subgroup (66.7 %), followed by IPF (59.0 %) and HP (57.1 %). After adjusting for gender and age, a course of disease longer than 9.5 months (OR: 2.633; 95 % CI: 1.190–5.826, P = 0.017), lymphocyte in peripheral blood more than 2.24 (10⁹/L) (OR: 2.670; 95 % CI: 1.095–6.510, P = 0.031), and emphysema in high-resolution computed tomography (HRCT) (OR: 2.387; 95 % CI: 1.017–5.640, P = 0.046) were independent predictors of progression in F-ILD patients. This study suggested that in patients with F-ILD, long course of disease, elevated blood lymphocyte and emphysema on HRCT were independent predictors of progression, which may suggest utility in early therapeutic intervention.",2023,,N,adjudicate,Insufficient information for sensitivity-safe disposition.,exclude_candidate,No sufficiently direct PF-ILD/PPF focus under specificity-first review.,internal_adjudication_required,"{""canonical_title"": false, ""canonical_any"": false, ""ppf_title"": false, ""ppf_any"": false, ""ppf_acronym"": false, ""ild_context_hits"": [""interstitial lung disease"", ""connective tissue"", ""unclassifiable"", ""autoimmune""], ""treatment_context_hits"": [], ""exclusion_context_hits"": [], ""generic_ppf"": false, ""ipf_only"": false, ""source_type"": ""AGR""}",not reviewed
PPR,PPR709186,,,10.21203/rs.3.rs-3184270/v1,Usefulness of transbronchial lung cryobiopsy when choosing treatment for chronic fibrosing interstitial lung disease: Descriptive research,"<h4>Background: </h4> Although transbronchial lung cryobiopsy (TBLC) is widely used in diagnostic algorithms for various interstitial lung diseases (ILD), its real-world utility in the therapeutic decision-making strategy for ILD patients remains unclear.  <h4>Methods: </h4>: We analyzed medical records of 40 consecutive patients with idiopathic or fibrotic hypersensitivity pneumonitis who underwent TBLC. A TBLC-based usual interstitial pneumonia (UIP) score was used to assess three morphologic descriptors: i) patchy fibrosis, ⅱ) fibroblastic foci, and ⅲ) honeycombing.  <h4>Results: </h4>: In our 40 patients with ILD, the most frequent radiological feature was indeterminate for UIP (45.0%). Final diagnosis included idiopathic pulmonary fibrosis (22.5%), fibrotic nonspecific interstitial pneumonia (5.0%), fibrotic hypersensitivity pneumonitis (35.0%), and unclassifiable ILD (37.5%). Linear mixed-effects analysis showed that declines in the slopes of %FVC and %DL CO in patients with TBLC-based UIP ‘Score ≥2’ were significantly steeper than those of patients with ‘Score ≤1’. During follow-up of patients with ‘Score ≥2’ (n = 24), more than half of them received combination therapy (i.e., anti-inflammatory and anti-fibrotic agents). Moreover, in the groups receiving an anti-fibrotic agent, many patients received anti-fibrotic agent administration within 6 months after the TBLC procedure. Among the groups with combination therapy, most patients received an anti-fibrotic agent within 6 months of the multi-disciplinary discussion-based diagnosis.  <h4>Conclusions: </h4>: TBLC-based UIP score ≥2 indicated the increased possibility of a progressive fibrosis course that may prove helpful in predicting progressive pulmonary fibrosis/progressive fibrosing ILD even if disease is temporarily stabilized due to anti-inflammatory agents. Patients may benefit from early introduction of anti-fibrotic agents by treating clinicians.",2023,,N,retain,"Target terminology supported by ILD, treatment or PPF context.",adjudicate,Canonical terminology exists but direct document focus must be confirmed.,internal_adjudication_required,"{""canonical_title"": false, ""canonical_any"": true, ""ppf_title"": false, ""ppf_any"": true, ""ppf_acronym"": false, ""ild_context_hits"": [""interstitial lung disease"", ""interstitial lung diseases"", ""fibrosing ild"", ""hypersensitivity pneumonitis"", ""unclassifiable""], ""treatment_context_hits"": [""anti-fibrotic"", ""fvc""], ""exclusion_context_hits"": [], ""generic_ppf"": false, ""ipf_only"": false, ""source_type"": ""PPR""}",not reviewed
PPR,PPR696035,,,10.20944/preprints202307.1440.v1,Anti-inflammatory and Antifibrotic Potential of Longidaza in the Bleomycin-induced Pulmonary Fibrosis,"Idiopathic pulmonary fibrosis (IPF) is one of the most common forms of interstitial lung disease characterized by progressive parenchymal fibrosis and respiratory failure. In a model of bleomycin-induced pulmonary fibrosis, the antifibrotic and anti-inflammatory activity of Longidaza (bovhyaluronidase azoxymer), which contains a conjugate of the hyaluronidase enzyme with a high molecular weight synthetic carrier azoxymer bromide, was investigated. Experiments were conducted in male C57BL/6 mice. Longidaza was administered at different doses by intranasal and intramuscular routes. Histology, hematology and enzyme-linked immunosorbent assay were used in the study. The use of Longidaza reduced pulmonary fibrosis as evidenced by an improvement in histopathologic damage to the lungs, a decrease in the area of connective tissue and the levels of profibrotic factors (TGF-β1, hydroxyproline, collagen I) in lung tissue. In addition, Longidaza inhibited the inflammatory response in pulmonary fibrosis, decreased the levels of IL-6, TNF-α, hyaluronic acid in lung tissue and the recruitment of inflammatory cells into lung tissue. The highest therapeutic efficacy was observed with the use of Longidaza at doses of 120 and 1200 U/kg intramuscularly, which was superior to that of the reference drug pirfenidone axunio. The data presented in this study suggest that Longidaza is a new and promising drug for the treatment of IPF that warrants further investigation in patients with fibrotic interstitial lung disease.",2023,,N,adjudicate,Insufficient information for sensitivity-safe disposition.,exclude_candidate,No sufficiently direct PF-ILD/PPF focus under specificity-first review.,internal_adjudication_required,"{""canonical_title"": false, ""canonical_any"": false, ""ppf_title"": false, ""ppf_any"": false, ""ppf_acronym"": false, ""ild_context_hits"": [""interstitial lung disease"", ""connective tissue""], ""treatment_context_hits"": [""pirfenidone"", ""antifibrotic""], ""exclusion_context_hits"": [""mice""], ""generic_ppf"": false, ""ipf_only"": false, ""source_type"": ""PPR""}",not reviewed
PPR,PPR694911,,,10.21203/rs.3.rs-3171136/v1,Expression profiles of nintedanib-targeting molecules in progressive fibrotic interstitial lung diseases (non-IPF-PF) and IPF,"<h4>Background: </h4> Idiopathic pulmonary fibrosis (IPF) and other types of progressive fibrotic interstitial lung diseases (non-IPF-PF), such as chronic hypersensitivity pneumonitis (cHP), systemic sclerosis (SSc), non-specific interstitial pneumonia (NSIP), and sarcoidosis, are common interstitial lung diseases. Nintedanib is one of the two approved therapies that can significantly slow the progression of IPF. However, the potential of nintedanib in non-IPF-PF has not been fully evaluated. <h4>Methods:</h4> We reanalyzed the single-cell data of IPF and non-IPF-PF and identified the main target genes of nintedanib (FGFR1, FGFR2, FGFR3, FLT1, FLT4, KDR, and PDGFRA) by subgroup classification and functional analysis of gene expression profiles in both IPF and non-IPF-PF. <h4>Results:</h4> We found that the main target genes of nintedanib were upregulated in IPF and various cell subpopulations of non-IPF-PF, including cHP, SSc, NSIP, and sarcoidosis, with Fgfr1 being the most elevated subpopulation. In fibroblasts, Fgfr1 was found to be elevated in both IPF and cHP. We identified nintedanib-sensitive cell subpopulations by analyzing the expression profiles of fibroblasts after nintedanib treatment. We also found that nintedanib could inhibit the nintedanib-sensitive gene set in mice treated with nintedanib in vivo. Furthermore, we demonstrated that key regulatory genes of nintedanib were positively correlated with survival in lung adenocarcinoma, providing further support for the potential anti-tumor activity of nintedanib in vivo. <h4>Conclusion:</h4> Our findings provide comprehensive evidence of the target expression of nintedanib in non-IPF-PF and IPF, highlighting the potential of nintedanib for the treatment of non-IPF-PF.",2023,,N,retain,Direct target construct in the title.,retain,The title directly names PF-ILD/PPF.,retain_for_human_screening,"{""canonical_title"": true, ""canonical_any"": true, ""ppf_title"": false, ""ppf_any"": false, ""ppf_acronym"": false, ""ild_context_hits"": [""interstitial lung disease"", ""interstitial lung diseases"", ""non-ipf"", ""systemic sclerosis"", ""hypersensitivity pneumonitis"", ""sarcoidosis""], ""treatment_context_hits"": [""nintedanib""], ""exclusion_context_hits"": [""mice""], ""generic_ppf"": false, ""ipf_only"": false, ""source_type"": ""PPR""}",not reviewed
PPR,PPR683907,,,10.21203/rs.3.rs-3107761/v1,Anti-Ro52 positivity is associated with progressive interstitial lung disease in systemic sclerosis - an exploratory study,"<h4>Background: </h4> Interstitial lung disease (ILD) is the most common cause of death in patients with systemic sclerosis (SSc). Prognostic biomarkers are needed to identify SSc-ILD patients at risk for progressive pulmonary fibrosis. This study investigates autoantibodies measured in bronchoalveolar lavage (BAL) fluid and in serum in reference to the clinical disease course of SSc-ILD.  <h4>Methods: </h4> Fifteen patients with new onset SSc-ILD underwent bronchoscopy. Autoantibody levels were analyzed using addressable laser bead immunoassay from BAL fluid and the serum. In a separate longitudinal cohort of 43 patients with early SSc-ILD, autoantibodies in serum were measured at baseline and pulmonary function tests were performed at least 2 times over the course of at least 2 or more years. Linear mixed effect models were created to investigate the relationship between specific autoantibodies and progression of SSc-ILD. Finally, lung tissue from subjects with and without SSc was analyzed for the presence of the Ro52 antigen using immunohistochemistry.  <h4>Results: </h4> Among SSc-ILD patients who were positive for anti-Ro52 (N=5), 3 (60%) had enrichment of anti-Ro52 in BAL fluid at a ratio exceeding 50x. In the longitudinal cohort, 10/43 patients (23%) were anti-Ro52 positive and 16/43 (37%) were anti-scl-70 positive. Presence of anti-Scl-70 was associated with a lower vital capacity (VC) at baseline (-12.6% predicted VC [%pVC]; 95%CI: -25.0, -0.29; p=0.045), but was not significantly associated with loss of lung function over time (-1.07 %pVC/year; 95%CI: -2.86, 0.71; p=0.230). The presence of anti-Ro52 was significantly associated with the loss of lung function over time (-2.41 %pVC/year; 95% CI: -4.28, -0.54; p = 0.013). Rate of loss of lung function increased linearly with increasing anti-Ro52 antibody levels (-0.03 %pVC per arbitrary units/mL and year; 95%CI: -0.05, -0.02; p<0.001). Immunohistochemical staining localized the Ro52 antigen to alveolar M2 macrophages in peripheral lung tissue both in subjects with and without SSc.  <h4>Conclusions: </h4> This study suggests that antibodies targeting Ro52 are enriched in the lungs of patients with new-onset SSc-ILD, linking Ro52 autoimmunity to the pulmonary pathology of SSc. Clinical and immunohistochemical data corroborates these findings and suggest that anti-Ro52 may serve as a potential biomarker of progressive SSc-ILD.",2023,,N,retain,"Target terminology supported by ILD, treatment or PPF context.",exclude_candidate,No sufficiently direct PF-ILD/PPF focus under specificity-first review.,internal_adjudication_required,"{""canonical_title"": false, ""canonical_any"": false, ""ppf_title"": false, ""ppf_any"": true, ""ppf_acronym"": false, ""ild_context_hits"": [""interstitial lung disease"", ""systemic sclerosis""], ""treatment_context_hits"": [], ""exclusion_context_hits"": [], ""generic_ppf"": false, ""ipf_only"": false, ""source_type"": ""PPR""}",not reviewed
PPR,PPR658313,,,10.1101/2023.05.08.23289640,Antigenic responses are hallmarks of fibrotic interstitial lung diseases independent of underlying etiologies,"<h4>Summary</h4> Interstitial lung diseases (ILD) are heterogeneous conditions that may lead to progressive fibrosis and death of affected individuals. Despite diversity in clinical manifestations, enlargement of lung-associated lymph nodes (LLN) in fibrotic ILD patients predicts worse survival. Herein, we revealed a common adaptive immune landscape in LLNs of all ILD patients, characterized by highly activated germinal centers and antigen-activated T cells including regulatory T cells (Tregs). In support of these findings, we identified serum reactivity to 17 candidate auto-antigens in ILD patients through a proteome-wide screening using phage immunoprecipitation sequencing. Autoantibody responses to actin binding LIM protein 1 (ABLIM1), a protein highly expressed in aberrant basaloid cells of fibrotic lungs, were correlated with LLN frequencies of T follicular helper cells and Tregs in ILD patients. Together, we demonstrate that end-stage ILD patients have converging immune mechanisms, in part driven by antigen-specific immune responses, which may contribute to disease progression.",2023,,N,adjudicate,Insufficient information for sensitivity-safe disposition.,exclude_candidate,No sufficiently direct PF-ILD/PPF focus under specificity-first review.,internal_adjudication_required,"{""canonical_title"": false, ""canonical_any"": false, ""ppf_title"": false, ""ppf_any"": false, ""ppf_acronym"": false, ""ild_context_hits"": [""interstitial lung disease"", ""interstitial lung diseases"", ""fibrotic ild""], ""treatment_context_hits"": [], ""exclusion_context_hits"": [], ""generic_ppf"": false, ""ipf_only"": false, ""source_type"": ""PPR""}",not reviewed
PPR,PPR592845,,,10.1101/2023.01.04.23284128,An Aetiological and Observational Cohort study of Interstitial Lung Abnormalities (ILAs) Including Progressive Fibrosing Phenotype Interstitial Lung Diseases in a Large General Medical Check-up Population (Kumamoto ILA study in Japan) (KILA-J),"<h4>ABSTRACT</h4> <h4>Introduction</h4> Interstitial lung abnormalities (ILAs) are subtle or mild parenchymal abnormalities observed in more than 5 % of the lungs on CT scans in patients in whom interstitial lung disease was not previously clinically suspected and is considered. ILA is considered to be partly undeveloped stages of idiopathic pulmonary fibrosis (IPF) or progressive pulmonary fibrosis (PPF). This study aims to clarify the frequency of subsequent IPF or PPF diagnosis, the natural course from the preclinical status of the diseases, and the course after commencing treatment. <h4>Methods and analysis</h4> This is an ongoing, prospective, multicentre observational cohort study of patients with ILA referred from general health screening facilities with more than 70000 annual attendances. Up to 500 participants will be enrolled annually over 3 years, with 5-year assessments every six months. Treatment intervention including anti-fibrotic agents will be introduced in disease progression cases. The primary outcome is the frequency of subsequent IPF or PPF diagnoses. Additionally, secondary and further endpoints are associated with the efficacy of early therapeutic interventions in cases involving disease progression. <h4>Ethics and dissemination</h4> This study protocol and informed consent documents have been approved by the Institutional Review Boards of Kumamoto University Hospital (approval number: 2368), Saiseikai Kumamoto Hospital (approval number: 809), and each participating institution. Additionally, written informed consent will be obtained from all participants. Patient recruitment commenced on 20 June 2022. The results will be disseminated through peer-reviewed publications and international conferences. <h4>Trial registration number</h4> UMIN000045149 <h4>Strengths and limitations of this study</h4> This is the first prospective, multicentre, observational study to clarify the following points: the aetiological data of patients with ILA from a large general health check-up population the natural course of IPF or PPF from the asymptomatic stage the effects and outcomes of early therapeutic intervention including anti-fibrotic agents for progressive cases of ILA. The limitations of the study: participants missing the regular 6-monthly visits after consenting to participate in the study because of their asymptomatic or the pandemic viral infection.",2023,,N,retain,Direct target construct in the title.,retain,The title directly names PF-ILD/PPF.,retain_for_human_screening,"{""canonical_title"": true, ""canonical_any"": true, ""ppf_title"": false, ""ppf_any"": true, ""ppf_acronym"": true, ""ild_context_hits"": [""interstitial lung disease"", ""interstitial lung diseases""], ""treatment_context_hits"": [""anti-fibrotic""], ""exclusion_context_hits"": [], ""generic_ppf"": false, ""ipf_only"": false, ""source_type"": ""PPR""}",not reviewed
PPR,PPR575584,,,10.21203/rs.3.rs-2292514/v1,Compare three diagnostic criteria of progressive pulmonary fibrosis,"<h4>Background: </h4> and objective: In patients with fibrotic interstitial lung disease (ILD), a progressive fibrosing phenotype (PPF) typically demonstrates worsening respiratory symptoms, lung function decline and continuing fibrosis. The goal of this study was to compare the three different diagnostic criteria of PPF.  <h4>Methods: </h4>: Except for idiopathic pulmonary fibrosis, all consecutive adult patients with fibrotic ILD were retrospectively examined for the three predefined diagnostic criteria of PPF. The three criteria assess the disease progression in preceding 6 (half-year), 12 (one-year) and 24 (two-year) months respectively. The clinical characteristics, decline in predicted percent of forced vital capacity (FVC%) and survival of the three groups were compared, followed by determination of risk factors for mortality.  <h4>Results: </h4> We identified 246 patients by half-year standard, 154 patients by one-year standard and 281 patients by two-year standard. Among them, 95% of patients in one-year group were also included in two-year group. The average one-year decline in FVC% was -1.0%, -2.7%, and -4.1% for half-year, one-year and two-year group respectively. The 4-year survival rate was 74% in half-year group, 66% in one-year group and 62% in two-year group. In multivariate Cox model, only baseline DLCO%<50% was correlated with mortality, with a hazard ratio of 3.4 (95% CI 1.1-10.6, P =0.03).  <h4>Conclusion: </h4> In the current situations, both the one-year and two-year criterion are the reasonable choice to define PPF both in researches and clinical practice, and DLCO% is an independent predictor for mortality of PPF.",2022,,N,retain,Direct target construct in the title.,retain,The title directly names PF-ILD/PPF.,retain_for_human_screening,"{""canonical_title"": false, ""canonical_any"": true, ""ppf_title"": true, ""ppf_any"": true, ""ppf_acronym"": true, ""ild_context_hits"": [""interstitial lung disease"", ""fibrotic ild""], ""treatment_context_hits"": [""forced vital capacity"", ""fvc""], ""exclusion_context_hits"": [], ""generic_ppf"": false, ""ipf_only"": false, ""source_type"": ""PPR""}",not reviewed
PPR,PPR531967,,,10.1101/2022.08.12.503154,CD98 is critical for a conserved inflammatory response to diverse injury stimuli relevant to IPF exacerbations and COVID pneumonitis,"Progressive fibrosing interstitial lung diseases (PFILDs) cause substantial morbidity and mortality. Antifibrotic agents slow progression, but most of the clinical need remains unmet. The archetypal PFILD is idiopathic pulmonary fibrosis (IPF). Chronic progression is driven by transforming growth factor (TGF-)β1 signalling. It is punctuated by inflammatory flares known as acute exacerbations (AE-IPF), which are associated with accelerated decline and high mortality. We hypothesized that acute injury responses underlying exacerbations and the mechanisms of chronic fibrosis overlap at the molecular level, via a cell surface assembly nucleated by galectin-3 that we term the ‘gal-3-fibrosome’. We focused upon a putative pro-inflammatory galectin-3 ligand, the CD98:integrin complex. Our data indicate CD98 and β1-integrin co-localise with galectin-3 within epithelial cells in IPF lung tissue, and within 40 nm in human lung tissue treated with TGF-β1 compared to controls. CD98 is required for interleukin (IL-)6 and IL-8 responses to biochemical and biophysical conditions mimicking stimuli of AE-IPF  in vivo ,  ex vivo and in cells, and for an interstitial neutrophilic response in a mouse model. We demonstrate this pathway progresses via intracellular influx of Ca  2+ mediated by TRPV4, and NF-κB activation, operating in positive feedback. Lastly we show the CD98- and galectin-3-dependence of IL-6 and IL-8 responses to the SARS-CoV-2 spike protein receptor binding domain and the conservation of this response pattern between lung epithelial cells and monocyte-derived macrophages. Taken together our findings identify CD98 as a key mediator of both pro-fibrotic and acute inflammatory responses in the lung with relevance to AE- and chronic progression of IPF, and the priming of fibrotic lungs for acute inflammatory responses. They similarly implicate CD98 and galectin-3 as mediators of COVID pneumonitis and worse outcomes in ILD patients with COVID.",2022,,N,retain,"Target terminology supported by ILD, treatment or PPF context.",exclude_candidate,No sufficiently direct PF-ILD/PPF focus under specificity-first review.,internal_adjudication_required,"{""canonical_title"": false, ""canonical_any"": true, ""ppf_title"": false, ""ppf_any"": false, ""ppf_acronym"": false, ""ild_context_hits"": [""interstitial lung disease"", ""interstitial lung diseases""], ""treatment_context_hits"": [""antifibrotic""], ""exclusion_context_hits"": [""mouse""], ""generic_ppf"": false, ""ipf_only"": false, ""source_type"": ""PPR""}",not reviewed
PPR,PPR513948,,,10.21203/rs.3.rs-1768337/v1,Clusters of comorbidities in fibrotic hypersensitivity pneumonitis,"<h4>Background: </h4> Hypersensitivity pneumonitis (HP) is a type of interstitial lung disease (ILD) with a variable disease course and prognosis ranging from inflammatory and self-limiting to irreversible and progressive pulmonary fibrosis. Comorbidities are common in HP and may have an impact on prognosis. Due to the heterogeneity of HP presentation and progression, the identification of specific phenotypes in relationship to disease course and outcome is essential. The aim of this study was to identify clusters of comorbidities which could represent phenotypes in fibrotic HP and examine their impact on prognosis. <h4>Methods: </h4>: Patients diagnosed with fibrotic HP at a tertiary referral center for ILD were included. Comorbidities were systematically registered and clusters of comorbidities were identified using cluster analyses. Disease progression and survival was estimated for each cluster. <h4>Results: </h4>: The cohort comprised 211 patients with 53.6% males, mean age 63.0, baseline FVC 72.7%, DLCO 44.1%. Median follow-up time was 1.8 years (IQR 0.7-3.9). Three clusters with distinct comorbidity profiles and clinical characteristics were identified. One cluster dominated by elder male patients with predominantly cardiovascular diseases was associated with more respiratory hospitalizations and a worse prognosis. Differences in pulmonary function or exercise capacity trajectories between clusters were not observed. <h4>Conclusions: </h4>: Three clusters with distinct comorbidities were identified and could represent phenotypes in fibrotic HP not previously recognized. The worst prognosis was observed in a cluster dominated by elder males with cardiovascular diseases. Increased focus on prevention and treatment of comorbidities could potentially improve the prognosis of patients with fibrotic HP.",2022,,N,retain,"Target terminology supported by ILD, treatment or PPF context.",adjudicate,Potential modern PPF treatment or regulatory context.,internal_adjudication_required,"{""canonical_title"": false, ""canonical_any"": false, ""ppf_title"": false, ""ppf_any"": true, ""ppf_acronym"": false, ""ild_context_hits"": [""interstitial lung disease"", ""hypersensitivity pneumonitis""], ""treatment_context_hits"": [""fvc""], ""exclusion_context_hits"": [], ""generic_ppf"": false, ""ipf_only"": false, ""source_type"": ""PPR""}",not reviewed
PPR,PPR445112,,,10.21203/rs.3.rs-1271280/v1,Lung CCR6-CXCR3- Th2 Cells as an Indicator of Progressive Fibrosing Interstitial Lung Diseases: A Prospective Observational Study,"<h4>Background: </h4> Progressive fibrosing interstitial lung diseases have a poor prognosis and may be resistant to corticosteroids and/or immunosuppressants, but antifibrotic therapies such as nintedanib and pirfenidone have been shown to slow the deterioration of lung function. The aim of this study is to identify the characteristic cellular profile of bronchoalveolar lavage fluid at diagnosis for predicting progressive fibrosing interstitial lung diseases. <h4>Methods: </h4>: Patients with interstitial lung diseases were divided into fibrotic and non-fibrotic phenotypes by chest high-resolution computed tomography. The progressive fibrosing phenotype was determined to be fibrotic diseases with more than a 5% relative decline in the percent predicted value of forced vital capacity over 6 months. The proportions of T cell, B cell, monocyte, and macrophage subsets and the degree of T cell activation in peripheral blood and bronchoalveolar lavage fluid were measured by flowcytometry. <h4>Results: </h4>: Fibrotic interstitial lung diseases (n=27) have a Th2-dominant phenotype, whereas non-fibrotic diseases (n=13) have a Th1/Th17-dominant phenotype in bronchoalveolar lavage fluid. In patients with fibrotic diseases, the proportion of Th2 cells, but not the serum KL-6 level or the proportion of lymphocytes, was significantly higher in patients with progressive fibrosing phenotype than in those with non-progressive phenotype, and the receiver operating characteristic curve analysis showed an AUC of 0.79. Thus, a greater population of Th2 cells in bronchoalveolar lavage fluid was diagnostic for progressive fibrosing phenotype. <h4>Conclusions: </h4>: An increased proportion of Th2 cells in bronchoalveolar lavage fluid is associated with greater deterioration of lung function in fibrosing interstitial lung diseases. Trial registration: This study was was registered in the UMIN Clinical Trials Registry (Registry ID UMIN000041871) on October 1, 2020.",2022,,N,retain,Direct target construct in the title.,retain,The title directly names PF-ILD/PPF.,retain_for_human_screening,"{""canonical_title"": true, ""canonical_any"": true, ""ppf_title"": false, ""ppf_any"": false, ""ppf_acronym"": false, ""ild_context_hits"": [""interstitial lung disease"", ""interstitial lung diseases""], ""treatment_context_hits"": [""nintedanib"", ""pirfenidone"", ""antifibrotic"", ""forced vital capacity""], ""exclusion_context_hits"": [], ""generic_ppf"": false, ""ipf_only"": false, ""source_type"": ""PPR""}",not reviewed
PPR,PPR426184,,,10.1101/2021.11.28.470269,COVID-19 lung disease shares driver AT2 cytopathic features with Idiopathic pulmonary fibrosis,"<h4>ABSTRACT</h4>  <h4>Background</h4>  In the aftermath of Covid-19, some patients develop a fibrotic lung disease, i.e.,  p ost-  C OVID-19  l ung  d isease (PCLD), for which we currently lack insights into pathogenesis, disease models, or treatment options.  <h4>Method</h4>  Using an AI-guided approach, we analyzed > 1000 human lung transcriptomic datasets associated with various lung conditions using two viral pandemic signatures (ViP and sViP) and one covid lung-derived signature. Upon identifying similarities between COVID-19 and idiopathic pulmonary fibrosis (IPF), we subsequently dissected the basis for such similarity from molecular, cytopathic, and immunologic perspectives using a panel of IPF-specific gene signatures, alongside signatures of alveolar type II (AT2) cytopathies and of prognostic monocyte-driven processes that are known drivers of IPF. Transcriptome-derived findings were used to construct protein-protein interaction (PPI) network to identify the major triggers of AT2 dysfunction. Key findings were validated in hamster and human adult lung organoid (ALO) pre-clinical models of COVID-19 using immunohistochemistry and qPCR. <h4>Findings</h4>  COVID-19 resembles IPF at a fundamental level; it recapitulates the gene expression patterns (ViP and IPF signatures), cytokine storm (IL15-centric), and the AT2 cytopathic changes, e.g., injury, DNA damage, arrest in a transient, damage-induced progenitor state, and senescence-associated secretory phenotype (SASP). These immunocytopathic features were induced in pre-clinical COVID models (ALO and hamster) and reversed with effective anti-CoV-2 therapeutics in hamsters. PPI-network analyses pinpointed ER stress as one of the shared early triggers of both diseases, and IHC studies validated the same in the lungs of deceased subjects with COVID-19 and SARS-CoV-2-challenged hamster lungs. Lungs from  tg - mice, in which ER stress is induced specifically in the AT2 cells, faithfully recapitulate the host immune response and alveolar cytopathic changes that are induced by SARS-CoV-2.  <h4>Interpretation</h4>  Like IPF, COVID-19 may be driven by injury-induced ER stress that culminates into progenitor state arrest and SASP in AT2 cells. The ViP signatures in monocytes may be key determinants of prognosis. The insights, signatures, disease models identified here are likely to spur the development of therapies for patients with IPF and other fibrotic interstitial lung diseases. <h4>Funding</h4>  This work was supported by the National Institutes for Health grants R01-GM138385 and AI155696 and funding from the Tobacco-Related disease Research Program (R01RG3780). <h4>One Sentence Summary</h4>  Severe COVID-19 triggers cellular processes seen in fibrosing Interstitial Lung Disease <h4>RESEARCH IN CONTEXT</h4>  <h4>Evidence before this study</h4>  In its aftermath, the COVID-19 pandemic has left many survivors, almost a third of those who recovered, with a mysterious long-haul form of the disease which culminates in a fibrotic form of interstitial lung disease (post-COVID-19 ILD). Post-COVID-19 ILD remains a largely unknown entity. Currently, we lack insights into the core cytopathic features that drive this condition. <h4>Added value of this study</h4>  Using an AI-guided approach, which involves the use of sets of gene signatures, protein-protein network analysis, and a hamster model of COVID-19, we have revealed here that COVID-19 -lung fibrosis resembles IPF, the most common form of ILD, at a fundamental level—showing similar gene expression patterns in the lungs and blood, and dysfunctional AT2 processes (ER stress, telomere instability, progenitor cell arrest, and senescence). These findings are insightful because AT2 cells are known to contain an elegant quality control network to respond to intrinsic or extrinsic stress; a failure of such quality control results in diverse cellular phenotypes, of which ER stress appears to be a point of convergence, which appears to be sufficient to drive downstream fibrotic remodeling in the lung. <h4>Implications of all the available evidence</h4>  Because unbiased computational methods identified the shared fundamental aspects of gene expression and cellular processes between COVID-19 and IPF, the impact of our findings is likely to go beyond COVID-19 or any viral pandemic. The insights, tools (disease models, gene signatures, and biomarkers), and mechanisms identified here are likely to spur the development of therapies for patients with IPF and, other fibrotic interstitial lung diseases, all of whom have limited or no treatment options. To dissect the validated prognostic biomarkers to assess and track the risk of pulmonary fibrosis and develop therapeutics to halt fibrogenic progression.",2021,,N,adjudicate,Insufficient information for sensitivity-safe disposition.,exclude_candidate,No sufficiently direct PF-ILD/PPF focus under specificity-first review.,internal_adjudication_required,"{""canonical_title"": false, ""canonical_any"": false, ""ppf_title"": false, ""ppf_any"": false, ""ppf_acronym"": false, ""ild_context_hits"": [""interstitial lung disease"", ""interstitial lung diseases""], ""treatment_context_hits"": [], ""exclusion_context_hits"": [""mice"", ""post-covid"", ""covid-19""], ""generic_ppf"": false, ""ipf_only"": false, ""source_type"": ""PPR""}",not reviewed
PPR,PPR409367,,,10.21203/rs.3.rs-961630/v1,Anti-UBE2T antibody: a novel biomarker of progressive-fibrosing interstitial lung disease,"<title>Abstract</title>  <p>Background  Antifibrotic therapy has demonstrated efficacy against progressive-fibrosing interstitial lung disease (PF-ILD); therefore, it has become a priority to identify disease behavior before disease presentation. As autoimmunity is implicated in the pathogenesis of various ILDs, we explored the possibility of a circulating biomarker that can predict the chronic progressive behavior of ILDs. Methods  A single-center retrospective cohort study was conducted to investigate a biomarker of PF-ILD. Circulating autoantibodies against 9,483 purified full-length human recombinant proteins of patients with interstitial pneumonia were screened by microarray analysis. The candidate auto-antibodies were verified their existence by multiples solution assay. In addition, enzyme-linked immunosorbent assay (ELISA) was performed in larger sample sets to evaluate accurate sensitivity, specificity and clinical significance in ILDs. Results  In total, 61 healthy subjects and 87 patients with various ILDs enrolled in this study. Anti-UBE2T antibody was discovered by performing protein microarray and multiplex solution assay as a candidate biomarker of ILDs. By measuring its concentration by ELISA, anti-ubiquitin-conjugating enzyme E2T (UBE2T) antibody levels were significantly higher in patients with idiopathic interstitial pneumonias (IIPs), especially in those with PF-ILDs, than in healthy participants. The receiver operating characteristic analysis of anti-UBE2T antibody in diagnosing PF-ILD was calculated. The area under the curve was 0.85 and yielded a cut-off value of 238.1 ng/mL. Anti-UBE2T antibody-positive IIP patients demonstrated significantly higher ILD-gender age physiology scores, PF-ILD diagnosis rates and were more likely to develop honeycomb structures than anti-UBE2T-negative IIP patients after two years of follow up. The anti-UBE2T antibody positivity did not correlate with other commercial biomarkers such as KL-6 and commercial autoantibodies, suggesting the presence of anti-UBE2T antibody was independent of the others. Immunohistochemical staining of UBE2T in normal lungs was observed sparsely in the bronchiole epithelium and macrophages. Controversially, idiopathic pulmonary fibrosis lung tissue showed robust expression of the UBE2T protein in the lining epithelium of honeycomb structures. Conclusion  This is the first report to describe anti-UBE2T antibody, a new biomarker that is significantly elevated in idiopathic PF-ILDs. This new antibody may constitute a sensitive biomarker to detect cases of PF-ILDs that are not currently detected by commercially available biomarkers.</p>",2021,,N,retain,Direct target construct in the title.,retain,The title directly names PF-ILD/PPF.,retain_for_human_screening,"{""canonical_title"": true, ""canonical_any"": true, ""ppf_title"": false, ""ppf_any"": false, ""ppf_acronym"": false, ""ild_context_hits"": [""interstitial lung disease""], ""treatment_context_hits"": [""antifibrotic""], ""exclusion_context_hits"": [], ""generic_ppf"": false, ""ipf_only"": false, ""source_type"": ""PPR""}",not reviewed
PPR,PPR377499,,,10.21203/rs.3.rs-729282/v1,Integration of Transcriptomic and Proteomic Profiles Identifies Potential Biomarkers in Idiopathic Pulmonary Fibrosis,"<title>Abstract</title>  <p>Idiopathic pulmonary fibrosis (IPF) is an interstitial lung disease characterized by chronic progressive pulmonary fibrosis and a poor prognosis. Till now, no studies have been reported on revealing mechanisms and identifying biomarkers by integratively analyzing transcriptome and proteomes of IPF patients. Here we examined the landscape of IPF patients' gene expression in the transcription and translation phases and investigated the expression and functions of two new potential biomarkers. Differentially expressed (DE) mRNAs were mainly enriched in pathways of immune system activities and inflammatory responses, while DE proteins are associated with extracellular matrix production and wound repair. The upregulated genes in both phases are associated with wound repair and cell differentiation, while the downregulated genes in both phases are associated with reduced immune activities and the damage of the alveolar tissues. On this basis, we identified thirteen potential marker genes. Among them, we validated the expression changes of BTNL9 and PLLP and investigated their functional pathways in the IPF mechanism. Both genes are downregulated in the tissues of IPF patients and Bleomycin-induced mice, and co-expression analysis indicates that they have a protective effect by inhibiting extracellular matrix production and promoting wound repair in alveolar epithelial cells.</p>",2021,,N,retain,"Target terminology supported by ILD, treatment or PPF context.",exclude_candidate,No sufficiently direct PF-ILD/PPF focus under specificity-first review.,internal_adjudication_required,"{""canonical_title"": false, ""canonical_any"": false, ""ppf_title"": false, ""ppf_any"": true, ""ppf_acronym"": false, ""ild_context_hits"": [""interstitial lung disease""], ""treatment_context_hits"": [], ""exclusion_context_hits"": [""mice""], ""generic_ppf"": false, ""ipf_only"": false, ""source_type"": ""PPR""}",not reviewed
PPR,PPR375303,,,10.21203/rs.3.rs-713223/v1,Periostin: A Biomarker Useful in Treating Patients with Progressive Fibrosing Interstitial Lung Diseases,"<title>Abstract</title>  <p><bold>Background: </bold>The concept of progressive fibrosing interstitial lung diseases (PF-ILD) has been recently proposed to describe a progressive phenotype in fibrosing ILDs, separate from the classical differential diagnosis of ILDs. However, we still do not know enough about how we can differentiate PF-ILD patients from non–PF-ILD patients in advance or how we can predict decline of lung function in PF-ILD patients. Periostin is a matricellular protein playing a critical role in the pathogenesis of pulmonary fibrosis significantly high in idiopathic pulmonary fibrosis patients. <bold>Methods:</bold> In this study, we applied three periostin ELISA systems—an original ELISA system recognizing total periostin, an ELISA system recognizing only the monomeric periostin, and a modified ELISA system that can measure periostin independently of the IgA complex established in this study—to serum from idiopathic interstitial pneumonia (IIP) patients to address whether periostin can differentiate PF-ILD from non–PF-ILD patients in advance, whether periostin can predict the decline of lung function in PF-ILD patients, and which ELISA system for periostin is the most suitable for these purposes.<bold>Results:</bold> We established the modified ELISA system using SS16A recognizing the R3 domain instead of SS18A recognizing the R1 domain as the primary mAb that can measure periostin independently of the IgA complex. All periostin values found by the three systems were significantly higher in PF-ILD patients than in healthy subjects in addition to SP-D and KL-6, whereas all the periostin values, but not SP-D or KL-6, could differentiate PF-ILD patients from patients with IIP other than PF-ILD, in the order of the monomer system, the modified system, and the original system. Moreover, the periostin values by all three systems, but not SP-D or KL-6, showed significant correlations with decline of either %VC or <italic>D</italic><sub>L, CO</sub>, in order of the monomer system, the modified system, and the original system.<bold>Conclusions:</bold> Serum periostin, but not SP-D and KL-6, differentiates PF-ILD from non–PF-ILD and predicts decline of lung function in PF-ILD patients. The monomer periostin ELISA system is the best at doing so. These results demonstrate that periostin, particularly the monomeric form, is useful in treating PF-ILD patients.</p>",2021,,N,retain,Direct target construct in the title.,retain,The title directly names PF-ILD/PPF.,retain_for_human_screening,"{""canonical_title"": true, ""canonical_any"": true, ""ppf_title"": false, ""ppf_any"": false, ""ppf_acronym"": false, ""ild_context_hits"": [""interstitial lung disease"", ""interstitial lung diseases"", ""fibrosing ild""], ""treatment_context_hits"": [], ""exclusion_context_hits"": [], ""generic_ppf"": false, ""ipf_only"": false, ""source_type"": ""PPR""}",not reviewed
PMC,PMC8135629,,PMC8135629,,P147 Safety of AbatacePt in Rheumatoid arthritis associated Interstitial Lung disease (APRIL),"Abstract Background/Aims  Interstitial lung disease (ILD) is the commonest extra-articular complication of rheumatoid arthritis (RA) and is associated with a median survival of 3-8 years. Although biologic therapies are effective for synovitis, they can exacerbate the ILD. RA patients with significant ILD but minimal synovitis have limited therapeutic options. Case reports and retrospective analyses suggest that Abatacept may have efficacy in RA-ILD. However, use of potent immunosuppression in patients with chronic lung disease may increase the incidence of lower respiratory tract infection (LRTI). The purpose of this prospective study was to evaluate the safety of Abatacept in patients with progressive RA-ILD. Methods  This was a prospective, open-label, study of 19 RA patients (2010 ACR/EULAR criteria) with ILD. Patients were included if either serial thoracic computed tomography (CT) or pulmonary function tests (PFT) indicated progressive ILD over the preceding 14 months. Intravenous Abatacept was administered at baseline, 2, 4, 8, 12, 16 and 20 weeks. PFTs, thoracic CT scan and questionnaires were performed at baseline and week 20. The number of LRTI was recorded. Primary outcome: change in Forced Vital Capacity (FVC). Secondary outcomes: Transfer Factor (TLCOc), King’s Brief Interstitial Lung Disease (K-BILD) Questionnaire, the Leicester Cough Questionnaire (LCQ) and radiological scores (percentage involvement of lung fields scored separately for ground-glass opacification, fibrosis, honeycombing and consolidation). Results  Preliminary data from the study are reported. Ten patients completed the study: 6 male, 6 ex-smokers, mean age 68±8.21 years, mean RA duration 6±5.4 years. The APRIL study was terminated due to safety concerns in the context of COVID-19 pandemic; nine patients were withdrawn for this reason. LRTI occurred in 4 patients (one patient had 2 LRTI). There were no serious adverse reactions. The mean FVC remained stable during the course of the study. There was a trend towards improvement in the LCQ and improvement in the K-BILD score. ILD-related changes on thoracic CT were stable in 9 of the patients. Conclusion  Our data indicates that abatacept has an acceptable safety profile in progressive pulmonary fibrosis associated with RA-ILD. This small dataset also suggests that ILD has not progressed during the period of treatment.
P147 Table 1: Summary of outcomes after 20 weeks’ treatment with Abatacept in RA patients with progressive interstitial lung diseaseN = 10Baseline20 WeekFVC (L)2.78 ± 0.903.0 ± 0.89TLCOc (mmol/min/kPa)3.75 ± 1.033.72 ± 1.00K-BILD49.10 ± 5.5054.40 ± 6.0LCQ4.78 ± 1.514.82 ± 1.32 Disclosure  T. Gudu: None. C. Stober: None. M. Fifield: None. J. Babar: None. A. Ostor: None. H. Parfrey: None. F. Hall: Grants/research support; FH has received a grant of £168k from Bristol Myers Squibb for the APRIL study.",2021,,Y,retain,"Target terminology supported by ILD, treatment or PPF context.",exclude_candidate,No sufficiently direct PF-ILD/PPF focus under specificity-first review.,internal_adjudication_required,"{""canonical_title"": false, ""canonical_any"": false, ""ppf_title"": false, ""ppf_any"": true, ""ppf_acronym"": false, ""ild_context_hits"": [""interstitial lung disease"", ""rheumatoid arthritis""], ""treatment_context_hits"": [""forced vital capacity"", ""fvc""], ""exclusion_context_hits"": [""covid-19""], ""generic_ppf"": false, ""ipf_only"": false, ""source_type"": ""PMC""}",not reviewed
ETH,839654,,,,The role of metabolic reprogramming in the pathogenesis of idiopathic pulmonary fibrosis,"Idiopathic pulmonary fibrosis (IPF) is a progressive fibrotic interstitial lung disease of unknown aetiology. It conveys a poor median survival of 3.5 years, a prognosis worse than many cancers. The pathomechanisms that contribute to IPF are not fully elucidated and treatment options remain limited. Transforming growth factor-β (TGF-β) is a critical pro-fibrotic cytokine that drives fibroblast to myofibroblast differentiation resulting in excessive collagen deposition in the lung parenchyma. Subsequent distortion of the lung architecture leads to respiratory failure and ultimately death. Metabolic reprogramming underlies many diseases including cancer and akin to cancer, enhanced 18F-FDG-PET has recently been observed in IPF patients, suggesting altered glucose metabolism may also be a feature of IPF pathology. There is emerging evidence that alterations in the metabolism of myofibroblasts may be critical in fibroproliferative pathobiology. Recent work from our laboratory has shown that activation of the mTOR axis, a key metabolic regulator, is critical for regulating myofibroblast collagen synthesis. This thesis identifies that TGF-β1 enhances the production of activating transcription factor 4 (ATF4), ... (continues)",2021,,N,retain,"Target terminology supported by ILD, treatment or PPF context.",adjudicate,Canonical terminology exists but direct document focus must be confirmed.,internal_adjudication_required,"{""canonical_title"": false, ""canonical_any"": true, ""ppf_title"": false, ""ppf_any"": false, ""ppf_acronym"": false, ""ild_context_hits"": [""interstitial lung disease""], ""treatment_context_hits"": [], ""exclusion_context_hits"": [], ""generic_ppf"": false, ""ipf_only"": false, ""source_type"": ""ETH""}",not reviewed
PPR,PPR255888,,,10.1101/2020.12.21.423817,Repurposing Nintedanib for Pathological Cardiac Remodeling and Dysfunction,"<h4>Background</h4>  Heart Failure (HF) is the leading cause of death worldwide. Myocardial fibrosis, one of the clinical manifestations implicated in almost every form of heart disease, contributes significantly to HF development. However, there is no approved drug specifically designed to target cardiac fibrosis. Nintedanib (NTB) is an FDA approved tyrosine kinase inhibitor for idiopathic pulmonary fibrosis (IPF) and chronic fibrosing interstitial lung diseases (ILD). The favorable clinical outcome of NTB in IPF patients is well established. Furthermore, NTB is well tolerated in IPF patients irrespective of cardiovascular comorbidities. However, there is a lack of direct evidence to support the therapeutic efficacy and safety of NTB in cardiac diseases. <h4>Methods and Results</h4>  We examined the effects of NTB treatment on cardiac fibrosis and dysfunction using a murine model of HF. Specifically, 10 weeks old C57BL/6J male mice were subjected to Transverse Aortic Constriction (TAC) surgery. NTB was administered once daily by oral gavage (50mg/kg) till 16 weeks post-TAC. Cardiac function was monitored by serial echocardiography. Histological analysis and morphometric studies were performed at 16 weeks post-TAC. In the control group, systolic dysfunction started developing from 4 weeks post-surgery and progressed till 16 weeks. However, NTB treatment prevented TAC-induced cardiac functional decline. In another experiment, NTB treatment was stopped at 8 weeks, and animals were followed till 16 weeks post-TAC. Surprisingly, NTB’s beneficial effect on cardiac function was maintained even after treatment interruption. NTB treatment remarkably reduced cardiac fibrosis as confirmed by Masson’s trichome staining and decreased expression of collagen genes (COL1A1, COL3A1). Compared to TAC group, NTB treated mice showed lower HW/TL ratio and cardiomyocyte cross-sectional area. Our  in vitro studies demonstrated that NTB prevents myofibroblast transformation, TGFβ1-induced SMAD3 phosphorylation, and production of fibrogenic proteins (Fibronectin-1). However, NTB significantly altered vital signaling pathways in both, isolated fibroblast and cardiomyocytes, suggesting that its biological effect and underlying cardiac protection mechanisms are not limited to fibroblast and fibrosis alone.  <h4>Conclusion</h4>  Our findings provide a proof of concept for repurposing NTB to combat adverse myocardial fibrosis and encourage the need for further validation in large animal models and subsequent clinical development for HF patients.",2020,,N,adjudicate,Insufficient information for sensitivity-safe disposition.,exclude_candidate,No sufficiently direct PF-ILD/PPF focus under specificity-first review.,internal_adjudication_required,"{""canonical_title"": false, ""canonical_any"": false, ""ppf_title"": false, ""ppf_any"": false, ""ppf_acronym"": false, ""ild_context_hits"": [""interstitial lung disease"", ""interstitial lung diseases""], ""treatment_context_hits"": [""nintedanib""], ""exclusion_context_hits"": [""mice"", ""murine"", ""in vitro""], ""generic_ppf"": false, ""ipf_only"": false, ""source_type"": ""PPR""}",not reviewed
PPR,PPR239372,,,10.1101/2020.11.16.20229591,The burden of Progressive Fibrotic Interstitial lung disease across the UK,"While Idiopathic pulmonary fibrosis (IPF) remains the exemplar progressive fibrotic lung disease, there remains a cohort of non-IPF fibrotic lung diseases (fILD) which adopt a similar clinical behaviour to IPF despite therap. This phenotypically related group of conditions, where progression of disease is similar to that seen in IPF, have recently been described as Progressive Fibrotic Interstitial Lung diseases (PF-ILD). Previous estimates suggest that between 18 to 40% of all fILD will develop progressive disease, however, the exact burden remains unknown. This retrospective, observational study therefore aimed to estimate the incidence of PF-ILD across England. All new referrals seen across nine UK centres for their first outpatient clinic appointment between 1st August 2017 and 31st January 2018 were assessed against the diagnostic criteria for PF-ILD laid out in the INBUILD trial. A total of 1749 patients with fILD were assessed. In this cohort of patients at risk of developing PF-ILD the INBUILD criteria were met in 14.5% (253/1749) of all new non-IPF fILD referrals. The average time from referral to specialist centre to diagnosis of progressive phenotype was 311 days. Of the progression events the majority were driven by a measured drop in FVC, with more than half of patients experiencing a drop of 10%. Almost one quarter of patients (24.1%) were diagnosed with progressive disease on the basis of radiological and symptomatic progression alone without a spirometric deterioration. This study represents a fair and balanced approach to assessing the incidence of objectively measurable and treatable PF-ILDs in the UK. A rate of 14.5% of new referrals with non-IPF ILD is less than that reported in previous studies however our methodology is likely to give a more accurate result than estimates based on extrapolation from general disease statistics, from physician-reported estimates prone to significant biases, or insurance claim processes also substantially prone to bias. This information has implication for workforce planning and the funding of anti-fibrotic therapy in the UK and beyond.",2020,,N,retain,Direct target construct in the title.,retain,The title directly names PF-ILD/PPF.,retain_for_human_screening,"{""canonical_title"": true, ""canonical_any"": true, ""ppf_title"": false, ""ppf_any"": false, ""ppf_acronym"": false, ""ild_context_hits"": [""interstitial lung disease"", ""interstitial lung diseases"", ""non-ipf""], ""treatment_context_hits"": [""anti-fibrotic"", ""inbuild"", ""fvc""], ""exclusion_context_hits"": [], ""generic_ppf"": false, ""ipf_only"": false, ""source_type"": ""PPR""}",not reviewed
PPR,PPR224787,,,10.21203/rs.3.rs-41987/v2,"Automated computed tomography quantification of fibrosis predicts prognosis in combined pulmonary fibrosis and emphysema in a real-world setting-A single-centre, retrospective study","<title>Abstract</title>  <p><bold>Background</bold>: Combined pulmonary fibrosis and emphysema (CPFE) is a heterogeneous clinico-radiological syndrome without a consensus definition. There are limited data on the relation between the amount of parenchymal fibrosis and prognosis. In this study, we assessed the prognostic implications of the extent of fibrosis assessed by an automated quantitative computed tomography (CT) technique and the radiological and functional change over time in patients with a broad spectrum of fibrotic interstitial lung diseases (ILDs) encountered in a real-world setting.<bold>Methods</bold>: We conducted a single-centre, retrospective study of 228 consecutive patients with CPFE, encountered from 2007 to 2015 at Kameda Medical Center, Chiba, Japan. We investigated the prognostic value of automated CT fibrosis quantification and the subsequent course of CPFE. <bold>Results</bold>: Among 228 patients with CPFE, 89 had fibrosis affecting <5% of their lungs, 54 had 5 to <10% fibrosis, and 85 had ≥10% fibrosis at the time of diagnosis. Lower volume of fibrosis correlated with lower rates of mortality and acute exacerbation (<italic>p</italic><0.001). In particular, among those with <5% fibrosis, only 4.5% died and none experienced acute exacerbation during follow-up, whereas 57.6% and 29.4% of those with ≥10% fibrosis experienced death and acute exacerbation, respectively. Although, the ≥10% fibrosis group had the poorest overall survival as well as the highest incidence of acute exacerbation, the incidence of decline in pulmonary function tests, change per year in total lung volume, and progression of fibrosis on chest CT was highest in the 5 to <10% fibrosis group. The Cox proportional hazard model for CPFE progression (defined by composite criteria of death, acute exacerbation, and decline in forced vital capacity or diffusing capacity) showed fibrosis proportion was a risk factor independent of age, sex, smoking pack-years, the <italic>Charlson</italic> Comorbidity Index, lung cancer, connective tissue disease, and idiopathic pulmonary fibrosis.<bold>Conclusions</bold>: Less severe (<5%) fibrosis at baseline was associated with disease stability and better prognosis compared to more severe fibrosis in CPFE occurring with fibrotic ILDs. Further studies including a validation cohort will be needed.<bold>Trial Registration:</bold> retrospectively registered</p>",2020,,N,adjudicate,Insufficient information for sensitivity-safe disposition.,exclude_candidate,No sufficiently direct PF-ILD/PPF focus under specificity-first review.,internal_adjudication_required,"{""canonical_title"": false, ""canonical_any"": false, ""ppf_title"": false, ""ppf_any"": false, ""ppf_acronym"": false, ""ild_context_hits"": [""interstitial lung disease"", ""interstitial lung diseases"", ""fibrotic ild"", ""connective tissue""], ""treatment_context_hits"": [""forced vital capacity""], ""exclusion_context_hits"": [], ""generic_ppf"": false, ""ipf_only"": false, ""source_type"": ""PPR""}",not reviewed
PPR,PPR194556,,,10.1101/2020.07.30.229567,Zinc Metabolic Defect of Aging Alveolar Progenitors in Progressive Pulmonary Fibrosis,"<h4>SUMMARY</h4>  Idiopathic pulmonary fibrosis (IPF) is a fatal form of interstitial lung disease and aging has been identified as a risk factor to the disease. Alveolar type II cells (AEC2s) function as progenitor cells in the lung. Growing evidences indicate that IPF results from repeating AEC2 injury and inadequate epithelial repair. We previously reported that there was a significant loss of alveolar progenitors in the lungs of patients with IPF. In our current study, we performed single cell RNA-seq of epithelial cells from lungs of patients with IPF and healthy donors as well as epithelial cells from old and young mouse lungs with bleomycin injury. We identified a defect of zinc metabolism of AEC2s from IPF lungs and bleomycin-injured old mouse lungs. We further discovered that a specific zinc transporter ZIP8 was down regulated in IPF AEC2s and AEC2s from aged mice. Loss of ZIP8 expression is associated with impaired AEC2 renewal through sirtuin signaling in aging and IPF. Targeted deletion of Zip8 in murine AEC2 compartment led to reduced AEC2 renewal capacity, impaired AEC2 recovery, and worsened lung fibrosis after bleomycin injury. In summary, we have identified novel metabolic defects of AEC2s during aging and in IPF which contribute to the pathogenesis of lung fibrosis. Therapeutic strategies to restore critical components of these metabolic programs could improve AEC2 progenitor activity and mitigate ongoing fibrogenesis. <h4>In Brief</h4>  Liang et al. performed single cell RNA-seq (scRNA-seq) of epithelial cells in IPF and in mice and discovered a zinc metabolic defect of alveolar progenitor cells (AEC2) in IPF and injured old mice characterized by down-regulation of a specific zinc transporter ZIP8. Manipulation of ZIP8 and zinc in 3D organoid culture of AEC2 in vitro and targeted deletion of Zip8 in AEC2s in vivo demonsrated a role of ZIP8 in promoting AEC2 progenitor function. <h4>Highlights</h4>  ScRNA-seq revealed dysregulation of zinc metabolism in AEC2s and decreased stem cell signaling in IPF Reduced  SLC39A8 and related gene expression of IPF AEC2s and aged mouse AEC2s  ZIP8-dependent zinc metabolism is required for AEC2 renewal Targeted deletion of  Slc39a8 impaired AEC2 renewal and promoted lung fibrosis",2020,,N,retain,Direct target construct in the title.,retain,The title directly names PF-ILD/PPF.,retain_for_human_screening,"{""canonical_title"": false, ""canonical_any"": false, ""ppf_title"": true, ""ppf_any"": true, ""ppf_acronym"": false, ""ild_context_hits"": [""interstitial lung disease""], ""treatment_context_hits"": [], ""exclusion_context_hits"": [""mouse"", ""mice"", ""murine"", ""in vitro""], ""generic_ppf"": false, ""ipf_only"": false, ""source_type"": ""PPR""}",not reviewed
PPR,PPR193245,,,10.21203/rs.3.rs-48065/v1,Mir-608 Overexpression in Idiopathic Pulmonary Fibrosis (IPF) is Related to Acetylcholinesterase Single Nucleotide Polymorphism (SNP),"<title>Abstract</title>  <p><bold>Background</bold>: Idiopathic pulmonary fibrosis (IPF) is a chronic progressive disease that causes scarring of the lungs. The disease is associated with the Usual Interstitial Pneumonia (UIP) pattern, which was not yet fully recapitulated by an animal model. Therefore, the disease is considered ‘human specific’. miRNA-608 is a primate specific miRNA with many potential targets, such CdC42 and Interlukin-6 (IL-6) that were previously implicated in IPF pathology. <bold>Objective</bold>: To test miR-608 expression and its targets in IPF patient samples.<bold>Methods</bold>: RNA was extracted from Formalin fixed paraffin embedded (FFPE) tissue sections (N=18). miRNA-608 expression and Cdc42 and IL-6 levels were analyzed by qPCR. Acetylcholinesterase (AChE) is another target of miRNA-608. Its' rs17228616 allele has a single-nucleotide polymorphism (SNP) causing weakened miR-608 interaction (C2098A). Thus, DNA was extracted from whole blood samples from 56 subjects with fibrosing interstitial lung disease (ILD) and this region was sequenced for assessment of rs17228616 allele polymorphism.<bold>Results</bold>: MiR-608 is significantly overexpressed in IPF samples, in comparison with controls (p<0.05). Cdc42 and IL-6 levels were lower in the IPF patient samples compared with control samples (p<0.001 and p<0.05, respectively). The frequency of the rs17228616 minor A-allele was 17/56 (30.4%) with all patients being heterozygous. This result is significant vs. the published Israeli cohort of healthy individuals, which reported 17% prevalence of this allele in healthy control volunteers (p=0.01, OR = 2.1, CI 95% [1.19-3.9]).<bold>Conclusion</bold>: MiR-608 is overexpressed in IPF patients. While the exact mechanism remains to be discovered, it could potentially promote fibrotic disease.</p>",2020,,N,adjudicate,Insufficient information for sensitivity-safe disposition.,exclude_candidate,No sufficiently direct PF-ILD/PPF focus under specificity-first review.,internal_adjudication_required,"{""canonical_title"": false, ""canonical_any"": false, ""ppf_title"": false, ""ppf_any"": false, ""ppf_acronym"": false, ""ild_context_hits"": [""interstitial lung disease""], ""treatment_context_hits"": [], ""exclusion_context_hits"": [], ""generic_ppf"": false, ""ipf_only"": false, ""source_type"": ""PPR""}",not reviewed
PPR,PPR166190,,,10.21203/rs.3.rs-29692/v1,Causes of acute respiratory hospitalizations predict survival in fibrosing interstitial lung diseases,"<title>Abstract</title>  <p>Background  Acute exacerbation of ILD (AE-ILD) is a common reason for hospitalization; it is also associated with significant mortality. Less is known about the prognostic significance of other events causing acute, non-elective hospitalizations in ILD patients. Methods  ILD patients hospitalized due to acute respiratory worsening were collected from medical records. Reasons for respiratory deterioration were classified into AE-ILDs and other causes. Clinical features and survival data of idiopathic pulmonary fibrosis (IPF) and other types of ILDs were evaluated and compared. Results  In all, 237 patients (138 with IPF and 99 with other ILD) fulfilled the inclusion criteria. Of the non-IPF ILD types, the most prevalent subgroups were connective tissue disease-associated ILD (n = 33) and asbestosis (n = 22). The most common cause for hospitalization was AE-ILD explaining 41% of hospitalizations. Lower respiratory tract infection (22%), subacute progression of ILD (12%) and cardiovascular causes (7.2%) were other common reasons for hospital treatment. Patients with a lower respiratory tract infection had a more favorable prognosis compared with patients with AE-ILD. AE-ILDs were less fatal than cardiovascular or concurrent non-ILD-related causes for hospitalizations in non-IPF patients. High Gender-Age-Physiology (GAP) index was a marker for shortened survival and earlier AE-ILDs in all patients. IPF patients had a significantly shorter overall and post-hospitalization survival time compared with other ILDs. Conclusions  Most respiratory hospitalizations in ILD patients were related to causes other than AE-ILD, which highlights the importance of accurate differential diagnosis in order to target the appropriate treatment for each ILD patient.</p>",2020,,N,adjudicate,Insufficient information for sensitivity-safe disposition.,exclude_candidate,No sufficiently direct PF-ILD/PPF focus under specificity-first review.,internal_adjudication_required,"{""canonical_title"": false, ""canonical_any"": false, ""ppf_title"": false, ""ppf_any"": false, ""ppf_acronym"": false, ""ild_context_hits"": [""interstitial lung disease"", ""interstitial lung diseases"", ""non-ipf"", ""connective tissue""], ""treatment_context_hits"": [], ""exclusion_context_hits"": [], ""generic_ppf"": false, ""ipf_only"": false, ""source_type"": ""PPR""}",not reviewed
PPR,PPR164373,,,10.21203/rs.3.rs-18084/v2,Human epididymis protein 4 is a new biomarker to predict the prognosis of progressive fibrosing interstitial lung disease,"<title>Abstract</title>  <p>BACKGROUND The clinical course and prognosis of progressive fibrosing interstitial lung diseases ( PF-ILDs) vary from individual to individual. Predictive serum biomarkers for the management of the disease are needed. Serum human epididymis protein 4 (HE4) has been reported to be elevated in patients with IPF, yet its clinical utility has not been elucidated. We evaluated whether serum HE4 could be a biomarker for patients with PF-ILD. METHODS Serum HE4 was measured in a retrospective study that consisted of 34 patients with PF-ILD and 40 healthy volunteers. The relationship between serum HE4 levels and clinical parameters or prognosis was investigated. To validate the significance of the results, a prospective observational study that consisted of 37 patients with PF-ILD and 40 control patients without PF-ILD was performed.RESULTS Serum HE4 was higher in patients with PF-ILD than in health volunteers ( P < 0.01). A correlation of the serum HE4 levels with the extent of honeycombing on chest high-resolution computed tomography was identified (r = 0.41, P = 0.015). In multivariate analysis by the Cox proportional hazard model, higher HE4 levels (> 238 pmol/l) were associated with elevated mortality risk (HR 7.27, 95% CI 1.56-34.0, P = 0.01 in the derivation cohort; HR 44.3, 95% CI 4.19-468, P < 0.01 in validation cohort). CONCLUSIONS Serum HE4 levels may serve as a new diagnostic and prognostic biomarker for patients with PF-ILD.</p>",2020,,N,retain,Direct target construct in the title.,retain,The title directly names PF-ILD/PPF.,retain_for_human_screening,"{""canonical_title"": true, ""canonical_any"": true, ""ppf_title"": false, ""ppf_any"": false, ""ppf_acronym"": false, ""ild_context_hits"": [""interstitial lung disease"", ""interstitial lung diseases""], ""treatment_context_hits"": [], ""exclusion_context_hits"": [], ""generic_ppf"": false, ""ipf_only"": false, ""source_type"": ""PPR""}",not reviewed
PPR,PPR109744,,,10.1101/2020.01.21.914440,A defect in thymic tolerance causes T cell-mediated autoimmunity in a murine model of COPA syndrome,"COPA syndrome is a recently described Mendelian autoimmune disorder caused by missense mutations in the  Coatomer protein complex subunit alpha (COPA) gene. Patients with COPA syndrome develop arthritis and lung disease that presents as pulmonary hemorrhage or interstitial lung disease (ILD). Immunosuppressive medications can stabilize the disease, but many patients develop progressive pulmonary fibrosis that requires life-saving measures such as lung transplantation. Because very little is understood about the pathogenesis of COPA syndrome, it has been difficult to devise effective treatments for patients. To date, it remains unknown which cell types are critical for mediating the disease as well as the mechanisms that lead to autoimmunity. To explore these issues, we generated a  Copa  E241K/+ germline knock-in mouse bearing one of the same  Copa missense mutations in patients. Mutant mice spontaneously developed ILD that mirrors lung pathology in patients, as well as elevations of activated cytokine-secreting T cells. Here we show that mutant Copa in epithelial cells of the thymus impairs the thymic selection of T cells and results in both an increase in autoreactive T cells and decrease in regulatory T cells in peripheral tissues. We demonstrate that T cells from  Copa  E241K/+ mice are pathogenic and cause ILD through adoptive transfer experiments. In conclusion, we establish a new mouse model of COPA syndrome to identify a previously unknown function for Copa in thymocyte selection and demonstrate that a defect in central tolerance is a putative mechanism by which  COPA mutations lead to autoimmunity in patients.  <h4>One Sentence Summary</h4>  A new mouse model of COPA syndrome develops lung pathology that recapitulates patients and reveals that T cells are important drivers of the disease.",2020,,N,retain,"Target terminology supported by ILD, treatment or PPF context.",exclude_candidate,No sufficiently direct PF-ILD/PPF focus under specificity-first review.,internal_adjudication_required,"{""canonical_title"": false, ""canonical_any"": false, ""ppf_title"": false, ""ppf_any"": true, ""ppf_acronym"": false, ""ild_context_hits"": [""interstitial lung disease"", ""autoimmune""], ""treatment_context_hits"": [], ""exclusion_context_hits"": [""mouse"", ""mice"", ""murine""], ""generic_ppf"": false, ""ipf_only"": false, ""source_type"": ""PPR""}",not reviewed
PPR,PPR99914,,,10.1101/820175,Senescence of alveolar stem cells drives progressive pulmonary fibrosis,"Tissue fibrosis is a common pathological outcome of chronic disease that markedly impairs organ function leading to morbidity and mortality. In the lung, idiopathic pulmonary fibrosis (IPF) is an insidious and fatal interstitial lung disease associated with declining pulmonary function. Here, we show that alveolar type 2 (AT2) stem cells isolated from IPF lung tissue exhibit characteristic transcriptomic features of cellular senescence. We used conditional loss of Sin3a in adult mouse AT2 cells to initiate a program of p53-dependent cellular senescence, AT2 cell depletion, and spontaneous, progressive pulmonary fibrosis. We establish that senescence rather than loss of epithelial stem cells serves as a proximal driver of Tgfβ activation and progressive fibrosis and show that either genetic or pharmacologic interventions targeting p53 activation, senescence, or downstream Tgfβ activation, block fibrogenesis.",2019,,N,retain,Direct target construct in the title.,retain,The title directly names PF-ILD/PPF.,retain_for_human_screening,"{""canonical_title"": false, ""canonical_any"": false, ""ppf_title"": true, ""ppf_any"": true, ""ppf_acronym"": false, ""ild_context_hits"": [""interstitial lung disease""], ""treatment_context_hits"": [], ""exclusion_context_hits"": [""mouse""], ""generic_ppf"": false, ""ipf_only"": false, ""source_type"": ""PPR""}",not reviewed
PPR,PPR43809,,,10.12688/f1000research.8209.1,Recent advances in understanding idiopathic pulmonary fibrosis,"Despite major research efforts leading to the recent approval of pirfenidone and nintedanib, the dismal prognosis of idiopathic pulmonary fibrosis (IPF) remains unchanged. The elaboration of international diagnostic criteria and disease stratification models based on clinical, physiological, radiological, and histopathological features has improved the accuracy of IPF diagnosis and prediction of mortality risk. Nevertheless, given the marked heterogeneity in clinical phenotype and the considerable overlap of IPF with other fibrotic interstitial lung diseases (ILDs), about 10% of cases of pulmonary fibrosis remain unclassifiable. Moreover, currently available tools fail to detect early IPF, predict the highly variable course of the disease, and assess response to antifibrotic drugs. Recent advances in understanding the multiple interrelated pathogenic pathways underlying IPF have identified various molecular phenotypes resulting from complex interactions among genetic, epigenetic, transcriptional, post-transcriptional, metabolic, and environmental factors. These different disease endotypes appear to confer variable susceptibility to the condition, differing risks of rapid progression, and, possibly, altered responses to therapy. The development and validation of diagnostic and prognostic biomarkers are necessary to enable a more precise and earlier diagnosis of IPF and to improve prediction of future disease behaviour. The availability of approved antifibrotic therapies together with potential new drugs currently under evaluation also highlights the need for biomarkers able to predict and assess treatment responsiveness, thereby allowing individualised treatment based on risk of progression and drug response. This approach of disease stratification and personalised medicine is already used in the routine management of many cancers and provides a potential road map for guiding clinical care in IPF.",2016,,N,adjudicate,Insufficient information for sensitivity-safe disposition.,exclude_candidate,No sufficiently direct PF-ILD/PPF focus under specificity-first review.,internal_adjudication_required,"{""canonical_title"": false, ""canonical_any"": false, ""ppf_title"": false, ""ppf_any"": false, ""ppf_acronym"": false, ""ild_context_hits"": [""interstitial lung disease"", ""interstitial lung diseases"", ""unclassifiable""], ""treatment_context_hits"": [""nintedanib"", ""pirfenidone"", ""antifibrotic""], ""exclusion_context_hits"": [], ""generic_ppf"": false, ""ipf_only"": false, ""source_type"": ""PPR""}",not reviewed
ETH,695828,,,,Adapting and evaluating a Hospital2Home case conference service for patients with severe Progressive Idiopathic Fibrotic Interstitial Lung Disease,"Patients with Progressive Idiopathic Fibrotic Interstitial Lung Diseases (PIF-ILD) have a median survival of 3 years. Research into the palliative care needs of these patients is limited. The Hospital2Home (H2H) case conference (CC) is a new multi-professional, patient centred intervention at the end-of-life. Individualised care plans provide a comprehensive Palliative Care assessment with follow up. Research into use of H2H in the UK or the non-malignant setting has not been carried out. This thesis describes a study which aimed to develop and evaluate H2H in PIF-ILD. The study followed the Medical Research Council’s (MRC) guidance on developing and evaluating complex interventions, focussing on the Development and Feasibility/Piloting stages and using a sequential mixed methods study design. The Development stage included a systematic review which showed a paucity of interventions to improve symptoms and quality of life (Qol). Qualitative in-depth interviews of 18 patients, informal caregivers and HPs showed that patients had uncontrolled symptoms which profoundly impacted on every part of patients’ and informal caregivers’ lives. There was good understanding of the terminal nature of PIF-ILD but a ... (continues)",2016,,N,adjudicate,Insufficient information for sensitivity-safe disposition.,exclude_candidate,No sufficiently direct PF-ILD/PPF focus under specificity-first review.,internal_adjudication_required,"{""canonical_title"": false, ""canonical_any"": false, ""ppf_title"": false, ""ppf_any"": false, ""ppf_acronym"": false, ""ild_context_hits"": [""interstitial lung disease"", ""interstitial lung diseases""], ""treatment_context_hits"": [], ""exclusion_context_hits"": [], ""generic_ppf"": false, ""ipf_only"": false, ""source_type"": ""ETH""}",not reviewed
